✓ Initialized. View run at 
https://modal.com/apps/seo-40141/main/ap-lSQuYp1meZNdWQvPGd3sLW
✓ Created objects.
├── 🔨 Created mount 
│   /home/user/Desktop/SAPTARSHI_ALT/steer_information_Saptarshi/sib_vla/multivl
│   a/smolvla_modal/smolvla_modal.py
├── 🔨 Created function validate.
└── 🔨 Created function eval_cell.
launching 24 cells in parallel...

==========
== CUDA ==
==========

CUDA Version 12.4.1

Container image Copyright (c) 2016-2023, NVIDIA CORPORATION & AFFILIATES. All rights reserved.

This container image and its contents are governed by the NVIDIA Deep Learning Container License.
By pulling and using the container, you accept the terms and conditions of this license:
https://developer.nvidia.com/ngc/nvidia-deep-learning-container-license

A copy of this license is made available in this container at /NGC-DL-CONTAINER-LICENSE for your convenience.

[cell START] object/gaussian_noise_1/baseline n_envs=10 tasks=0,1,2,3,4,5,6,7,8,9 ep=10 record=False

==========
== CUDA ==
==========

CUDA Version 12.4.1

Container image Copyright (c) 2016-2023, NVIDIA CORPORATION & AFFILIATES. All rights reserved.

This container image and its contents are governed by the NVIDIA Deep Learning Container License.
By pulling and using the container, you accept the terms and conditions of this license:
https://developer.nvidia.com/ngc/nvidia-deep-learning-container-license

A copy of this license is made available in this container at /NGC-DL-CONTAINER-LICENSE for your convenience.


==========
== CUDA ==
==========

CUDA Version 12.4.1

Container image Copyright (c) 2016-2023, NVIDIA CORPORATION & AFFILIATES. All rights reserved.

This container image and its contents are governed by the NVIDIA Deep Learning Container License.
By pulling and using the container, you accept the terms and conditions of this license:
https://developer.nvidia.com/ngc/nvidia-deep-learning-container-license

A copy of this license is made available in this container at /NGC-DL-CONTAINER-LICENSE for your convenience.

====

======
== CUDA ==
==========

CUDA Version 12.4.1

Container image Copyright (c) 2016-2023, NVIDIA CORPORATION & AFFILIATES. All rights reserved.

This container image and its contents are governed by the NVIDIA Deep Learning Container License.
By pulling and using the container, you accept the terms and conditions of this license:
https://developer.nvidia.com/ngc/nvidia-deep-learning-container-license

A copy of this license is made available in this container at /NGC-DL-CONTAINER-LICENSE for your convenience.

==========
== CUDA ==
==========

CUDA Version 12.4.1

Container image Copyright (c) 2016-2023, NVIDIA CORPORATION & AFFILIATES. All rights reserved.

This container image and its contents are governed by the NVIDIA Deep Learning Container License.
By pulling and using the container, you accept the terms and conditions of this license:
https://developer.nvidia.com/ngc/nvidia-deep-learning-container-license

A copy of this license is made available in this container at /NGC-DL-CONTAINER-LICENSE for your convenience.


==========
== CUDA ==
==========

CUDA Version 12.4.1

Container image Copyright (c) 2016-2023, NVIDIA CORPORATION & AFFILIATES. All rights reserved.

This container image and its contents are governed by the NVIDIA Deep Learning Container License.
By pulling and using the container, you accept the terms and conditions of this license:
https://developer.nvidia.com/ngc/nvidia-deep-learning-container-license

A copy of this license is made available in this container at /NGC-DL-CONTAINER-LICENSE for your convenience.

[cell START] goal/motion_blur_1/baseline n_envs=10 tasks=0,1,2,3,4,5,6,7,8,9 ep=10 record=False
[cell START] object/motion_blur_1/baseline n_envs=10 tasks=0,1,2,3,4,5,6,7,8,9 ep=10 record=False
[cell START] goal/motion_blur_1/aegis n_envs=10 tasks=0,1,2,3,4,5,6,7,8,9 ep=10 record=False
[cell START] goal/lighting_1/aegis n_envs=10 tasks=0,1,2,3,4,5,6,7,8,9 ep=10 record=False
[cell START] goal/lighting_1/baseline n_envs=10 tasks=0,1,2,3,4,5,6,7,8,9 ep=10 record=False
[object/gaussian_noise_1/baseline] Loading  HuggingFaceTB/SmolVLM2-500M-Instruct weights ...
[object/gaussian_noise_1/baseline] `torch_dtype` is deprecated! Use `dtype` instead!
[goal/motion_blur_1/baseline] Loading  HuggingFaceTB/SmolVLM2-500M-Instruct weights ...
[goal/motion_blur_1/aegis] Loading  HuggingFaceTB/SmolVLM2-500M-Instruct weights ...
[goal/motion_blur_1/baseline] `torch_dtype` is deprecated! Use `dtype` instead!
[goal/motion_blur_1/aegis] `torch_dtype` is deprecated! Use `dtype` instead!
[goal/lighting_1/aegis] Loading  HuggingFaceTB/SmolVLM2-500M-Instruct weights ...
[goal/lighting_1/baseline] Loading  HuggingFaceTB/SmolVLM2-500M-Instruct weights ...
[goal/lighting_1/baseline] `torch_dtype` is deprecated! Use `dtype` instead!
[goal/lighting_1/aegis] `torch_dtype` is deprecated! Use `dtype` instead!
[object/motion_blur_1/baseline] Loading  HuggingFaceTB/SmolVLM2-500M-Instruct weights ...
[object/motion_blur_1/baseline] `torch_dtype` is deprecated! Use `dtype` instead!
[object/motion_blur_1/baseline] Reducing the number of VLM layers to 16 ...
[object/motion_blur_1/baseline] Loading weights from local directory
[goal/lighting_1/baseline] Reducing the number of VLM layers to 16 ...
[goal/lighting_1/aegis] Reducing the number of VLM layers to 16 ...
[object/motion_blur_1/baseline] [libero_v] method=baseline  TE=True  n_action_steps=1  H=50 d=7
[object/motion_blur_1/baseline] [robosuite WARNING] No private macro file found! (__init__.py:7)
[object/motion_blur_1/baseline] WARNING:robosuite_logs:No private macro file found!
[object/motion_blur_1/baseline] [robosuite WARNING] It is recommended to use a private macro file (__init__.py:8)
[object/motion_blur_1/baseline] WARNING:robosuite_logs:It is recommended to use a private macro file
[object/motion_blur_1/baseline] [robosuite WARNING] To setup, run: python /usr/local/lib/python3.11/site-packages/robosuite/scripts/setup_macros.py (__init__.py:9)
[object/motion_blur_1/baseline] WARNING:robosuite_logs:To setup, run: python /usr/local/lib/python3.11/site-packages/robosuite/scripts/setup_macros.py
[goal/motion_blur_1/baseline] Reducing the number of VLM layers to 16 ...
[goal/motion_blur_1/aegis] Reducing the number of VLM layers to 16 ...
[object/motion_blur_1/baseline] Gym has been unmaintained since 2022 and does not support NumPy 2.0 amongst other critical functionality.
[object/motion_blur_1/baseline] Please upgrade to Gymnasium, the maintained drop-in replacement of Gym, or contact the authors of your software and request that they upgrade.
[object/motion_blur_1/baseline] Users of this version of Gym should be able to simply replace 'import gym' with 'import gymnasium as gym' in the vast majority of cases.
[object/motion_blur_1/baseline] See the migration guide at https://gymnasium.farama.org/introduction/migration_guide/ for additional information.
[object/motion_blur_1/baseline] [info] using task orders [0, 1, 2, 3, 4, 5, 6, 7, 8, 9]
[object/motion_blur_1/baseline] Creating LIBERO envs | suites=['libero_object'] | n_envs(per task)=10 | init_states=True
[object/motion_blur_1/baseline] Restricting to task_ids=[0]
[object/motion_blur_1/baseline] [info] using task orders [0, 1, 2, 3, 4, 5, 6, 7, 8, 9]
[object/motion_blur_1/baseline] [Warning]: datasets path /opt/LIBERO/libero/libero/../datasets does not exist!
[object/motion_blur_1/baseline] [Warning]: datasets path /opt/LIBERO/libero/libero/../datasets does not exist!
[object/gaussian_noise_1/baseline] Reducing the number of VLM layers to 16 ...
[goal/lighting_1/baseline] Loading weights from local directory
[goal/lighting_1/aegis] Loading weights from local directory
[object/gaussian_noise_1/baseline] Loading weights from local directory
[goal/motion_blur_1/baseline] Loading weights from local directory
[goal/motion_blur_1/aegis] Loading weights from local directory
[goal/lighting_1/baseline] [libero_v] method=baseline  TE=True  n_action_steps=1  H=50 d=7
[goal/lighting_1/aegis] [rib] injected RobustIB  params=2.56M  d_z=512  fusion_coeff init=0.500 (vanilla at init)
[goal/motion_blur_1/baseline] [libero_v] method=baseline  TE=True  n_action_steps=1  H=50 d=7
[goal/lighting_1/aegis] [rib] loaded /assets/sib_vla/results/ib_on86/rib_on86.pt  fusion_coeff=0.500  step=3000
[goal/motion_blur_1/aegis] [rib] injected RobustIB  params=2.56M  d_z=512  fusion_coeff init=0.500 (vanilla at init)
[goal/lighting_1/baseline] [robosuite WARNING] No private macro file found! (__init__.py:7)
[goal/lighting_1/baseline] WARNING:robosuite_logs:No private macro file found!
[goal/lighting_1/baseline] [robosuite WARNING] It is recommended to use a private macro file (__init__.py:8)
[goal/lighting_1/baseline] WARNING:robosuite_logs:It is recommended to use a private macro file
[goal/lighting_1/baseline] [robosuite WARNING] To setup, run: python /usr/local/lib/python3.11/site-packages/robosuite/scripts/setup_macros.py (__init__.py:9)
[goal/lighting_1/aegis] [libero_v] method=aegis  TE=True  n_action_steps=1  H=50 d=7
[goal/motion_blur_1/aegis] [rib] loaded /assets/sib_vla/results/ib_on86/rib_on86.pt  fusion_coeff=0.500  step=3000
[goal/lighting_1/baseline] WARNING:robosuite_logs:To setup, run: python /usr/local/lib/python3.11/site-packages/robosuite/scripts/setup_macros.py
[goal/motion_blur_1/aegis] [libero_v] method=aegis  TE=True  n_action_steps=1  H=50 d=7
[goal/lighting_1/aegis] [robosuite WARNING] No private macro file found! (__init__.py:7)
[goal/lighting_1/aegis] WARNING:robosuite_logs:No private macro file found!
[goal/motion_blur_1/baseline] [robosuite WARNING] No private macro file found! (__init__.py:7)
[goal/motion_blur_1/baseline] WARNING:robosuite_logs:No private macro file found!
[goal/motion_blur_1/aegis] [robosuite WARNING] No private macro file found! (__init__.py:7)
[goal/motion_blur_1/aegis] WARNING:robosuite_logs:No private macro file found!
[goal/lighting_1/aegis] [robosuite WARNING] It is recommended to use a private macro file (__init__.py:8)
[goal/lighting_1/aegis] WARNING:robosuite_logs:It is recommended to use a private macro file
[goal/lighting_1/aegis] [robosuite WARNING] To setup, run: python /usr/local/lib/python3.11/site-packages/robosuite/scripts/setup_macros.py (__init__.py:9)
[goal/lighting_1/aegis] WARNING:robosuite_logs:To setup, run: python /usr/local/lib/python3.11/site-packages/robosuite/scripts/setup_macros.py
[goal/motion_blur_1/baseline] [robosuite WARNING] It is recommended to use a private macro file (__init__.py:8)
[goal/motion_blur_1/baseline] WARNING:robosuite_logs:It is recommended to use a private macro file
[goal/motion_blur_1/baseline] [robosuite WARNING] To setup, run: python /usr/local/lib/python3.11/site-packages/robosuite/scripts/setup_macros.py (__init__.py:9)
[goal/motion_blur_1/baseline] WARNING:robosuite_logs:To setup, run: python /usr/local/lib/python3.11/site-packages/robosuite/scripts/setup_macros.py
[goal/motion_blur_1/aegis] [robosuite WARNING] It is recommended to use a private macro file (__init__.py:8)
[goal/motion_blur_1/aegis] WARNING:robosuite_logs:It is recommended to use a private macro file
[goal/motion_blur_1/aegis] [robosuite WARNING] To setup, run: python /usr/local/lib/python3.11/site-packages/robosuite/scripts/setup_macros.py (__init__.py:9)
[goal/motion_blur_1/aegis] WARNING:robosuite_logs:To setup, run: python /usr/local/lib/python3.11/site-packages/robosuite/scripts/setup_macros.py
[goal/lighting_1/aegis] Gym has been unmaintained since 2022 and does not support NumPy 2.0 amongst other critical functionality.
[goal/lighting_1/aegis] Please upgrade to Gymnasium, the maintained drop-in replacement of Gym, or contact the authors of your software and request that they upgrade.
[goal/lighting_1/aegis] Users of this version of Gym should be able to simply replace 'import gym' with 'import gymnasium as gym' in the vast majority of cases.
[goal/lighting_1/aegis] See the migration guide at https://gymnasium.farama.org/introduction/migration_guide/ for additional information.
[goal/lighting_1/aegis] [info] using task orders [0, 1, 2, 3, 4, 5, 6, 7, 8, 9]
[goal/lighting_1/aegis] Creating LIBERO envs | suites=['libero_goal'] | n_envs(per task)=10 | init_states=True
[goal/lighting_1/aegis] Restricting to task_ids=[0]
[goal/lighting_1/aegis] [info] using task orders [0, 1, 2, 3, 4, 5, 6, 7, 8, 9]
[goal/lighting_1/aegis] [Warning]: datasets path /opt/LIBERO/libero/libero/../datasets does not exist!
[goal/lighting_1/aegis] [Warning]: datasets path /opt/LIBERO/libero/libero/../datasets does not exist!
[goal/lighting_1/baseline] Gym has been unmaintained since 2022 and does not support NumPy 2.0 amongst other critical functionality.
[goal/lighting_1/baseline] Please upgrade to Gymnasium, the maintained drop-in replacement of Gym, or contact the authors of your software and request that they upgrade.
[goal/lighting_1/baseline] Users of this version of Gym should be able to simply replace 'import gym' with 'import gymnasium as gym' in the vast majority of cases.
[goal/lighting_1/baseline] See the migration guide at https://gymnasium.farama.org/introduction/migration_guide/ for additional information.
[goal/lighting_1/baseline] [info] using task orders [0, 1, 2, 3, 4, 5, 6, 7, 8, 9]
[goal/lighting_1/baseline] Creating LIBERO envs | suites=['libero_goal'] | n_envs(per task)=10 | init_states=True
[goal/lighting_1/baseline] Restricting to task_ids=[0]
[goal/lighting_1/baseline] [info] using task orders [0, 1, 2, 3, 4, 5, 6, 7, 8, 9]
[goal/lighting_1/baseline] [Warning]: datasets path /opt/LIBERO/libero/libero/../datasets does not exist!
[goal/lighting_1/baseline] [Warning]: datasets path /opt/LIBERO/libero/libero/../datasets does not exist!
[goal/motion_blur_1/aegis] Gym has been unmaintained since 2022 and does not support NumPy 2.0 amongst other critical functionality.
[goal/motion_blur_1/baseline] Gym has been unmaintained since 2022 and does not support NumPy 2.0 amongst other critical functionality.
[goal/motion_blur_1/baseline] Please upgrade to Gymnasium, the maintained drop-in replacement of Gym, or contact the authors of your software and request that they upgrade.
[goal/motion_blur_1/baseline] Users of this version of Gym should be able to simply replace 'import gym' with 'import gymnasium as gym' in the vast majority of cases.
[goal/motion_blur_1/aegis] Please upgrade to Gymnasium, the maintained drop-in replacement of Gym, or contact the authors of your software and request that they upgrade.
[goal/motion_blur_1/aegis] Users of this version of Gym should be able to simply replace 'import gym' with 'import gymnasium as gym' in the vast majority of cases.
[goal/motion_blur_1/aegis] See the migration guide at https://gymnasium.farama.org/introduction/migration_guide/ for additional information.
[goal/motion_blur_1/aegis] [info] using task orders [0, 1, 2, 3, 4, 5, 6, 7, 8, 9]
[goal/motion_blur_1/aegis] Creating LIBERO envs | suites=['libero_goal'] | n_envs(per task)=10 | init_states=True
[goal/motion_blur_1/aegis] Restricting to task_ids=[0]
[goal/motion_blur_1/aegis] [info] using task orders [0, 1, 2, 3, 4, 5, 6, 7, 8, 9]
[goal/motion_blur_1/aegis] [Warning]: datasets path /opt/LIBERO/libero/libero/../datasets does not exist!
[goal/motion_blur_1/aegis] [Warning]: datasets path /opt/LIBERO/libero/libero/../datasets does not exist!
[goal/motion_blur_1/baseline] See the migration guide at https://gymnasium.farama.org/introduction/migration_guide/ for additional information.
[goal/motion_blur_1/baseline] [info] using task orders [0, 1, 2, 3, 4, 5, 6, 7, 8, 9]
[goal/motion_blur_1/baseline] Creating LIBERO envs | suites=['libero_goal'] | n_envs(per task)=10 | init_states=True
[goal/motion_blur_1/baseline] Restricting to task_ids=[0]
[goal/motion_blur_1/baseline] [info] using task orders [0, 1, 2, 3, 4, 5, 6, 7, 8, 9]
[goal/motion_blur_1/baseline] [Warning]: datasets path /opt/LIBERO/libero/libero/../datasets does not exist!
[goal/motion_blur_1/baseline] [Warning]: datasets path /opt/LIBERO/libero/libero/../datasets does not exist!
[object/gaussian_noise_1/baseline] [libero_v] method=baseline  TE=True  n_action_steps=1  H=50 d=7
[object/gaussian_noise_1/baseline] [robosuite WARNING] No private macro file found! (__init__.py:7)
[object/gaussian_noise_1/baseline] WARNING:robosuite_logs:No private macro file found!
[object/gaussian_noise_1/baseline] [robosuite WARNING] It is recommended to use a private macro file (__init__.py:8)
[object/gaussian_noise_1/baseline] WARNING:robosuite_logs:It is recommended to use a private macro file
[object/gaussian_noise_1/baseline] [robosuite WARNING] To setup, run: python /usr/local/lib/python3.11/site-packages/robosuite/scripts/setup_macros.py (__init__.py:9)
[object/gaussian_noise_1/baseline] WARNING:robosuite_logs:To setup, run: python /usr/local/lib/python3.11/site-packages/robosuite/scripts/setup_macros.py
[object/motion_blur_1/baseline] [Warning]: datasets path /opt/LIBERO/libero/libero/../datasets does not exist!
[object/motion_blur_1/baseline] [Warning]: datasets path /opt/LIBERO/libero/libero/../datasets does not exist!
[object/gaussian_noise_1/baseline] Gym has been unmaintained since 2022 and does not support NumPy 2.0 amongst other critical functionality.
[object/gaussian_noise_1/baseline] Please upgrade to Gymnasium, the maintained drop-in replacement of Gym, or contact the authors of your software and request that they upgrade.
[object/gaussian_noise_1/baseline] Users of this version of Gym should be able to simply replace 'import gym' with 'import gymnasium as gym' in the vast majority of cases.
[object/gaussian_noise_1/baseline] See the migration guide at https://gymnasium.farama.org/introduction/migration_guide/ for additional information.
[object/gaussian_noise_1/baseline] [info] using task orders [0, 1, 2, 3, 4, 5, 6, 7, 8, 9]
[object/gaussian_noise_1/baseline] Creating LIBERO envs | suites=['libero_object'] | n_envs(per task)=10 | init_states=True
[object/gaussian_noise_1/baseline] Restricting to task_ids=[0]
[object/gaussian_noise_1/baseline] [info] using task orders [0, 1, 2, 3, 4, 5, 6, 7, 8, 9]
[object/gaussian_noise_1/baseline] [Warning]: datasets path /opt/LIBERO/libero/libero/../datasets does not exist!
[object/gaussian_noise_1/baseline] [Warning]: datasets path /opt/LIBERO/libero/libero/../datasets does not exist!
[object/motion_blur_1/baseline] [Warning]: datasets path /opt/LIBERO/libero/libero/../datasets does not exist!
[object/motion_blur_1/baseline] [Warning]: datasets path /opt/LIBERO/libero/libero/../datasets does not exist!
[object/motion_blur_1/baseline] [Warning]: datasets path /opt/LIBERO/libero/libero/../datasets does not exist!
[object/motion_blur_1/baseline] [Warning]: datasets path /opt/LIBERO/libero/libero/../datasets does not exist!
[object/motion_blur_1/baseline] [Warning]: datasets path /opt/LIBERO/libero/libero/../datasets does not exist!
[object/motion_blur_1/baseline] [Warning]: datasets path /opt/LIBERO/libero/libero/../datasets does not exist!
[object/motion_blur_1/baseline] [Warning]: datasets path /opt/LIBERO/libero/libero/../datasets does not exist!
[object/motion_blur_1/baseline] [Warning]: datasets path /opt/LIBERO/libero/libero/../datasets does not exist!
[goal/lighting_1/baseline] [Warning]: datasets path /opt/LIBERO/libero/libero/../datasets does not exist!
[goal/lighting_1/baseline] [Warning]: datasets path /opt/LIBERO/libero/libero/../datasets does not exist!
[goal/lighting_1/aegis] [Warning]: datasets path /opt/LIBERO/libero/libero/../datasets does not exist!
[goal/motion_blur_1/aegis] [Warning]: datasets path /opt/LIBERO/libero/libero/../datasets does not exist!
[goal/motion_blur_1/baseline] [Warning]: datasets path /opt/LIBERO/libero/libero/../datasets does not exist!
[goal/lighting_1/aegis] [Warning]: datasets path /opt/LIBERO/libero/libero/../datasets does not exist!
[goal/motion_blur_1/aegis] [Warning]: datasets path /opt/LIBERO/libero/libero/../datasets does not exist!
[goal/motion_blur_1/baseline] [Warning]: datasets path /opt/LIBERO/libero/libero/../datasets does not exist!
[object/gaussian_noise_1/baseline] [Warning]: datasets path /opt/LIBERO/libero/libero/../datasets does not exist!
[object/gaussian_noise_1/baseline] [Warning]: datasets path /opt/LIBERO/libero/libero/../datasets does not exist!
[object/motion_blur_1/baseline] [Warning]: datasets path /opt/LIBERO/libero/libero/../datasets does not exist!
[object/motion_blur_1/baseline] [Warning]: datasets path /opt/LIBERO/libero/libero/../datasets does not exist!
[object/gaussian_noise_1/baseline] [Warning]: datasets path /opt/LIBERO/libero/libero/../datasets does not exist!
[goal/lighting_1/baseline] [Warning]: datasets path /opt/LIBERO/libero/libero/../datasets does not exist!
[goal/lighting_1/baseline] [Warning]: datasets path /opt/LIBERO/libero/libero/../datasets does not exist!
[object/gaussian_noise_1/baseline] [Warning]: datasets path /opt/LIBERO/libero/libero/../datasets does not exist!
[goal/lighting_1/aegis] [Warning]: datasets path /opt/LIBERO/libero/libero/../datasets does not exist!
[goal/lighting_1/aegis] [Warning]: datasets path /opt/LIBERO/libero/libero/../datasets does not exist!
[goal/motion_blur_1/aegis] [Warning]: datasets path /opt/LIBERO/libero/libero/../datasets does not exist!
[goal/motion_blur_1/baseline] [Warning]: datasets path /opt/LIBERO/libero/libero/../datasets does not exist!
[goal/motion_blur_1/aegis] [Warning]: datasets path /opt/LIBERO/libero/libero/../datasets does not exist!
[goal/motion_blur_1/baseline] [Warning]: datasets path /opt/LIBERO/libero/libero/../datasets does not exist!
[object/motion_blur_1/baseline] [Warning]: datasets path /opt/LIBERO/libero/libero/../datasets does not exist!
[object/motion_blur_1/baseline] [Warning]: datasets path /opt/LIBERO/libero/libero/../datasets does not exist!
[object/gaussian_noise_1/baseline] [Warning]: datasets path /opt/LIBERO/libero/libero/../datasets does not exist!
[object/gaussian_noise_1/baseline] [Warning]: datasets path /opt/LIBERO/libero/libero/../datasets does not exist!
[goal/lighting_1/baseline] [Warning]: datasets path /opt/LIBERO/libero/libero/../datasets does not exist!
[object/motion_blur_1/baseline] [Warning]: datasets path /opt/LIBERO/libero/libero/../datasets does not exist!
[object/motion_blur_1/baseline] [Warning]: datasets path /opt/LIBERO/libero/libero/../datasets does not exist!
[goal/lighting_1/baseline] [Warning]: datasets path /opt/LIBERO/libero/libero/../datasets does not exist!
[goal/lighting_1/aegis] [Warning]: datasets path /opt/LIBERO/libero/libero/../datasets does not exist!
[goal/motion_blur_1/aegis] [Warning]: datasets path /opt/LIBERO/libero/libero/../datasets does not exist!
[goal/motion_blur_1/baseline] [Warning]: datasets path /opt/LIBERO/libero/libero/../datasets does not exist!
[goal/lighting_1/aegis] [Warning]: datasets path /opt/LIBERO/libero/libero/../datasets does not exist!
[goal/motion_blur_1/aegis] [Warning]: datasets path /opt/LIBERO/libero/libero/../datasets does not exist!
[goal/motion_blur_1/baseline] [Warning]: datasets path /opt/LIBERO/libero/libero/../datasets does not exist!
[object/gaussian_noise_1/baseline] [Warning]: datasets path /opt/LIBERO/libero/libero/../datasets does not exist!
[object/gaussian_noise_1/baseline] [Warning]: datasets path /opt/LIBERO/libero/libero/../datasets does not exist!
[object/motion_blur_1/baseline] [Warning]: datasets path /opt/LIBERO/libero/libero/../datasets does not exist!
[object/motion_blur_1/baseline] [Warning]: datasets path /opt/LIBERO/libero/libero/../datasets does not exist!
[goal/lighting_1/baseline] [Warning]: datasets path /opt/LIBERO/libero/libero/../datasets does not exist!
[goal/lighting_1/baseline] [Warning]: datasets path /opt/LIBERO/libero/libero/../datasets does not exist!
[goal/lighting_1/aegis] [Warning]: datasets path /opt/LIBERO/libero/libero/../datasets does not exist!
[goal/lighting_1/aegis] [Warning]: datasets path /opt/LIBERO/libero/libero/../datasets does not exist!
[goal/motion_blur_1/aegis] [Warning]: datasets path /opt/LIBERO/libero/libero/../datasets does not exist!
[goal/motion_blur_1/baseline] [Warning]: datasets path /opt/LIBERO/libero/libero/../datasets does not exist!
[object/gaussian_noise_1/baseline] [Warning]: datasets path /opt/LIBERO/libero/libero/../datasets does not exist!
[goal/motion_blur_1/aegis] [Warning]: datasets path /opt/LIBERO/libero/libero/../datasets does not exist!
[goal/motion_blur_1/baseline] [Warning]: datasets path /opt/LIBERO/libero/libero/../datasets does not exist!
[object/gaussian_noise_1/baseline] [Warning]: datasets path /opt/LIBERO/libero/libero/../datasets does not exist!
[object/motion_blur_1/baseline] Built vec env | suite=libero_object | task_id=0 | n_envs=10
[object/gaussian_noise_1/baseline] [Warning]: datasets path /opt/LIBERO/libero/libero/../datasets does not exist!
[object/gaussian_noise_1/baseline] [Warning]: datasets path /opt/LIBERO/libero/libero/../datasets does not exist!
[goal/lighting_1/baseline] [Warning]: datasets path /opt/LIBERO/libero/libero/../datasets does not exist!
[goal/lighting_1/baseline] [Warning]: datasets path /opt/LIBERO/libero/libero/../datasets does not exist!
[goal/lighting_1/aegis] [Warning]: datasets path /opt/LIBERO/libero/libero/../datasets does not exist!
[goal/lighting_1/aegis] [Warning]: datasets path /opt/LIBERO/libero/libero/../datasets does not exist!
[goal/motion_blur_1/aegis] [Warning]: datasets path /opt/LIBERO/libero/libero/../datasets does not exist!
[goal/motion_blur_1/baseline] [Warning]: datasets path /opt/LIBERO/libero/libero/../datasets does not exist!
[goal/motion_blur_1/baseline] [Warning]: datasets path /opt/LIBERO/libero/libero/../datasets does not exist!
[goal/motion_blur_1/aegis] [Warning]: datasets path /opt/LIBERO/libero/libero/../datasets does not exist!
[object/gaussian_noise_1/baseline] [Warning]: datasets path /opt/LIBERO/libero/libero/../datasets does not exist!
[object/gaussian_noise_1/baseline] [Warning]: datasets path /opt/LIBERO/libero/libero/../datasets does not exist!
[goal/lighting_1/baseline] [Warning]: datasets path /opt/LIBERO/libero/libero/../datasets does not exist!
[goal/lighting_1/baseline] [Warning]: datasets path /opt/LIBERO/libero/libero/../datasets does not exist!
[goal/lighting_1/aegis] [Warning]: datasets path /opt/LIBERO/libero/libero/../datasets does not exist!
[goal/motion_blur_1/aegis] [Warning]: datasets path /opt/LIBERO/libero/libero/../datasets does not exist!
[goal/motion_blur_1/baseline] [Warning]: datasets path /opt/LIBERO/libero/libero/../datasets does not exist!
[goal/lighting_1/aegis] [Warning]: datasets path /opt/LIBERO/libero/libero/../datasets does not exist!
[goal/motion_blur_1/aegis] [Warning]: datasets path /opt/LIBERO/libero/libero/../datasets does not exist!
[goal/motion_blur_1/baseline] [Warning]: datasets path /opt/LIBERO/libero/libero/../datasets does not exist!
[object/gaussian_noise_1/baseline] [Warning]: datasets path /opt/LIBERO/libero/libero/../datasets does not exist!
[object/gaussian_noise_1/baseline] [Warning]: datasets path /opt/LIBERO/libero/libero/../datasets does not exist!
[goal/lighting_1/baseline] [Warning]: datasets path /opt/LIBERO/libero/libero/../datasets does not exist!
[goal/lighting_1/aegis] [Warning]: datasets path /opt/LIBERO/libero/libero/../datasets does not exist!
[goal/lighting_1/baseline] [Warning]: datasets path /opt/LIBERO/libero/libero/../datasets does not exist!
[goal/motion_blur_1/aegis] [Warning]: datasets path /opt/LIBERO/libero/libero/../datasets does not exist!
[goal/motion_blur_1/baseline] [Warning]: datasets path /opt/LIBERO/libero/libero/../datasets does not exist!
[goal/lighting_1/aegis] [Warning]: datasets path /opt/LIBERO/libero/libero/../datasets does not exist!
[goal/motion_blur_1/aegis] [Warning]: datasets path /opt/LIBERO/libero/libero/../datasets does not exist!
[goal/motion_blur_1/baseline] [Warning]: datasets path /opt/LIBERO/libero/libero/../datasets does not exist!
[object/gaussian_noise_1/baseline] [Warning]: datasets path /opt/LIBERO/libero/libero/../datasets does not exist!
[object/gaussian_noise_1/baseline] [Warning]: datasets path /opt/LIBERO/libero/libero/../datasets does not exist!
[object/gaussian_noise_1/baseline] Built vec env | suite=libero_object | task_id=0 | n_envs=10
[goal/lighting_1/baseline] [Warning]: datasets path /opt/LIBERO/libero/libero/../datasets does not exist!
[goal/lighting_1/aegis] [Warning]: datasets path /opt/LIBERO/libero/libero/../datasets does not exist!
[goal/lighting_1/baseline] [Warning]: datasets path /opt/LIBERO/libero/libero/../datasets does not exist!
[goal/lighting_1/aegis] [Warning]: datasets path /opt/LIBERO/libero/libero/../datasets does not exist!
[goal/motion_blur_1/aegis] [Warning]: datasets path /opt/LIBERO/libero/libero/../datasets does not exist!
[goal/motion_blur_1/baseline] [Warning]: datasets path /opt/LIBERO/libero/libero/../datasets does not exist!
[goal/motion_blur_1/aegis] [Warning]: datasets path /opt/LIBERO/libero/libero/../datasets does not exist!
[goal/motion_blur_1/baseline] [Warning]: datasets path /opt/LIBERO/libero/libero/../datasets does not exist!
[goal/lighting_1/baseline] [Warning]: datasets path /opt/LIBERO/libero/libero/../datasets does not exist!
[goal/lighting_1/aegis] [Warning]: datasets path /opt/LIBERO/libero/libero/../datasets does not exist!
[goal/lighting_1/baseline] [Warning]: datasets path /opt/LIBERO/libero/libero/../datasets does not exist!
[goal/lighting_1/aegis] [Warning]: datasets path /opt/LIBERO/libero/libero/../datasets does not exist!
[goal/motion_blur_1/aegis] [Warning]: datasets path /opt/LIBERO/libero/libero/../datasets does not exist!
[goal/motion_blur_1/baseline] [Warning]: datasets path /opt/LIBERO/libero/libero/../datasets does not exist!
[goal/motion_blur_1/aegis] [Warning]: datasets path /opt/LIBERO/libero/libero/../datasets does not exist!
[goal/motion_blur_1/baseline] [Warning]: datasets path /opt/LIBERO/libero/libero/../datasets does not exist!
[goal/lighting_1/baseline] Built vec env | suite=libero_goal | task_id=0 | n_envs=10
[goal/lighting_1/aegis] Built vec env | suite=libero_goal | task_id=0 | n_envs=10
[goal/motion_blur_1/aegis] Built vec env | suite=libero_goal | task_id=0 | n_envs=10
[goal/motion_blur_1/baseline] Built vec env | suite=libero_goal | task_id=0 | n_envs=10
[object/motion_blur_1/baseline] [libero_v] motion_blur_1 t0: 0/10
[object/motion_blur_1/baseline] Creating LIBERO envs | suites=['libero_object'] | n_envs(per task)=10 | init_states=True
[object/motion_blur_1/baseline] Restricting to task_ids=[1]
[object/motion_blur_1/baseline] [info] using task orders [0, 1, 2, 3, 4, 5, 6, 7, 8, 9]
[object/motion_blur_1/baseline] [Warning]: datasets path /opt/LIBERO/libero/libero/../datasets does not exist!
[object/motion_blur_1/baseline] [Warning]: datasets path /opt/LIBERO/libero/libero/../datasets does not exist!
[object/motion_blur_1/baseline] [Warning]: datasets path /opt/LIBERO/libero/libero/../datasets does not exist!
[object/motion_blur_1/baseline] [Warning]: datasets path /opt/LIBERO/libero/libero/../datasets does not exist!
[object/motion_blur_1/baseline] [Warning]: datasets path /opt/LIBERO/libero/libero/../datasets does not exist!
[object/motion_blur_1/baseline] [Warning]: datasets path /opt/LIBERO/libero/libero/../datasets does not exist!
[object/motion_blur_1/baseline] [Warning]: datasets path /opt/LIBERO/libero/libero/../datasets does not exist!
[object/motion_blur_1/baseline] [Warning]: datasets path /opt/LIBERO/libero/libero/../datasets does not exist!
[object/motion_blur_1/baseline] [Warning]: datasets path /opt/LIBERO/libero/libero/../datasets does not exist!
[object/motion_blur_1/baseline] [Warning]: datasets path /opt/LIBERO/libero/libero/../datasets does not exist!
[object/motion_blur_1/baseline] [Warning]: datasets path /opt/LIBERO/libero/libero/../datasets does not exist!
[object/motion_blur_1/baseline] [Warning]: datasets path /opt/LIBERO/libero/libero/../datasets does not exist!
[object/motion_blur_1/baseline] [Warning]: datasets path /opt/LIBERO/libero/libero/../datasets does not exist!
[object/motion_blur_1/baseline] [Warning]: datasets path /opt/LIBERO/libero/libero/../datasets does not exist!
[object/motion_blur_1/baseline] [Warning]: datasets path /opt/LIBERO/libero/libero/../datasets does not exist!
[object/motion_blur_1/baseline] [Warning]: datasets path /opt/LIBERO/libero/libero/../datasets does not exist!
[object/motion_blur_1/baseline] [Warning]: datasets path /opt/LIBERO/libero/libero/../datasets does not exist!
[object/motion_blur_1/baseline] [Warning]: datasets path /opt/LIBERO/libero/libero/../datasets does not exist!
[object/motion_blur_1/baseline] [Warning]: datasets path /opt/LIBERO/libero/libero/../datasets does not exist!
[object/motion_blur_1/baseline] [Warning]: datasets path /opt/LIBERO/libero/libero/../datasets does not exist!
[object/motion_blur_1/baseline] Built vec env | suite=libero_object | task_id=1 | n_envs=10
[object/gaussian_noise_1/baseline] [libero_v] gaussian_noise_1 t0: 0/10
[object/gaussian_noise_1/baseline] Creating LIBERO envs | suites=['libero_object'] | n_envs(per task)=10 | init_states=True
[object/gaussian_noise_1/baseline] Restricting to task_ids=[1]
[object/gaussian_noise_1/baseline] [info] using task orders [0, 1, 2, 3, 4, 5, 6, 7, 8, 9]
[object/gaussian_noise_1/baseline] [Warning]: datasets path /opt/LIBERO/libero/libero/../datasets does not exist!
[object/gaussian_noise_1/baseline] [Warning]: datasets path /opt/LIBERO/libero/libero/../datasets does not exist!
[object/gaussian_noise_1/baseline] [Warning]: datasets path /opt/LIBERO/libero/libero/../datasets does not exist!
[object/gaussian_noise_1/baseline] [Warning]: datasets path /opt/LIBERO/libero/libero/../datasets does not exist!
[object/gaussian_noise_1/baseline] [Warning]: datasets path /opt/LIBERO/libero/libero/../datasets does not exist!
[object/gaussian_noise_1/baseline] [Warning]: datasets path /opt/LIBERO/libero/libero/../datasets does not exist!
[object/gaussian_noise_1/baseline] [Warning]: datasets path /opt/LIBERO/libero/libero/../datasets does not exist!
[object/gaussian_noise_1/baseline] [Warning]: datasets path /opt/LIBERO/libero/libero/../datasets does not exist!
[object/gaussian_noise_1/baseline] [Warning]: datasets path /opt/LIBERO/libero/libero/../datasets does not exist!
[object/gaussian_noise_1/baseline] [Warning]: datasets path /opt/LIBERO/libero/libero/../datasets does not exist!
[object/gaussian_noise_1/baseline] [Warning]: datasets path /opt/LIBERO/libero/libero/../datasets does not exist!
[object/gaussian_noise_1/baseline] [Warning]: datasets path /opt/LIBERO/libero/libero/../datasets does not exist!
[object/gaussian_noise_1/baseline] [Warning]: datasets path /opt/LIBERO/libero/libero/../datasets does not exist!
[object/gaussian_noise_1/baseline] [Warning]: datasets path /opt/LIBERO/libero/libero/../datasets does not exist!
[object/gaussian_noise_1/baseline] [Warning]: datasets path /opt/LIBERO/libero/libero/../datasets does not exist!
[object/gaussian_noise_1/baseline] [Warning]: datasets path /opt/LIBERO/libero/libero/../datasets does not exist!
[object/gaussian_noise_1/baseline] [Warning]: datasets path /opt/LIBERO/libero/libero/../datasets does not exist!
[object/gaussian_noise_1/baseline] [Warning]: datasets path /opt/LIBERO/libero/libero/../datasets does not exist!
[object/gaussian_noise_1/baseline] [Warning]: datasets path /opt/LIBERO/libero/libero/../datasets does not exist!
[object/gaussian_noise_1/baseline] [Warning]: datasets path /opt/LIBERO/libero/libero/../datasets does not exist!
[object/gaussian_noise_1/baseline] Built vec env | suite=libero_object | task_id=1 | n_envs=10
[object/motion_blur_1/baseline] [libero_v] motion_blur_1 t1: 0/10
[object/motion_blur_1/baseline] Creating LIBERO envs | suites=['libero_object'] | n_envs(per task)=10 | init_states=True
[object/motion_blur_1/baseline] Restricting to task_ids=[2]
[object/motion_blur_1/baseline] [info] using task orders [0, 1, 2, 3, 4, 5, 6, 7, 8, 9]
[object/motion_blur_1/baseline] [Warning]: datasets path /opt/LIBERO/libero/libero/../datasets does not exist!
[object/motion_blur_1/baseline] [Warning]: datasets path /opt/LIBERO/libero/libero/../datasets does not exist!
[object/motion_blur_1/baseline] [Warning]: datasets path /opt/LIBERO/libero/libero/../datasets does not exist!
[object/motion_blur_1/baseline] [Warning]: datasets path /opt/LIBERO/libero/libero/../datasets does not exist!
[object/motion_blur_1/baseline] [Warning]: datasets path /opt/LIBERO/libero/libero/../datasets does not exist!
[object/motion_blur_1/baseline] [Warning]: datasets path /opt/LIBERO/libero/libero/../datasets does not exist!
[object/motion_blur_1/baseline] [Warning]: datasets path /opt/LIBERO/libero/libero/../datasets does not exist!
[object/motion_blur_1/baseline] [Warning]: datasets path /opt/LIBERO/libero/libero/../datasets does not exist!
[object/motion_blur_1/baseline] [Warning]: datasets path /opt/LIBERO/libero/libero/../datasets does not exist!
[object/motion_blur_1/baseline] [Warning]: datasets path /opt/LIBERO/libero/libero/../datasets does not exist!
[object/motion_blur_1/baseline] [Warning]: datasets path /opt/LIBERO/libero/libero/../datasets does not exist!
[object/motion_blur_1/baseline] [Warning]: datasets path /opt/LIBERO/libero/libero/../datasets does not exist!
[object/motion_blur_1/baseline] [Warning]: datasets path /opt/LIBERO/libero/libero/../datasets does not exist!
[object/motion_blur_1/baseline] [Warning]: datasets path /opt/LIBERO/libero/libero/../datasets does not exist!
[object/motion_blur_1/baseline] [Warning]: datasets path /opt/LIBERO/libero/libero/../datasets does not exist!
[object/motion_blur_1/baseline] [Warning]: datasets path /opt/LIBERO/libero/libero/../datasets does not exist!
[object/motion_blur_1/baseline] [Warning]: datasets path /opt/LIBERO/libero/libero/../datasets does not exist!
[object/motion_blur_1/baseline] [Warning]: datasets path /opt/LIBERO/libero/libero/../datasets does not exist!
[object/motion_blur_1/baseline] [Warning]: datasets path /opt/LIBERO/libero/libero/../datasets does not exist!
[object/motion_blur_1/baseline] [Warning]: datasets path /opt/LIBERO/libero/libero/../datasets does not exist!
[object/motion_blur_1/baseline] Built vec env | suite=libero_object | task_id=2 | n_envs=10
[object/gaussian_noise_1/baseline] [libero_v] gaussian_noise_1 t1: 5/10
[object/gaussian_noise_1/baseline] Creating LIBERO envs | suites=['libero_object'] | n_envs(per task)=10 | init_states=True
[object/gaussian_noise_1/baseline] Restricting to task_ids=[2]
[object/gaussian_noise_1/baseline] [info] using task orders [0, 1, 2, 3, 4, 5, 6, 7, 8, 9]
[object/gaussian_noise_1/baseline] [Warning]: datasets path /opt/LIBERO/libero/libero/../datasets does not exist!
[object/gaussian_noise_1/baseline] [Warning]: datasets path /opt/LIBERO/libero/libero/../datasets does not exist!
[object/gaussian_noise_1/baseline] [Warning]: datasets path /opt/LIBERO/libero/libero/../datasets does not exist!
[object/gaussian_noise_1/baseline] [Warning]: datasets path /opt/LIBERO/libero/libero/../datasets does not exist!
[object/gaussian_noise_1/baseline] [Warning]: datasets path /opt/LIBERO/libero/libero/../datasets does not exist!
[object/gaussian_noise_1/baseline] [Warning]: datasets path /opt/LIBERO/libero/libero/../datasets does not exist!
[object/gaussian_noise_1/baseline] [Warning]: datasets path /opt/LIBERO/libero/libero/../datasets does not exist!
[object/gaussian_noise_1/baseline] [Warning]: datasets path /opt/LIBERO/libero/libero/../datasets does not exist!
[object/gaussian_noise_1/baseline] [Warning]: datasets path /opt/LIBERO/libero/libero/../datasets does not exist!
[object/gaussian_noise_1/baseline] [Warning]: datasets path /opt/LIBERO/libero/libero/../datasets does not exist!
[object/gaussian_noise_1/baseline] [Warning]: datasets path /opt/LIBERO/libero/libero/../datasets does not exist!
[object/gaussian_noise_1/baseline] [Warning]: datasets path /opt/LIBERO/libero/libero/../datasets does not exist!
[object/gaussian_noise_1/baseline] [Warning]: datasets path /opt/LIBERO/libero/libero/../datasets does not exist!
[object/gaussian_noise_1/baseline] [Warning]: datasets path /opt/LIBERO/libero/libero/../datasets does not exist!
[object/gaussian_noise_1/baseline] [Warning]: datasets path /opt/LIBERO/libero/libero/../datasets does not exist!
[object/gaussian_noise_1/baseline] [Warning]: datasets path /opt/LIBERO/libero/libero/../datasets does not exist!
[object/gaussian_noise_1/baseline] [Warning]: datasets path /opt/LIBERO/libero/libero/../datasets does not exist!
[object/gaussian_noise_1/baseline] [Warning]: datasets path /opt/LIBERO/libero/libero/../datasets does not exist!
[object/gaussian_noise_1/baseline] [Warning]: datasets path /opt/LIBERO/libero/libero/../datasets does not exist!
[object/gaussian_noise_1/baseline] [Warning]: datasets path /opt/LIBERO/libero/libero/../datasets does not exist!
[object/gaussian_noise_1/baseline] Built vec env | suite=libero_object | task_id=2 | n_envs=10
[goal/motion_blur_1/aegis] [libero_v] motion_blur_1 t0: 9/10
[goal/motion_blur_1/aegis] Creating LIBERO envs | suites=['libero_goal'] | n_envs(per task)=10 | init_states=True
[goal/motion_blur_1/aegis] Restricting to task_ids=[1]
[goal/motion_blur_1/aegis] [info] using task orders [0, 1, 2, 3, 4, 5, 6, 7, 8, 9]
[goal/motion_blur_1/aegis] [Warning]: datasets path /opt/LIBERO/libero/libero/../datasets does not exist!
[goal/motion_blur_1/aegis] [Warning]: datasets path /opt/LIBERO/libero/libero/../datasets does not exist!
[goal/motion_blur_1/aegis] [Warning]: datasets path /opt/LIBERO/libero/libero/../datasets does not exist!
[goal/motion_blur_1/aegis] [Warning]: datasets path /opt/LIBERO/libero/libero/../datasets does not exist!
[goal/motion_blur_1/aegis] [Warning]: datasets path /opt/LIBERO/libero/libero/../datasets does not exist!
[goal/motion_blur_1/aegis] [Warning]: datasets path /opt/LIBERO/libero/libero/../datasets does not exist!
[goal/motion_blur_1/baseline] [libero_v] motion_blur_1 t0: 9/10
[goal/motion_blur_1/baseline] Creating LIBERO envs | suites=['libero_goal'] | n_envs(per task)=10 | init_states=True
[goal/motion_blur_1/baseline] Restricting to task_ids=[1]
[goal/motion_blur_1/baseline] [info] using task orders [0, 1, 2, 3, 4, 5, 6, 7, 8, 9]
[goal/motion_blur_1/baseline] [Warning]: datasets path /opt/LIBERO/libero/libero/../datasets does not exist!
[goal/motion_blur_1/baseline] [Warning]: datasets path /opt/LIBERO/libero/libero/../datasets does not exist!
[goal/motion_blur_1/aegis] [Warning]: datasets path /opt/LIBERO/libero/libero/../datasets does not exist!
[goal/motion_blur_1/aegis] [Warning]: datasets path /opt/LIBERO/libero/libero/../datasets does not exist!
[goal/motion_blur_1/baseline] [Warning]: datasets path /opt/LIBERO/libero/libero/../datasets does not exist!
[goal/motion_blur_1/baseline] [Warning]: datasets path /opt/LIBERO/libero/libero/../datasets does not exist!
[goal/motion_blur_1/aegis] [Warning]: datasets path /opt/LIBERO/libero/libero/../datasets does not exist!
[goal/motion_blur_1/aegis] [Warning]: datasets path /opt/LIBERO/libero/libero/../datasets does not exist!
[goal/motion_blur_1/baseline] [Warning]: datasets path /opt/LIBERO/libero/libero/../datasets does not exist!
[goal/motion_blur_1/baseline] [Warning]: datasets path /opt/LIBERO/libero/libero/../datasets does not exist!
[goal/motion_blur_1/aegis] [Warning]: datasets path /opt/LIBERO/libero/libero/../datasets does not exist!
[goal/motion_blur_1/aegis] [Warning]: datasets path /opt/LIBERO/libero/libero/../datasets does not exist!
[goal/motion_blur_1/baseline] [Warning]: datasets path /opt/LIBERO/libero/libero/../datasets does not exist!
[goal/motion_blur_1/baseline] [Warning]: datasets path /opt/LIBERO/libero/libero/../datasets does not exist!
[goal/motion_blur_1/aegis] [Warning]: datasets path /opt/LIBERO/libero/libero/../datasets does not exist!
[goal/motion_blur_1/aegis] [Warning]: datasets path /opt/LIBERO/libero/libero/../datasets does not exist!
[goal/motion_blur_1/baseline] [Warning]: datasets path /opt/LIBERO/libero/libero/../datasets does not exist!
[goal/motion_blur_1/baseline] [Warning]: datasets path /opt/LIBERO/libero/libero/../datasets does not exist!
[goal/motion_blur_1/aegis] [Warning]: datasets path /opt/LIBERO/libero/libero/../datasets does not exist!
[goal/motion_blur_1/aegis] [Warning]: datasets path /opt/LIBERO/libero/libero/../datasets does not exist!
[goal/motion_blur_1/baseline] [Warning]: datasets path /opt/LIBERO/libero/libero/../datasets does not exist!
[goal/motion_blur_1/baseline] [Warning]: datasets path /opt/LIBERO/libero/libero/../datasets does not exist!
[goal/motion_blur_1/aegis] [Warning]: datasets path /opt/LIBERO/libero/libero/../datasets does not exist!
[goal/motion_blur_1/aegis] [Warning]: datasets path /opt/LIBERO/libero/libero/../datasets does not exist!
[goal/motion_blur_1/baseline] [Warning]: datasets path /opt/LIBERO/libero/libero/../datasets does not exist!
[goal/motion_blur_1/baseline] [Warning]: datasets path /opt/LIBERO/libero/libero/../datasets does not exist!
[goal/motion_blur_1/aegis] [Warning]: datasets path /opt/LIBERO/libero/libero/../datasets does not exist!
[goal/motion_blur_1/aegis] [Warning]: datasets path /opt/LIBERO/libero/libero/../datasets does not exist!
[goal/motion_blur_1/baseline] [Warning]: datasets path /opt/LIBERO/libero/libero/../datasets does not exist!
[goal/motion_blur_1/baseline] [Warning]: datasets path /opt/LIBERO/libero/libero/../datasets does not exist!
[goal/motion_blur_1/aegis] Built vec env | suite=libero_goal | task_id=1 | n_envs=10
[goal/motion_blur_1/baseline] [Warning]: datasets path /opt/LIBERO/libero/libero/../datasets does not exist!
[goal/motion_blur_1/baseline] [Warning]: datasets path /opt/LIBERO/libero/libero/../datasets does not exist!
[goal/motion_blur_1/baseline] [Warning]: datasets path /opt/LIBERO/libero/libero/../datasets does not exist!
[goal/motion_blur_1/baseline] [Warning]: datasets path /opt/LIBERO/libero/libero/../datasets does not exist!
[goal/motion_blur_1/baseline] Built vec env | suite=libero_goal | task_id=1 | n_envs=10
[object/motion_blur_1/baseline] [libero_v] motion_blur_1 t2: 0/10
[object/motion_blur_1/baseline] Creating LIBERO envs | suites=['libero_object'] | n_envs(per task)=10 | init_states=True
[object/motion_blur_1/baseline] Restricting to task_ids=[3]
[object/motion_blur_1/baseline] [info] using task orders [0, 1, 2, 3, 4, 5, 6, 7, 8, 9]
[object/motion_blur_1/baseline] [Warning]: datasets path /opt/LIBERO/libero/libero/../datasets does not exist!
[object/motion_blur_1/baseline] [Warning]: datasets path /opt/LIBERO/libero/libero/../datasets does not exist!
[object/motion_blur_1/baseline] [Warning]: datasets path /opt/LIBERO/libero/libero/../datasets does not exist!
[object/motion_blur_1/baseline] [Warning]: datasets path /opt/LIBERO/libero/libero/../datasets does not exist!
[object/motion_blur_1/baseline] [Warning]: datasets path /opt/LIBERO/libero/libero/../datasets does not exist!
[object/motion_blur_1/baseline] [Warning]: datasets path /opt/LIBERO/libero/libero/../datasets does not exist!
[object/motion_blur_1/baseline] [Warning]: datasets path /opt/LIBERO/libero/libero/../datasets does not exist!
[object/motion_blur_1/baseline] [Warning]: datasets path /opt/LIBERO/libero/libero/../datasets does not exist!
[object/motion_blur_1/baseline] [Warning]: datasets path /opt/LIBERO/libero/libero/../datasets does not exist!
[object/motion_blur_1/baseline] [Warning]: datasets path /opt/LIBERO/libero/libero/../datasets does not exist!
[object/motion_blur_1/baseline] [Warning]: datasets path /opt/LIBERO/libero/libero/../datasets does not exist!
[object/motion_blur_1/baseline] [Warning]: datasets path /opt/LIBERO/libero/libero/../datasets does not exist!
[object/motion_blur_1/baseline] [Warning]: datasets path /opt/LIBERO/libero/libero/../datasets does not exist!
[object/motion_blur_1/baseline] [Warning]: datasets path /opt/LIBERO/libero/libero/../datasets does not exist!
[object/motion_blur_1/baseline] [Warning]: datasets path /opt/LIBERO/libero/libero/../datasets does not exist!
[object/motion_blur_1/baseline] [Warning]: datasets path /opt/LIBERO/libero/libero/../datasets does not exist!
[object/motion_blur_1/baseline] [Warning]: datasets path /opt/LIBERO/libero/libero/../datasets does not exist!
[object/motion_blur_1/baseline] [Warning]: datasets path /opt/LIBERO/libero/libero/../datasets does not exist!
[object/motion_blur_1/baseline] [Warning]: datasets path /opt/LIBERO/libero/libero/../datasets does not exist!
[object/motion_blur_1/baseline] [Warning]: datasets path /opt/LIBERO/libero/libero/../datasets does not exist!
[object/motion_blur_1/baseline] Built vec env | suite=libero_object | task_id=3 | n_envs=10
[goal/motion_blur_1/aegis] [libero_v] motion_blur_1 t1: 10/10
[goal/motion_blur_1/aegis] Creating LIBERO envs | suites=['libero_goal'] | n_envs(per task)=10 | init_states=True
[goal/motion_blur_1/aegis] Restricting to task_ids=[2]
[goal/motion_blur_1/aegis] [info] using task orders [0, 1, 2, 3, 4, 5, 6, 7, 8, 9]
[goal/motion_blur_1/aegis] [Warning]: datasets path /opt/LIBERO/libero/libero/../datasets does not exist!
[goal/motion_blur_1/aegis] [Warning]: datasets path /opt/LIBERO/libero/libero/../datasets does not exist!
[object/gaussian_noise_1/baseline] [libero_v] gaussian_noise_1 t2: 8/10
[object/gaussian_noise_1/baseline] Creating LIBERO envs | suites=['libero_object'] | n_envs(per task)=10 | init_states=True
[object/gaussian_noise_1/baseline] Restricting to task_ids=[3]
[object/gaussian_noise_1/baseline] [info] using task orders [0, 1, 2, 3, 4, 5, 6, 7, 8, 9]
[object/gaussian_noise_1/baseline] [Warning]: datasets path /opt/LIBERO/libero/libero/../datasets does not exist!
[object/gaussian_noise_1/baseline] [Warning]: datasets path /opt/LIBERO/libero/libero/../datasets does not exist!
[goal/motion_blur_1/aegis] [Warning]: datasets path /opt/LIBERO/libero/libero/../datasets does not exist!
[goal/motion_blur_1/aegis] [Warning]: datasets path /opt/LIBERO/libero/libero/../datasets does not exist!
[object/gaussian_noise_1/baseline] [Warning]: datasets path /opt/LIBERO/libero/libero/../datasets does not exist!
[object/gaussian_noise_1/baseline] [Warning]: datasets path /opt/LIBERO/libero/libero/../datasets does not exist!
[object/gaussian_noise_1/baseline] [Warning]: datasets path /opt/LIBERO/libero/libero/../datasets does not exist!
[object/gaussian_noise_1/baseline] [Warning]: datasets path /opt/LIBERO/libero/libero/../datasets does not exist!
[goal/motion_blur_1/aegis] [Warning]: datasets path /opt/LIBERO/libero/libero/../datasets does not exist!
[goal/motion_blur_1/aegis] [Warning]: datasets path /opt/LIBERO/libero/libero/../datasets does not exist!
[object/gaussian_noise_1/baseline] [Warning]: datasets path /opt/LIBERO/libero/libero/../datasets does not exist!
[object/gaussian_noise_1/baseline] [Warning]: datasets path /opt/LIBERO/libero/libero/../datasets does not exist!
[goal/motion_blur_1/aegis] [Warning]: datasets path /opt/LIBERO/libero/libero/../datasets does not exist!
[goal/motion_blur_1/aegis] [Warning]: datasets path /opt/LIBERO/libero/libero/../datasets does not exist!
[object/gaussian_noise_1/baseline] [Warning]: datasets path /opt/LIBERO/libero/libero/../datasets does not exist!
[object/gaussian_noise_1/baseline] [Warning]: datasets path /opt/LIBERO/libero/libero/../datasets does not exist!
[object/gaussian_noise_1/baseline] [Warning]: datasets path /opt/LIBERO/libero/libero/../datasets does not exist!
[goal/motion_blur_1/aegis] [Warning]: datasets path /opt/LIBERO/libero/libero/../datasets does not exist!
[object/gaussian_noise_1/baseline] [Warning]: datasets path /opt/LIBERO/libero/libero/../datasets does not exist!
[goal/motion_blur_1/aegis] [Warning]: datasets path /opt/LIBERO/libero/libero/../datasets does not exist!
[object/gaussian_noise_1/baseline] [Warning]: datasets path /opt/LIBERO/libero/libero/../datasets does not exist!
[object/gaussian_noise_1/baseline] [Warning]: datasets path /opt/LIBERO/libero/libero/../datasets does not exist!
[goal/motion_blur_1/aegis] [Warning]: datasets path /opt/LIBERO/libero/libero/../datasets does not exist!
[goal/motion_blur_1/aegis] [Warning]: datasets path /opt/LIBERO/libero/libero/../datasets does not exist!
[object/gaussian_noise_1/baseline] [Warning]: datasets path /opt/LIBERO/libero/libero/../datasets does not exist!
[object/gaussian_noise_1/baseline] [Warning]: datasets path /opt/LIBERO/libero/libero/../datasets does not exist!
[goal/motion_blur_1/aegis] [Warning]: datasets path /opt/LIBERO/libero/libero/../datasets does not exist!
[object/gaussian_noise_1/baseline] [Warning]: datasets path /opt/LIBERO/libero/libero/../datasets does not exist!
[goal/motion_blur_1/aegis] [Warning]: datasets path /opt/LIBERO/libero/libero/../datasets does not exist!
[object/gaussian_noise_1/baseline] [Warning]: datasets path /opt/LIBERO/libero/libero/../datasets does not exist!
[object/gaussian_noise_1/baseline] [Warning]: datasets path /opt/LIBERO/libero/libero/../datasets does not exist!
[object/gaussian_noise_1/baseline] [Warning]: datasets path /opt/LIBERO/libero/libero/../datasets does not exist!
[goal/motion_blur_1/aegis] [Warning]: datasets path /opt/LIBERO/libero/libero/../datasets does not exist!
[goal/motion_blur_1/aegis] [Warning]: datasets path /opt/LIBERO/libero/libero/../datasets does not exist!
[object/gaussian_noise_1/baseline] Built vec env | suite=libero_object | task_id=3 | n_envs=10
[goal/motion_blur_1/aegis] [Warning]: datasets path /opt/LIBERO/libero/libero/../datasets does not exist!
[goal/motion_blur_1/aegis] [Warning]: datasets path /opt/LIBERO/libero/libero/../datasets does not exist!
[goal/motion_blur_1/aegis] [Warning]: datasets path /opt/LIBERO/libero/libero/../datasets does not exist!
[goal/motion_blur_1/aegis] [Warning]: datasets path /opt/LIBERO/libero/libero/../datasets does not exist!
[goal/motion_blur_1/aegis] Built vec env | suite=libero_goal | task_id=2 | n_envs=10
[goal/lighting_1/aegis] [libero_v] lighting_1 t0: 6/10
[goal/lighting_1/aegis] Creating LIBERO envs | suites=['libero_goal'] | n_envs(per task)=10 | init_states=True
[goal/lighting_1/aegis] Restricting to task_ids=[1]
[goal/lighting_1/aegis] [info] using task orders [0, 1, 2, 3, 4, 5, 6, 7, 8, 9]
[goal/lighting_1/aegis] [Warning]: datasets path /opt/LIBERO/libero/libero/../datasets does not exist!
[goal/lighting_1/aegis] [Warning]: datasets path /opt/LIBERO/libero/libero/../datasets does not exist!
[goal/lighting_1/aegis] [Warning]: datasets path /opt/LIBERO/libero/libero/../datasets does not exist!
[goal/lighting_1/aegis] [Warning]: datasets path /opt/LIBERO/libero/libero/../datasets does not exist!
[goal/lighting_1/aegis] [Warning]: datasets path /opt/LIBERO/libero/libero/../datasets does not exist!
[goal/lighting_1/aegis] [Warning]: datasets path /opt/LIBERO/libero/libero/../datasets does not exist!
[goal/lighting_1/aegis] [Warning]: datasets path /opt/LIBERO/libero/libero/../datasets does not exist!
[goal/lighting_1/aegis] [Warning]: datasets path /opt/LIBERO/libero/libero/../datasets does not exist!
[goal/lighting_1/aegis] [Warning]: datasets path /opt/LIBERO/libero/libero/../datasets does not exist!
[goal/lighting_1/aegis] [Warning]: datasets path /opt/LIBERO/libero/libero/../datasets does not exist!
[goal/lighting_1/aegis] [Warning]: datasets path /opt/LIBERO/libero/libero/../datasets does not exist!
[goal/lighting_1/aegis] [Warning]: datasets path /opt/LIBERO/libero/libero/../datasets does not exist!
[goal/lighting_1/aegis] [Warning]: datasets path /opt/LIBERO/libero/libero/../datasets does not exist!
[goal/lighting_1/aegis] [Warning]: datasets path /opt/LIBERO/libero/libero/../datasets does not exist!
[goal/lighting_1/aegis] [Warning]: datasets path /opt/LIBERO/libero/libero/../datasets does not exist!
[goal/lighting_1/aegis] [Warning]: datasets path /opt/LIBERO/libero/libero/../datasets does not exist!
[goal/lighting_1/aegis] [Warning]: datasets path /opt/LIBERO/libero/libero/../datasets does not exist!
[goal/lighting_1/aegis] [Warning]: datasets path /opt/LIBERO/libero/libero/../datasets does not exist!
[goal/lighting_1/baseline] [libero_v] lighting_1 t0: 9/10
[goal/lighting_1/baseline] Creating LIBERO envs | suites=['libero_goal'] | n_envs(per task)=10 | init_states=True
[goal/lighting_1/baseline] Restricting to task_ids=[1]
[goal/lighting_1/baseline] [info] using task orders [0, 1, 2, 3, 4, 5, 6, 7, 8, 9]
[goal/lighting_1/baseline] [Warning]: datasets path /opt/LIBERO/libero/libero/../datasets does not exist!
[goal/lighting_1/baseline] [Warning]: datasets path /opt/LIBERO/libero/libero/../datasets does not exist!
[goal/lighting_1/aegis] [Warning]: datasets path /opt/LIBERO/libero/libero/../datasets does not exist!
[goal/lighting_1/aegis] [Warning]: datasets path /opt/LIBERO/libero/libero/../datasets does not exist!
[goal/lighting_1/baseline] [Warning]: datasets path /opt/LIBERO/libero/libero/../datasets does not exist!
[goal/lighting_1/baseline] [Warning]: datasets path /opt/LIBERO/libero/libero/../datasets does not exist!
[goal/lighting_1/aegis] Built vec env | suite=libero_goal | task_id=1 | n_envs=10
[goal/lighting_1/baseline] [Warning]: datasets path /opt/LIBERO/libero/libero/../datasets does not exist!
[goal/lighting_1/baseline] [Warning]: datasets path /opt/LIBERO/libero/libero/../datasets does not exist!
[goal/lighting_1/baseline] [Warning]: datasets path /opt/LIBERO/libero/libero/../datasets does not exist!
[goal/lighting_1/baseline] [Warning]: datasets path /opt/LIBERO/libero/libero/../datasets does not exist!
[goal/lighting_1/baseline] [Warning]: datasets path /opt/LIBERO/libero/libero/../datasets does not exist!
[goal/lighting_1/baseline] [Warning]: datasets path /opt/LIBERO/libero/libero/../datasets does not exist!
[goal/lighting_1/baseline] [Warning]: datasets path /opt/LIBERO/libero/libero/../datasets does not exist!
[goal/lighting_1/baseline] [Warning]: datasets path /opt/LIBERO/libero/libero/../datasets does not exist!
[goal/lighting_1/baseline] [Warning]: datasets path /opt/LIBERO/libero/libero/../datasets does not exist!
[goal/lighting_1/baseline] [Warning]: datasets path /opt/LIBERO/libero/libero/../datasets does not exist!
[goal/lighting_1/baseline] [Warning]: datasets path /opt/LIBERO/libero/libero/../datasets does not exist!
[goal/lighting_1/baseline] [Warning]: datasets path /opt/LIBERO/libero/libero/../datasets does not exist!
[goal/lighting_1/baseline] [Warning]: datasets path /opt/LIBERO/libero/libero/../datasets does not exist!
[goal/lighting_1/baseline] [Warning]: datasets path /opt/LIBERO/libero/libero/../datasets does not exist!
[goal/lighting_1/baseline] [Warning]: datasets path /opt/LIBERO/libero/libero/../datasets does not exist!
[goal/lighting_1/baseline] [Warning]: datasets path /opt/LIBERO/libero/libero/../datasets does not exist!
[goal/lighting_1/baseline] Built vec env | suite=libero_goal | task_id=1 | n_envs=10
[object/motion_blur_1/baseline] [libero_v] motion_blur_1 t3: 0/10
[object/motion_blur_1/baseline] Creating LIBERO envs | suites=['libero_object'] | n_envs(per task)=10 | init_states=True
[object/motion_blur_1/baseline] Restricting to task_ids=[4]
[object/motion_blur_1/baseline] [info] using task orders [0, 1, 2, 3, 4, 5, 6, 7, 8, 9]
[object/motion_blur_1/baseline] [Warning]: datasets path /opt/LIBERO/libero/libero/../datasets does not exist!
[object/motion_blur_1/baseline] [Warning]: datasets path /opt/LIBERO/libero/libero/../datasets does not exist!
[object/motion_blur_1/baseline] [Warning]: datasets path /opt/LIBERO/libero/libero/../datasets does not exist!
[object/motion_blur_1/baseline] [Warning]: datasets path /opt/LIBERO/libero/libero/../datasets does not exist!
[object/motion_blur_1/baseline] [Warning]: datasets path /opt/LIBERO/libero/libero/../datasets does not exist!
[object/motion_blur_1/baseline] [Warning]: datasets path /opt/LIBERO/libero/libero/../datasets does not exist!
[object/motion_blur_1/baseline] [Warning]: datasets path /opt/LIBERO/libero/libero/../datasets does not exist!
[object/motion_blur_1/baseline] [Warning]: datasets path /opt/LIBERO/libero/libero/../datasets does not exist!
[object/motion_blur_1/baseline] [Warning]: datasets path /opt/LIBERO/libero/libero/../datasets does not exist!
[object/motion_blur_1/baseline] [Warning]: datasets path /opt/LIBERO/libero/libero/../datasets does not exist!
[object/motion_blur_1/baseline] [Warning]: datasets path /opt/LIBERO/libero/libero/../datasets does not exist!
[object/motion_blur_1/baseline] [Warning]: datasets path /opt/LIBERO/libero/libero/../datasets does not exist!
[object/motion_blur_1/baseline] [Warning]: datasets path /opt/LIBERO/libero/libero/../datasets does not exist!
[object/motion_blur_1/baseline] [Warning]: datasets path /opt/LIBERO/libero/libero/../datasets does not exist!
[object/motion_blur_1/baseline] [Warning]: datasets path /opt/LIBERO/libero/libero/../datasets does not exist!
[object/motion_blur_1/baseline] [Warning]: datasets path /opt/LIBERO/libero/libero/../datasets does not exist!
[object/motion_blur_1/baseline] [Warning]: datasets path /opt/LIBERO/libero/libero/../datasets does not exist!
[object/motion_blur_1/baseline] [Warning]: datasets path /opt/LIBERO/libero/libero/../datasets does not exist!
[object/motion_blur_1/baseline] [Warning]: datasets path /opt/LIBERO/libero/libero/../datasets does not exist!
[object/motion_blur_1/baseline] [Warning]: datasets path /opt/LIBERO/libero/libero/../datasets does not exist!
[object/motion_blur_1/baseline] Built vec env | suite=libero_object | task_id=4 | n_envs=10
[object/gaussian_noise_1/baseline] [libero_v] gaussian_noise_1 t3: 0/10
[object/gaussian_noise_1/baseline] Creating LIBERO envs | suites=['libero_object'] | n_envs(per task)=10 | init_states=True
[object/gaussian_noise_1/baseline] Restricting to task_ids=[4]
[object/gaussian_noise_1/baseline] [info] using task orders [0, 1, 2, 3, 4, 5, 6, 7, 8, 9]
[object/gaussian_noise_1/baseline] [Warning]: datasets path /opt/LIBERO/libero/libero/../datasets does not exist!
[object/gaussian_noise_1/baseline] [Warning]: datasets path /opt/LIBERO/libero/libero/../datasets does not exist!
[object/gaussian_noise_1/baseline] [Warning]: datasets path /opt/LIBERO/libero/libero/../datasets does not exist!
[object/gaussian_noise_1/baseline] [Warning]: datasets path /opt/LIBERO/libero/libero/../datasets does not exist!
[object/gaussian_noise_1/baseline] [Warning]: datasets path /opt/LIBERO/libero/libero/../datasets does not exist!
[object/gaussian_noise_1/baseline] [Warning]: datasets path /opt/LIBERO/libero/libero/../datasets does not exist!
[object/gaussian_noise_1/baseline] [Warning]: datasets path /opt/LIBERO/libero/libero/../datasets does not exist!
[object/gaussian_noise_1/baseline] [Warning]: datasets path /opt/LIBERO/libero/libero/../datasets does not exist!
[object/gaussian_noise_1/baseline] [Warning]: datasets path /opt/LIBERO/libero/libero/../datasets does not exist!
[object/gaussian_noise_1/baseline] [Warning]: datasets path /opt/LIBERO/libero/libero/../datasets does not exist!
[object/gaussian_noise_1/baseline] [Warning]: datasets path /opt/LIBERO/libero/libero/../datasets does not exist!
[object/gaussian_noise_1/baseline] [Warning]: datasets path /opt/LIBERO/libero/libero/../datasets does not exist!
[object/gaussian_noise_1/baseline] [Warning]: datasets path /opt/LIBERO/libero/libero/../datasets does not exist!
[object/gaussian_noise_1/baseline] [Warning]: datasets path /opt/LIBERO/libero/libero/../datasets does not exist!
[object/gaussian_noise_1/baseline] [Warning]: datasets path /opt/LIBERO/libero/libero/../datasets does not exist!
[object/gaussian_noise_1/baseline] [Warning]: datasets path /opt/LIBERO/libero/libero/../datasets does not exist!
[object/gaussian_noise_1/baseline] [Warning]: datasets path /opt/LIBERO/libero/libero/../datasets does not exist!
[object/gaussian_noise_1/baseline] [Warning]: datasets path /opt/LIBERO/libero/libero/../datasets does not exist!
[object/gaussian_noise_1/baseline] [Warning]: datasets path /opt/LIBERO/libero/libero/../datasets does not exist!
[object/gaussian_noise_1/baseline] [Warning]: datasets path /opt/LIBERO/libero/libero/../datasets does not exist!
[object/gaussian_noise_1/baseline] Built vec env | suite=libero_object | task_id=4 | n_envs=10
[goal/motion_blur_1/baseline] [libero_v] motion_blur_1 t1: 0/10
[goal/motion_blur_1/baseline] Creating LIBERO envs | suites=['libero_goal'] | n_envs(per task)=10 | init_states=True
[goal/motion_blur_1/baseline] Restricting to task_ids=[2]
[goal/motion_blur_1/baseline] [info] using task orders [0, 1, 2, 3, 4, 5, 6, 7, 8, 9]
[goal/motion_blur_1/baseline] [Warning]: datasets path /opt/LIBERO/libero/libero/../datasets does not exist!
[goal/motion_blur_1/baseline] [Warning]: datasets path /opt/LIBERO/libero/libero/../datasets does not exist!
[goal/motion_blur_1/baseline] [Warning]: datasets path /opt/LIBERO/libero/libero/../datasets does not exist!
[goal/motion_blur_1/baseline] [Warning]: datasets path /opt/LIBERO/libero/libero/../datasets does not exist!
[goal/motion_blur_1/baseline] [Warning]: datasets path /opt/LIBERO/libero/libero/../datasets does not exist!
[goal/motion_blur_1/baseline] [Warning]: datasets path /opt/LIBERO/libero/libero/../datasets does not exist!
[goal/motion_blur_1/baseline] [Warning]: datasets path /opt/LIBERO/libero/libero/../datasets does not exist!
[goal/motion_blur_1/baseline] [Warning]: datasets path /opt/LIBERO/libero/libero/../datasets does not exist!
[goal/motion_blur_1/baseline] [Warning]: datasets path /opt/LIBERO/libero/libero/../datasets does not exist!
[goal/motion_blur_1/baseline] [Warning]: datasets path /opt/LIBERO/libero/libero/../datasets does not exist!
[goal/motion_blur_1/baseline] [Warning]: datasets path /opt/LIBERO/libero/libero/../datasets does not exist!
[goal/motion_blur_1/baseline] [Warning]: datasets path /opt/LIBERO/libero/libero/../datasets does not exist!
[goal/motion_blur_1/baseline] [Warning]: datasets path /opt/LIBERO/libero/libero/../datasets does not exist!
[goal/motion_blur_1/baseline] [Warning]: datasets path /opt/LIBERO/libero/libero/../datasets does not exist!
[goal/motion_blur_1/baseline] [Warning]: datasets path /opt/LIBERO/libero/libero/../datasets does not exist!
[goal/motion_blur_1/baseline] [Warning]: datasets path /opt/LIBERO/libero/libero/../datasets does not exist!
[goal/motion_blur_1/baseline] [Warning]: datasets path /opt/LIBERO/libero/libero/../datasets does not exist!
[goal/motion_blur_1/baseline] [Warning]: datasets path /opt/LIBERO/libero/libero/../datasets does not exist!
[goal/motion_blur_1/baseline] [Warning]: datasets path /opt/LIBERO/libero/libero/../datasets does not exist!
[goal/motion_blur_1/baseline] [Warning]: datasets path /opt/LIBERO/libero/libero/../datasets does not exist!
[goal/motion_blur_1/baseline] Built vec env | suite=libero_goal | task_id=2 | n_envs=10
[object/motion_blur_1/baseline] [libero_v] motion_blur_1 t4: 0/10
[object/motion_blur_1/baseline] Creating LIBERO envs | suites=['libero_object'] | n_envs(per task)=10 | init_states=True
[object/motion_blur_1/baseline] Restricting to task_ids=[5]
[object/motion_blur_1/baseline] [info] using task orders [0, 1, 2, 3, 4, 5, 6, 7, 8, 9]
[object/motion_blur_1/baseline] [Warning]: datasets path /opt/LIBERO/libero/libero/../datasets does not exist!
[object/motion_blur_1/baseline] [Warning]: datasets path /opt/LIBERO/libero/libero/../datasets does not exist!
[object/motion_blur_1/baseline] [Warning]: datasets path /opt/LIBERO/libero/libero/../datasets does not exist!
[object/motion_blur_1/baseline] [Warning]: datasets path /opt/LIBERO/libero/libero/../datasets does not exist!
[object/motion_blur_1/baseline] [Warning]: datasets path /opt/LIBERO/libero/libero/../datasets does not exist!
[object/motion_blur_1/baseline] [Warning]: datasets path /opt/LIBERO/libero/libero/../datasets does not exist!
[object/motion_blur_1/baseline] [Warning]: datasets path /opt/LIBERO/libero/libero/../datasets does not exist!
[object/motion_blur_1/baseline] [Warning]: datasets path /opt/LIBERO/libero/libero/../datasets does not exist!
[object/motion_blur_1/baseline] [Warning]: datasets path /opt/LIBERO/libero/libero/../datasets does not exist!
[object/motion_blur_1/baseline] [Warning]: datasets path /opt/LIBERO/libero/libero/../datasets does not exist!
[object/motion_blur_1/baseline] [Warning]: datasets path /opt/LIBERO/libero/libero/../datasets does not exist!
[object/motion_blur_1/baseline] [Warning]: datasets path /opt/LIBERO/libero/libero/../datasets does not exist!
[object/motion_blur_1/baseline] [Warning]: datasets path /opt/LIBERO/libero/libero/../datasets does not exist!
[object/motion_blur_1/baseline] [Warning]: datasets path /opt/LIBERO/libero/libero/../datasets does not exist!
[object/motion_blur_1/baseline] [Warning]: datasets path /opt/LIBERO/libero/libero/../datasets does not exist!
[object/motion_blur_1/baseline] [Warning]: datasets path /opt/LIBERO/libero/libero/../datasets does not exist!
[object/motion_blur_1/baseline] [Warning]: datasets path /opt/LIBERO/libero/libero/../datasets does not exist!
[object/motion_blur_1/baseline] [Warning]: datasets path /opt/LIBERO/libero/libero/../datasets does not exist!
[object/motion_blur_1/baseline] [Warning]: datasets path /opt/LIBERO/libero/libero/../datasets does not exist!
[object/motion_blur_1/baseline] [Warning]: datasets path /opt/LIBERO/libero/libero/../datasets does not exist!
[object/motion_blur_1/baseline] Built vec env | suite=libero_object | task_id=5 | n_envs=10
[goal/lighting_1/aegis] [libero_v] lighting_1 t1: 10/10
[goal/lighting_1/aegis] Creating LIBERO envs | suites=['libero_goal'] | n_envs(per task)=10 | init_states=True
[goal/lighting_1/aegis] Restricting to task_ids=[2]
[goal/lighting_1/aegis] [info] using task orders [0, 1, 2, 3, 4, 5, 6, 7, 8, 9]
[goal/lighting_1/aegis] [Warning]: datasets path /opt/LIBERO/libero/libero/../datasets does not exist!
[goal/lighting_1/aegis] [Warning]: datasets path /opt/LIBERO/libero/libero/../datasets does not exist!
[goal/lighting_1/aegis] [Warning]: datasets path /opt/LIBERO/libero/libero/../datasets does not exist!
[goal/lighting_1/aegis] [Warning]: datasets path /opt/LIBERO/libero/libero/../datasets does not exist!
[goal/lighting_1/aegis] [Warning]: datasets path /opt/LIBERO/libero/libero/../datasets does not exist!
[goal/lighting_1/aegis] [Warning]: datasets path /opt/LIBERO/libero/libero/../datasets does not exist!
[goal/lighting_1/aegis] [Warning]: datasets path /opt/LIBERO/libero/libero/../datasets does not exist!
[goal/lighting_1/aegis] [Warning]: datasets path /opt/LIBERO/libero/libero/../datasets does not exist!
[goal/lighting_1/aegis] [Warning]: datasets path /opt/LIBERO/libero/libero/../datasets does not exist!
[goal/lighting_1/aegis] [Warning]: datasets path /opt/LIBERO/libero/libero/../datasets does not exist!
[goal/lighting_1/aegis] [Warning]: datasets path /opt/LIBERO/libero/libero/../datasets does not exist!
[goal/lighting_1/aegis] [Warning]: datasets path /opt/LIBERO/libero/libero/../datasets does not exist!
[goal/lighting_1/aegis] [Warning]: datasets path /opt/LIBERO/libero/libero/../datasets does not exist!
[goal/lighting_1/aegis] [Warning]: datasets path /opt/LIBERO/libero/libero/../datasets does not exist!
[goal/lighting_1/aegis] [Warning]: datasets path /opt/LIBERO/libero/libero/../datasets does not exist!
[goal/lighting_1/aegis] [Warning]: datasets path /opt/LIBERO/libero/libero/../datasets does not exist!
[goal/lighting_1/aegis] [Warning]: datasets path /opt/LIBERO/libero/libero/../datasets does not exist!
[goal/lighting_1/aegis] [Warning]: datasets path /opt/LIBERO/libero/libero/../datasets does not exist!
[goal/lighting_1/aegis] [Warning]: datasets path /opt/LIBERO/libero/libero/../datasets does not exist!
[goal/lighting_1/aegis] [Warning]: datasets path /opt/LIBERO/libero/libero/../datasets does not exist!
[goal/lighting_1/baseline] [libero_v] lighting_1 t1: 10/10
[goal/lighting_1/baseline] Creating LIBERO envs | suites=['libero_goal'] | n_envs(per task)=10 | init_states=True
[goal/lighting_1/baseline] Restricting to task_ids=[2]
[goal/lighting_1/baseline] [info] using task orders [0, 1, 2, 3, 4, 5, 6, 7, 8, 9]
[goal/lighting_1/baseline] [Warning]: datasets path /opt/LIBERO/libero/libero/../datasets does not exist!
[goal/lighting_1/baseline] [Warning]: datasets path /opt/LIBERO/libero/libero/../datasets does not exist!
[goal/lighting_1/aegis] Built vec env | suite=libero_goal | task_id=2 | n_envs=10
[goal/lighting_1/baseline] [Warning]: datasets path /opt/LIBERO/libero/libero/../datasets does not exist!
[goal/lighting_1/baseline] [Warning]: datasets path /opt/LIBERO/libero/libero/../datasets does not exist!
[goal/lighting_1/baseline] [Warning]: datasets path /opt/LIBERO/libero/libero/../datasets does not exist!
[goal/lighting_1/baseline] [Warning]: datasets path /opt/LIBERO/libero/libero/../datasets does not exist!
[goal/lighting_1/baseline] [Warning]: datasets path /opt/LIBERO/libero/libero/../datasets does not exist!
[goal/lighting_1/baseline] [Warning]: datasets path /opt/LIBERO/libero/libero/../datasets does not exist!
[goal/lighting_1/baseline] [Warning]: datasets path /opt/LIBERO/libero/libero/../datasets does not exist!
[goal/lighting_1/baseline] [Warning]: datasets path /opt/LIBERO/libero/libero/../datasets does not exist!
[goal/lighting_1/baseline] [Warning]: datasets path /opt/LIBERO/libero/libero/../datasets does not exist!
[goal/lighting_1/baseline] [Warning]: datasets path /opt/LIBERO/libero/libero/../datasets does not exist!
[goal/lighting_1/baseline] [Warning]: datasets path /opt/LIBERO/libero/libero/../datasets does not exist!
[goal/lighting_1/baseline] [Warning]: datasets path /opt/LIBERO/libero/libero/../datasets does not exist!
[goal/lighting_1/baseline] [Warning]: datasets path /opt/LIBERO/libero/libero/../datasets does not exist!
[goal/lighting_1/baseline] [Warning]: datasets path /opt/LIBERO/libero/libero/../datasets does not exist!
[goal/lighting_1/baseline] [Warning]: datasets path /opt/LIBERO/libero/libero/../datasets does not exist!
[goal/lighting_1/baseline] [Warning]: datasets path /opt/LIBERO/libero/libero/../datasets does not exist!
[goal/lighting_1/baseline] [Warning]: datasets path /opt/LIBERO/libero/libero/../datasets does not exist!
[goal/lighting_1/baseline] [Warning]: datasets path /opt/LIBERO/libero/libero/../datasets does not exist!
[goal/lighting_1/baseline] Built vec env | suite=libero_goal | task_id=2 | n_envs=10
[object/gaussian_noise_1/baseline] [libero_v] gaussian_noise_1 t4: 7/10
[object/gaussian_noise_1/baseline] Creating LIBERO envs | suites=['libero_object'] | n_envs(per task)=10 | init_states=True
[object/gaussian_noise_1/baseline] Restricting to task_ids=[5]
[object/gaussian_noise_1/baseline] [info] using task orders [0, 1, 2, 3, 4, 5, 6, 7, 8, 9]
[object/gaussian_noise_1/baseline] [Warning]: datasets path /opt/LIBERO/libero/libero/../datasets does not exist!
[object/gaussian_noise_1/baseline] [Warning]: datasets path /opt/LIBERO/libero/libero/../datasets does not exist!
[object/gaussian_noise_1/baseline] [Warning]: datasets path /opt/LIBERO/libero/libero/../datasets does not exist!
[object/gaussian_noise_1/baseline] [Warning]: datasets path /opt/LIBERO/libero/libero/../datasets does not exist!
[object/gaussian_noise_1/baseline] [Warning]: datasets path /opt/LIBERO/libero/libero/../datasets does not exist!
[object/gaussian_noise_1/baseline] [Warning]: datasets path /opt/LIBERO/libero/libero/../datasets does not exist!
[object/gaussian_noise_1/baseline] [Warning]: datasets path /opt/LIBERO/libero/libero/../datasets does not exist!
[object/gaussian_noise_1/baseline] [Warning]: datasets path /opt/LIBERO/libero/libero/../datasets does not exist!
[object/gaussian_noise_1/baseline] [Warning]: datasets path /opt/LIBERO/libero/libero/../datasets does not exist!
[object/gaussian_noise_1/baseline] [Warning]: datasets path /opt/LIBERO/libero/libero/../datasets does not exist!
[object/gaussian_noise_1/baseline] [Warning]: datasets path /opt/LIBERO/libero/libero/../datasets does not exist!
[object/gaussian_noise_1/baseline] [Warning]: datasets path /opt/LIBERO/libero/libero/../datasets does not exist!
[object/gaussian_noise_1/baseline] [Warning]: datasets path /opt/LIBERO/libero/libero/../datasets does not exist!
[object/gaussian_noise_1/baseline] [Warning]: datasets path /opt/LIBERO/libero/libero/../datasets does not exist!
[object/gaussian_noise_1/baseline] [Warning]: datasets path /opt/LIBERO/libero/libero/../datasets does not exist!
[object/gaussian_noise_1/baseline] [Warning]: datasets path /opt/LIBERO/libero/libero/../datasets does not exist!
[object/gaussian_noise_1/baseline] [Warning]: datasets path /opt/LIBERO/libero/libero/../datasets does not exist!
[object/gaussian_noise_1/baseline] [Warning]: datasets path /opt/LIBERO/libero/libero/../datasets does not exist!
[object/gaussian_noise_1/baseline] [Warning]: datasets path /opt/LIBERO/libero/libero/../datasets does not exist!
[object/gaussian_noise_1/baseline] [Warning]: datasets path /opt/LIBERO/libero/libero/../datasets does not exist!
[object/gaussian_noise_1/baseline] Built vec env | suite=libero_object | task_id=5 | n_envs=10
[goal/motion_blur_1/aegis] [libero_v] motion_blur_1 t2: 9/10
[goal/motion_blur_1/aegis] Creating LIBERO envs | suites=['libero_goal'] | n_envs(per task)=10 | init_states=True
[goal/motion_blur_1/aegis] Restricting to task_ids=[3]
[goal/motion_blur_1/aegis] [info] using task orders [0, 1, 2, 3, 4, 5, 6, 7, 8, 9]
[goal/motion_blur_1/aegis] [Warning]: datasets path /opt/LIBERO/libero/libero/../datasets does not exist!
[goal/motion_blur_1/aegis] [Warning]: datasets path /opt/LIBERO/libero/libero/../datasets does not exist!
[goal/motion_blur_1/aegis] [Warning]: datasets path /opt/LIBERO/libero/libero/../datasets does not exist!
[goal/motion_blur_1/aegis] [Warning]: datasets path /opt/LIBERO/libero/libero/../datasets does not exist!
[goal/motion_blur_1/aegis] [Warning]: datasets path /opt/LIBERO/libero/libero/../datasets does not exist!
[goal/motion_blur_1/aegis] [Warning]: datasets path /opt/LIBERO/libero/libero/../datasets does not exist!
[goal/motion_blur_1/aegis] [Warning]: datasets path /opt/LIBERO/libero/libero/../datasets does not exist!
[goal/motion_blur_1/aegis] [Warning]: datasets path /opt/LIBERO/libero/libero/../datasets does not exist!
[goal/motion_blur_1/aegis] [Warning]: datasets path /opt/LIBERO/libero/libero/../datasets does not exist!
[goal/motion_blur_1/aegis] [Warning]: datasets path /opt/LIBERO/libero/libero/../datasets does not exist!
[goal/motion_blur_1/aegis] [Warning]: datasets path /opt/LIBERO/libero/libero/../datasets does not exist!
[goal/motion_blur_1/aegis] [Warning]: datasets path /opt/LIBERO/libero/libero/../datasets does not exist!
[goal/motion_blur_1/aegis] [Warning]: datasets path /opt/LIBERO/libero/libero/../datasets does not exist!
[goal/motion_blur_1/aegis] [Warning]: datasets path /opt/LIBERO/libero/libero/../datasets does not exist!
[goal/motion_blur_1/aegis] [Warning]: datasets path /opt/LIBERO/libero/libero/../datasets does not exist!
[goal/motion_blur_1/aegis] [Warning]: datasets path /opt/LIBERO/libero/libero/../datasets does not exist!
[goal/motion_blur_1/aegis] [Warning]: datasets path /opt/LIBERO/libero/libero/../datasets does not exist!
[goal/motion_blur_1/aegis] [Warning]: datasets path /opt/LIBERO/libero/libero/../datasets does not exist!
[goal/motion_blur_1/aegis] [Warning]: datasets path /opt/LIBERO/libero/libero/../datasets does not exist!
[goal/motion_blur_1/aegis] [Warning]: datasets path /opt/LIBERO/libero/libero/../datasets does not exist!
[goal/motion_blur_1/aegis] Built vec env | suite=libero_goal | task_id=3 | n_envs=10
[object/motion_blur_1/baseline] [libero_v] motion_blur_1 t5: 0/10
[object/motion_blur_1/baseline] Creating LIBERO envs | suites=['libero_object'] | n_envs(per task)=10 | init_states=True
[object/motion_blur_1/baseline] Restricting to task_ids=[6]
[object/motion_blur_1/baseline] [info] using task orders [0, 1, 2, 3, 4, 5, 6, 7, 8, 9]
[object/motion_blur_1/baseline] [Warning]: datasets path /opt/LIBERO/libero/libero/../datasets does not exist!
[object/motion_blur_1/baseline] [Warning]: datasets path /opt/LIBERO/libero/libero/../datasets does not exist!
[object/motion_blur_1/baseline] [Warning]: datasets path /opt/LIBERO/libero/libero/../datasets does not exist!
[object/motion_blur_1/baseline] [Warning]: datasets path /opt/LIBERO/libero/libero/../datasets does not exist!
[object/motion_blur_1/baseline] [Warning]: datasets path /opt/LIBERO/libero/libero/../datasets does not exist!
[object/motion_blur_1/baseline] [Warning]: datasets path /opt/LIBERO/libero/libero/../datasets does not exist!
[object/motion_blur_1/baseline] [Warning]: datasets path /opt/LIBERO/libero/libero/../datasets does not exist!
[object/motion_blur_1/baseline] [Warning]: datasets path /opt/LIBERO/libero/libero/../datasets does not exist!
[object/motion_blur_1/baseline] [Warning]: datasets path /opt/LIBERO/libero/libero/../datasets does not exist!
[object/motion_blur_1/baseline] [Warning]: datasets path /opt/LIBERO/libero/libero/../datasets does not exist!
[object/motion_blur_1/baseline] [Warning]: datasets path /opt/LIBERO/libero/libero/../datasets does not exist!
[object/motion_blur_1/baseline] [Warning]: datasets path /opt/LIBERO/libero/libero/../datasets does not exist!
[object/motion_blur_1/baseline] [Warning]: datasets path /opt/LIBERO/libero/libero/../datasets does not exist!
[object/motion_blur_1/baseline] [Warning]: datasets path /opt/LIBERO/libero/libero/../datasets does not exist!
[object/motion_blur_1/baseline] [Warning]: datasets path /opt/LIBERO/libero/libero/../datasets does not exist!
[object/motion_blur_1/baseline] [Warning]: datasets path /opt/LIBERO/libero/libero/../datasets does not exist!
[object/motion_blur_1/baseline] [Warning]: datasets path /opt/LIBERO/libero/libero/../datasets does not exist!
[object/motion_blur_1/baseline] [Warning]: datasets path /opt/LIBERO/libero/libero/../datasets does not exist!
[object/motion_blur_1/baseline] [Warning]: datasets path /opt/LIBERO/libero/libero/../datasets does not exist!
[object/motion_blur_1/baseline] [Warning]: datasets path /opt/LIBERO/libero/libero/../datasets does not exist!
[object/motion_blur_1/baseline] Built vec env | suite=libero_object | task_id=6 | n_envs=10
[object/gaussian_noise_1/baseline] [libero_v] gaussian_noise_1 t5: 0/10
[object/gaussian_noise_1/baseline] Creating LIBERO envs | suites=['libero_object'] | n_envs(per task)=10 | init_states=True
[object/gaussian_noise_1/baseline] Restricting to task_ids=[6]
[object/gaussian_noise_1/baseline] [info] using task orders [0, 1, 2, 3, 4, 5, 6, 7, 8, 9]
[object/gaussian_noise_1/baseline] [Warning]: datasets path /opt/LIBERO/libero/libero/../datasets does not exist!
[object/gaussian_noise_1/baseline] [Warning]: datasets path /opt/LIBERO/libero/libero/../datasets does not exist!
[object/gaussian_noise_1/baseline] [Warning]: datasets path /opt/LIBERO/libero/libero/../datasets does not exist!
[object/gaussian_noise_1/baseline] [Warning]: datasets path /opt/LIBERO/libero/libero/../datasets does not exist!
[object/gaussian_noise_1/baseline] [Warning]: datasets path /opt/LIBERO/libero/libero/../datasets does not exist!
[object/gaussian_noise_1/baseline] [Warning]: datasets path /opt/LIBERO/libero/libero/../datasets does not exist!
[object/gaussian_noise_1/baseline] [Warning]: datasets path /opt/LIBERO/libero/libero/../datasets does not exist!
[object/gaussian_noise_1/baseline] [Warning]: datasets path /opt/LIBERO/libero/libero/../datasets does not exist!
[object/gaussian_noise_1/baseline] [Warning]: datasets path /opt/LIBERO/libero/libero/../datasets does not exist!
[object/gaussian_noise_1/baseline] [Warning]: datasets path /opt/LIBERO/libero/libero/../datasets does not exist!
[object/gaussian_noise_1/baseline] [Warning]: datasets path /opt/LIBERO/libero/libero/../datasets does not exist!
[object/gaussian_noise_1/baseline] [Warning]: datasets path /opt/LIBERO/libero/libero/../datasets does not exist!
[object/gaussian_noise_1/baseline] [Warning]: datasets path /opt/LIBERO/libero/libero/../datasets does not exist!
[object/gaussian_noise_1/baseline] [Warning]: datasets path /opt/LIBERO/libero/libero/../datasets does not exist!
[object/gaussian_noise_1/baseline] [Warning]: datasets path /opt/LIBERO/libero/libero/../datasets does not exist!
[object/gaussian_noise_1/baseline] [Warning]: datasets path /opt/LIBERO/libero/libero/../datasets does not exist!
[object/gaussian_noise_1/baseline] [Warning]: datasets path /opt/LIBERO/libero/libero/../datasets does not exist!
[object/gaussian_noise_1/baseline] [Warning]: datasets path /opt/LIBERO/libero/libero/../datasets does not exist!
[object/gaussian_noise_1/baseline] [Warning]: datasets path /opt/LIBERO/libero/libero/../datasets does not exist!
[object/gaussian_noise_1/baseline] [Warning]: datasets path /opt/LIBERO/libero/libero/../datasets does not exist!
[object/gaussian_noise_1/baseline] Built vec env | suite=libero_object | task_id=6 | n_envs=10
[goal/motion_blur_1/baseline] [libero_v] motion_blur_1 t2: 0/10
[goal/motion_blur_1/baseline] Creating LIBERO envs | suites=['libero_goal'] | n_envs(per task)=10 | init_states=True
[goal/motion_blur_1/baseline] Restricting to task_ids=[3]
[goal/motion_blur_1/baseline] [info] using task orders [0, 1, 2, 3, 4, 5, 6, 7, 8, 9]
[goal/motion_blur_1/baseline] [Warning]: datasets path /opt/LIBERO/libero/libero/../datasets does not exist!
[goal/motion_blur_1/baseline] [Warning]: datasets path /opt/LIBERO/libero/libero/../datasets does not exist!
[goal/lighting_1/aegis] [libero_v] lighting_1 t2: 10/10
[goal/motion_blur_1/baseline] [Warning]: datasets path /opt/LIBERO/libero/libero/../datasets does not exist!
[goal/lighting_1/aegis] Creating LIBERO envs | suites=['libero_goal'] | n_envs(per task)=10 | init_states=True
[goal/lighting_1/aegis] Restricting to task_ids=[3]
[goal/lighting_1/aegis] [info] using task orders [0, 1, 2, 3, 4, 5, 6, 7, 8, 9]
[goal/lighting_1/aegis] [Warning]: datasets path /opt/LIBERO/libero/libero/../datasets does not exist!
[goal/lighting_1/aegis] [Warning]: datasets path /opt/LIBERO/libero/libero/../datasets does not exist!
[goal/motion_blur_1/baseline] [Warning]: datasets path /opt/LIBERO/libero/libero/../datasets does not exist!
[goal/lighting_1/aegis] [Warning]: datasets path /opt/LIBERO/libero/libero/../datasets does not exist!
[goal/motion_blur_1/baseline] [Warning]: datasets path /opt/LIBERO/libero/libero/../datasets does not exist!
[goal/lighting_1/aegis] [Warning]: datasets path /opt/LIBERO/libero/libero/../datasets does not exist!
[goal/motion_blur_1/baseline] [Warning]: datasets path /opt/LIBERO/libero/libero/../datasets does not exist!
[goal/lighting_1/aegis] [Warning]: datasets path /opt/LIBERO/libero/libero/../datasets does not exist!
[goal/motion_blur_1/baseline] [Warning]: datasets path /opt/LIBERO/libero/libero/../datasets does not exist!
[goal/lighting_1/aegis] [Warning]: datasets path /opt/LIBERO/libero/libero/../datasets does not exist!
[goal/motion_blur_1/baseline] [Warning]: datasets path /opt/LIBERO/libero/libero/../datasets does not exist!
[goal/lighting_1/aegis] [Warning]: datasets path /opt/LIBERO/libero/libero/../datasets does not exist!
[goal/lighting_1/aegis] [Warning]: datasets path /opt/LIBERO/libero/libero/../datasets does not exist!
[goal/motion_blur_1/baseline] [Warning]: datasets path /opt/LIBERO/libero/libero/../datasets does not exist!
[goal/motion_blur_1/baseline] [Warning]: datasets path /opt/LIBERO/libero/libero/../datasets does not exist!
[goal/lighting_1/aegis] [Warning]: datasets path /opt/LIBERO/libero/libero/../datasets does not exist!
[goal/lighting_1/aegis] [Warning]: datasets path /opt/LIBERO/libero/libero/../datasets does not exist!
[goal/lighting_1/baseline] [libero_v] lighting_1 t2: 10/10
[goal/lighting_1/baseline] Creating LIBERO envs | suites=['libero_goal'] | n_envs(per task)=10 | init_states=True
[goal/lighting_1/baseline] Restricting to task_ids=[3]
[goal/lighting_1/baseline] [info] using task orders [0, 1, 2, 3, 4, 5, 6, 7, 8, 9]
[goal/lighting_1/baseline] [Warning]: datasets path /opt/LIBERO/libero/libero/../datasets does not exist!
[goal/lighting_1/baseline] [Warning]: datasets path /opt/LIBERO/libero/libero/../datasets does not exist!
[goal/motion_blur_1/baseline] [Warning]: datasets path /opt/LIBERO/libero/libero/../datasets does not exist!
[goal/motion_blur_1/baseline] [Warning]: datasets path /opt/LIBERO/libero/libero/../datasets does not exist!
[goal/lighting_1/aegis] [Warning]: datasets path /opt/LIBERO/libero/libero/../datasets does not exist!
[goal/lighting_1/aegis] [Warning]: datasets path /opt/LIBERO/libero/libero/../datasets does not exist!
[goal/lighting_1/baseline] [Warning]: datasets path /opt/LIBERO/libero/libero/../datasets does not exist!
[goal/lighting_1/baseline] [Warning]: datasets path /opt/LIBERO/libero/libero/../datasets does not exist!
[goal/motion_blur_1/baseline] [Warning]: datasets path /opt/LIBERO/libero/libero/../datasets does not exist!
[goal/motion_blur_1/baseline] [Warning]: datasets path /opt/LIBERO/libero/libero/../datasets does not exist!
[goal/lighting_1/aegis] [Warning]: datasets path /opt/LIBERO/libero/libero/../datasets does not exist!
[goal/lighting_1/aegis] [Warning]: datasets path /opt/LIBERO/libero/libero/../datasets does not exist!
[goal/lighting_1/baseline] [Warning]: datasets path /opt/LIBERO/libero/libero/../datasets does not exist!
[goal/lighting_1/baseline] [Warning]: datasets path /opt/LIBERO/libero/libero/../datasets does not exist!
[goal/motion_blur_1/baseline] [Warning]: datasets path /opt/LIBERO/libero/libero/../datasets does not exist!
[goal/motion_blur_1/baseline] [Warning]: datasets path /opt/LIBERO/libero/libero/../datasets does not exist!
[goal/lighting_1/aegis] [Warning]: datasets path /opt/LIBERO/libero/libero/../datasets does not exist!
[goal/lighting_1/aegis] [Warning]: datasets path /opt/LIBERO/libero/libero/../datasets does not exist!
[goal/lighting_1/baseline] [Warning]: datasets path /opt/LIBERO/libero/libero/../datasets does not exist!
[goal/lighting_1/baseline] [Warning]: datasets path /opt/LIBERO/libero/libero/../datasets does not exist!
[goal/motion_blur_1/baseline] [Warning]: datasets path /opt/LIBERO/libero/libero/../datasets does not exist!
[goal/motion_blur_1/baseline] [Warning]: datasets path /opt/LIBERO/libero/libero/../datasets does not exist!
[goal/lighting_1/aegis] [Warning]: datasets path /opt/LIBERO/libero/libero/../datasets does not exist!
[goal/lighting_1/aegis] [Warning]: datasets path /opt/LIBERO/libero/libero/../datasets does not exist!
[goal/lighting_1/baseline] [Warning]: datasets path /opt/LIBERO/libero/libero/../datasets does not exist!
[goal/lighting_1/baseline] [Warning]: datasets path /opt/LIBERO/libero/libero/../datasets does not exist!
[goal/motion_blur_1/baseline] [Warning]: datasets path /opt/LIBERO/libero/libero/../datasets does not exist!
[goal/motion_blur_1/baseline] [Warning]: datasets path /opt/LIBERO/libero/libero/../datasets does not exist!
[goal/lighting_1/aegis] [Warning]: datasets path /opt/LIBERO/libero/libero/../datasets does not exist!
[goal/lighting_1/aegis] [Warning]: datasets path /opt/LIBERO/libero/libero/../datasets does not exist!
[goal/lighting_1/baseline] [Warning]: datasets path /opt/LIBERO/libero/libero/../datasets does not exist!
[goal/lighting_1/baseline] [Warning]: datasets path /opt/LIBERO/libero/libero/../datasets does not exist!
[goal/motion_blur_1/baseline] Built vec env | suite=libero_goal | task_id=3 | n_envs=10
[goal/lighting_1/aegis] Built vec env | suite=libero_goal | task_id=3 | n_envs=10
[goal/lighting_1/baseline] [Warning]: datasets path /opt/LIBERO/libero/libero/../datasets does not exist!
[goal/lighting_1/baseline] [Warning]: datasets path /opt/LIBERO/libero/libero/../datasets does not exist!
[goal/lighting_1/baseline] [Warning]: datasets path /opt/LIBERO/libero/libero/../datasets does not exist!
[goal/lighting_1/baseline] [Warning]: datasets path /opt/LIBERO/libero/libero/../datasets does not exist!
[goal/lighting_1/baseline] [Warning]: datasets path /opt/LIBERO/libero/libero/../datasets does not exist!
[goal/lighting_1/baseline] [Warning]: datasets path /opt/LIBERO/libero/libero/../datasets does not exist!
[goal/lighting_1/baseline] [Warning]: datasets path /opt/LIBERO/libero/libero/../datasets does not exist!
[goal/lighting_1/baseline] [Warning]: datasets path /opt/LIBERO/libero/libero/../datasets does not exist!
[goal/lighting_1/baseline] Built vec env | suite=libero_goal | task_id=3 | n_envs=10
[object/motion_blur_1/baseline] [libero_v] motion_blur_1 t6: 0/10
[object/motion_blur_1/baseline] Creating LIBERO envs | suites=['libero_object'] | n_envs(per task)=10 | init_states=True
[object/motion_blur_1/baseline] Restricting to task_ids=[7]
[object/motion_blur_1/baseline] [info] using task orders [0, 1, 2, 3, 4, 5, 6, 7, 8, 9]
[object/motion_blur_1/baseline] [Warning]: datasets path /opt/LIBERO/libero/libero/../datasets does not exist!
[object/motion_blur_1/baseline] [Warning]: datasets path /opt/LIBERO/libero/libero/../datasets does not exist!
[object/motion_blur_1/baseline] [Warning]: datasets path /opt/LIBERO/libero/libero/../datasets does not exist!
[object/motion_blur_1/baseline] [Warning]: datasets path /opt/LIBERO/libero/libero/../datasets does not exist!
[object/motion_blur_1/baseline] [Warning]: datasets path /opt/LIBERO/libero/libero/../datasets does not exist!
[object/motion_blur_1/baseline] [Warning]: datasets path /opt/LIBERO/libero/libero/../datasets does not exist!
[object/motion_blur_1/baseline] [Warning]: datasets path /opt/LIBERO/libero/libero/../datasets does not exist!
[object/motion_blur_1/baseline] [Warning]: datasets path /opt/LIBERO/libero/libero/../datasets does not exist!
[object/motion_blur_1/baseline] [Warning]: datasets path /opt/LIBERO/libero/libero/../datasets does not exist!
[object/motion_blur_1/baseline] [Warning]: datasets path /opt/LIBERO/libero/libero/../datasets does not exist!
[object/motion_blur_1/baseline] [Warning]: datasets path /opt/LIBERO/libero/libero/../datasets does not exist!
[object/motion_blur_1/baseline] [Warning]: datasets path /opt/LIBERO/libero/libero/../datasets does not exist!
[object/motion_blur_1/baseline] [Warning]: datasets path /opt/LIBERO/libero/libero/../datasets does not exist!
[object/motion_blur_1/baseline] [Warning]: datasets path /opt/LIBERO/libero/libero/../datasets does not exist!
[object/motion_blur_1/baseline] [Warning]: datasets path /opt/LIBERO/libero/libero/../datasets does not exist!
[object/motion_blur_1/baseline] [Warning]: datasets path /opt/LIBERO/libero/libero/../datasets does not exist!
[object/motion_blur_1/baseline] [Warning]: datasets path /opt/LIBERO/libero/libero/../datasets does not exist!
[object/motion_blur_1/baseline] [Warning]: datasets path /opt/LIBERO/libero/libero/../datasets does not exist!
[object/motion_blur_1/baseline] [Warning]: datasets path /opt/LIBERO/libero/libero/../datasets does not exist!
[object/motion_blur_1/baseline] [Warning]: datasets path /opt/LIBERO/libero/libero/../datasets does not exist!
[object/motion_blur_1/baseline] Built vec env | suite=libero_object | task_id=7 | n_envs=10
Runner interrupted due to worker preemption. For more details, see https://modal.com/docs/guide/preemption
Runner interrupted due to worker preemption. For more details, see https://modal.com/docs/guide/preemption
Runner interrupted due to worker preemption. For more details, see https://modal.com/docs/guide/preemption
Runner interrupted due to worker preemption. For more details, see https://modal.com/docs/guide/preemption

==========
== CUDA ==
==========

CUDA Version 12.4.1

Container image Copyright (c) 2016-2023, NVIDIA CORPORATION & AFFILIATES. All rights reserved.

This container image and its contents are governed by the NVIDIA Deep Learning Container License.
By pulling and using the container, you accept the terms and conditions of this license:
https://developer.nvidia.com/ngc/nvidia-deep-learning-container-license

A copy of this license is made available in this container at /NGC-DL-CONTAINER-LICENSE for your convenience.


==========
== CUDA ==
==========

CUDA Version 12.4.1

Container image Copyright (c) 2016-2023, NVIDIA CORPORATION & AFFILIATES. All rights reserved.

This container image and its contents are governed by the NVIDIA Deep Learning Container License.
By pulling and using the container, you accept the terms and conditions of this license:
https://developer.nvidia.com/ngc/nvidia-deep-learning-container-license

A copy of this license is made available in this container at /NGC-DL-CONTAINER-LICENSE for your convenience.

[cell START] goal/motion_blur_1/baseline n_envs=10 tasks=0,1,2,3,4,5,6,7,8,9 ep=10 record=False
[cell START] goal/motion_blur_1/aegis n_envs=10 tasks=0,1,2,3,4,5,6,7,8,9 ep=10 record=False

==========
== CUDA ==
==========

CUDA Version 12.4.1

Container image Copyright (c) 2016-2023, NVIDIA CORPORATION & AFFILIATES. All rights reserved.

This container image and its contents are governed by the NVIDIA Deep Learning Container License.
By pulling and using the container, you accept the terms and conditions of this license:
https://developer.nvidia.com/ngc/nvidia-deep-learning-container-license

A copy of this license is made available in this container at /NGC-DL-CONTAINER-LICENSE for your convenience.

[cell START] goal/lighting_1/baseline n_envs=10 tasks=0,1,2,3,4,5,6,7,8,9 ep=10 record=False

==========
== CUDA ==
==========

CUDA Version 12.4.1

Container image Copyright (c) 2016-2023, NVIDIA CORPORATION & AFFILIATES. All rights reserved.

This container image and its contents are governed by the NVIDIA Deep Learning Container License.
By pulling and using the container, you accept the terms and conditions of this license:
https://developer.nvidia.com/ngc/nvidia-deep-learning-container-license

A copy of this license is made available in this container at /NGC-DL-CONTAINER-LICENSE for your convenience.

[cell START] goal/lighting_1/aegis n_envs=10 tasks=0,1,2,3,4,5,6,7,8,9 ep=10 record=False
[goal/motion_blur_1/baseline] Loading  HuggingFaceTB/SmolVLM2-500M-Instruct weights ...
[goal/motion_blur_1/baseline] `torch_dtype` is deprecated! Use `dtype` instead!
[goal/lighting_1/aegis] Loading  HuggingFaceTB/SmolVLM2-500M-Instruct weights ...
[goal/lighting_1/aegis] `torch_dtype` is deprecated! Use `dtype` instead!
[goal/motion_blur_1/aegis] Loading  HuggingFaceTB/SmolVLM2-500M-Instruct weights ...
[goal/motion_blur_1/aegis] `torch_dtype` is deprecated! Use `dtype` instead!
[goal/motion_blur_1/baseline] Reducing the number of VLM layers to 16 ...
[goal/lighting_1/baseline] Loading  HuggingFaceTB/SmolVLM2-500M-Instruct weights ...
[goal/lighting_1/baseline] `torch_dtype` is deprecated! Use `dtype` instead!
[goal/motion_blur_1/baseline] Loading weights from local directory
[goal/motion_blur_1/baseline] [libero_v] method=baseline  TE=True  n_action_steps=1  H=50 d=7
[goal/motion_blur_1/baseline] [robosuite WARNING] No private macro file found! (__init__.py:7)
[goal/motion_blur_1/baseline] WARNING:robosuite_logs:No private macro file found!
[goal/motion_blur_1/baseline] [robosuite WARNING] It is recommended to use a private macro file (__init__.py:8)
[goal/motion_blur_1/baseline] WARNING:robosuite_logs:It is recommended to use a private macro file
[goal/motion_blur_1/baseline] [robosuite WARNING] To setup, run: python /usr/local/lib/python3.11/site-packages/robosuite/scripts/setup_macros.py (__init__.py:9)
[goal/motion_blur_1/baseline] WARNING:robosuite_logs:To setup, run: python /usr/local/lib/python3.11/site-packages/robosuite/scripts/setup_macros.py
[goal/lighting_1/aegis] Reducing the number of VLM layers to 16 ...
[goal/motion_blur_1/baseline] Gym has been unmaintained since 2022 and does not support NumPy 2.0 amongst other critical functionality.
[goal/motion_blur_1/baseline] Please upgrade to Gymnasium, the maintained drop-in replacement of Gym, or contact the authors of your software and request that they upgrade.
[goal/motion_blur_1/baseline] Users of this version of Gym should be able to simply replace 'import gym' with 'import gymnasium as gym' in the vast majority of cases.
[goal/motion_blur_1/baseline] See the migration guide at https://gymnasium.farama.org/introduction/migration_guide/ for additional information.
[goal/motion_blur_1/baseline] [info] using task orders [0, 1, 2, 3, 4, 5, 6, 7, 8, 9]
[goal/motion_blur_1/baseline] Creating LIBERO envs | suites=['libero_goal'] | n_envs(per task)=10 | init_states=True
[goal/motion_blur_1/baseline] Restricting to task_ids=[0]
[goal/motion_blur_1/baseline] [info] using task orders [0, 1, 2, 3, 4, 5, 6, 7, 8, 9]
[goal/motion_blur_1/baseline] [Warning]: datasets path /opt/LIBERO/libero/libero/../datasets does not exist!
[goal/motion_blur_1/baseline] [Warning]: datasets path /opt/LIBERO/libero/libero/../datasets does not exist!
[goal/motion_blur_1/aegis] Reducing the number of VLM layers to 16 ...
[goal/lighting_1/aegis] Loading weights from local directory
[goal/motion_blur_1/aegis] Loading weights from local directory
[goal/lighting_1/aegis] [rib] injected RobustIB  params=2.56M  d_z=512  fusion_coeff init=0.500 (vanilla at init)
[goal/lighting_1/aegis] [rib] loaded /assets/sib_vla/results/ib_on86/rib_on86.pt  fusion_coeff=0.500  step=3000
[goal/lighting_1/aegis] [libero_v] method=aegis  TE=True  n_action_steps=1  H=50 d=7
[goal/lighting_1/aegis] [robosuite WARNING] No private macro file found! (__init__.py:7)
[goal/lighting_1/aegis] WARNING:robosuite_logs:No private macro file found!
[goal/lighting_1/aegis] [robosuite WARNING] It is recommended to use a private macro file (__init__.py:8)
[goal/lighting_1/aegis] WARNING:robosuite_logs:It is recommended to use a private macro file
[goal/lighting_1/aegis] [robosuite WARNING] To setup, run: python /usr/local/lib/python3.11/site-packages/robosuite/scripts/setup_macros.py (__init__.py:9)
[goal/lighting_1/aegis] WARNING:robosuite_logs:To setup, run: python /usr/local/lib/python3.11/site-packages/robosuite/scripts/setup_macros.py
[goal/lighting_1/aegis] Gym has been unmaintained since 2022 and does not support NumPy 2.0 amongst other critical functionality.
[goal/lighting_1/aegis] Please upgrade to Gymnasium, the maintained drop-in replacement of Gym, or contact the authors of your software and request that they upgrade.
[goal/lighting_1/aegis] Users of this version of Gym should be able to simply replace 'import gym' with 'import gymnasium as gym' in the vast majority of cases.
[goal/lighting_1/aegis] See the migration guide at https://gymnasium.farama.org/introduction/migration_guide/ for additional information.
[goal/lighting_1/aegis] [info] using task orders [0, 1, 2, 3, 4, 5, 6, 7, 8, 9]
[goal/lighting_1/aegis] Creating LIBERO envs | suites=['libero_goal'] | n_envs(per task)=10 | init_states=True
[goal/lighting_1/aegis] Restricting to task_ids=[0]
[goal/lighting_1/aegis] [info] using task orders [0, 1, 2, 3, 4, 5, 6, 7, 8, 9]
[goal/lighting_1/aegis] [Warning]: datasets path /opt/LIBERO/libero/libero/../datasets does not exist!
[goal/lighting_1/aegis] [Warning]: datasets path /opt/LIBERO/libero/libero/../datasets does not exist!
[goal/motion_blur_1/aegis] [rib] injected RobustIB  params=2.56M  d_z=512  fusion_coeff init=0.500 (vanilla at init)
[goal/motion_blur_1/aegis] [rib] loaded /assets/sib_vla/results/ib_on86/rib_on86.pt  fusion_coeff=0.500  step=3000
[goal/motion_blur_1/aegis] [libero_v] method=aegis  TE=True  n_action_steps=1  H=50 d=7
[goal/motion_blur_1/aegis] [robosuite WARNING] No private macro file found! (__init__.py:7)
[goal/lighting_1/baseline] Reducing the number of VLM layers to 16 ...
[goal/motion_blur_1/aegis] WARNING:robosuite_logs:No private macro file found!
[goal/motion_blur_1/aegis] [robosuite WARNING] It is recommended to use a private macro file (__init__.py:8)
[goal/motion_blur_1/aegis] WARNING:robosuite_logs:It is recommended to use a private macro file
[goal/motion_blur_1/aegis] [robosuite WARNING] To setup, run: python /usr/local/lib/python3.11/site-packages/robosuite/scripts/setup_macros.py (__init__.py:9)
[goal/motion_blur_1/aegis] WARNING:robosuite_logs:To setup, run: python /usr/local/lib/python3.11/site-packages/robosuite/scripts/setup_macros.py
[goal/motion_blur_1/aegis] Gym has been unmaintained since 2022 and does not support NumPy 2.0 amongst other critical functionality.
[goal/motion_blur_1/aegis] Please upgrade to Gymnasium, the maintained drop-in replacement of Gym, or contact the authors of your software and request that they upgrade.
[goal/motion_blur_1/aegis] Users of this version of Gym should be able to simply replace 'import gym' with 'import gymnasium as gym' in the vast majority of cases.
[goal/motion_blur_1/aegis] See the migration guide at https://gymnasium.farama.org/introduction/migration_guide/ for additional information.
[goal/motion_blur_1/aegis] [info] using task orders [0, 1, 2, 3, 4, 5, 6, 7, 8, 9]
[goal/motion_blur_1/aegis] Creating LIBERO envs | suites=['libero_goal'] | n_envs(per task)=10 | init_states=True
[goal/motion_blur_1/aegis] Restricting to task_ids=[0]
[goal/motion_blur_1/aegis] [info] using task orders [0, 1, 2, 3, 4, 5, 6, 7, 8, 9]
[goal/motion_blur_1/aegis] [Warning]: datasets path /opt/LIBERO/libero/libero/../datasets does not exist!
[goal/motion_blur_1/aegis] [Warning]: datasets path /opt/LIBERO/libero/libero/../datasets does not exist!
[goal/motion_blur_1/baseline] [Warning]: datasets path /opt/LIBERO/libero/libero/../datasets does not exist!
[goal/motion_blur_1/baseline] [Warning]: datasets path /opt/LIBERO/libero/libero/../datasets does not exist!
[goal/lighting_1/baseline] Loading weights from local directory
[goal/motion_blur_1/baseline] [Warning]: datasets path /opt/LIBERO/libero/libero/../datasets does not exist!
[goal/motion_blur_1/baseline] [Warning]: datasets path /opt/LIBERO/libero/libero/../datasets does not exist!
[goal/lighting_1/baseline] [libero_v] method=baseline  TE=True  n_action_steps=1  H=50 d=7
[goal/lighting_1/baseline] [robosuite WARNING] No private macro file found! (__init__.py:7)
[goal/lighting_1/baseline] WARNING:robosuite_logs:No private macro file found!
[goal/lighting_1/baseline] [robosuite WARNING] It is recommended to use a private macro file (__init__.py:8)
[goal/lighting_1/baseline] WARNING:robosuite_logs:It is recommended to use a private macro file
[goal/lighting_1/baseline] [robosuite WARNING] To setup, run: python /usr/local/lib/python3.11/site-packages/robosuite/scripts/setup_macros.py (__init__.py:9)
[goal/lighting_1/baseline] WARNING:robosuite_logs:To setup, run: python /usr/local/lib/python3.11/site-packages/robosuite/scripts/setup_macros.py
[goal/lighting_1/baseline] Gym has been unmaintained since 2022 and does not support NumPy 2.0 amongst other critical functionality.
[goal/lighting_1/baseline] Please upgrade to Gymnasium, the maintained drop-in replacement of Gym, or contact the authors of your software and request that they upgrade.
[goal/lighting_1/baseline] Users of this version of Gym should be able to simply replace 'import gym' with 'import gymnasium as gym' in the vast majority of cases.
[goal/lighting_1/baseline] See the migration guide at https://gymnasium.farama.org/introduction/migration_guide/ for additional information.
[goal/lighting_1/baseline] [info] using task orders [0, 1, 2, 3, 4, 5, 6, 7, 8, 9]
[goal/lighting_1/baseline] Creating LIBERO envs | suites=['libero_goal'] | n_envs(per task)=10 | init_states=True
[goal/lighting_1/baseline] Restricting to task_ids=[0]
[goal/lighting_1/baseline] [info] using task orders [0, 1, 2, 3, 4, 5, 6, 7, 8, 9]
[goal/lighting_1/baseline] [Warning]: datasets path /opt/LIBERO/libero/libero/../datasets does not exist!
[goal/lighting_1/baseline] [Warning]: datasets path /opt/LIBERO/libero/libero/../datasets does not exist!
[goal/motion_blur_1/baseline] [Warning]: datasets path /opt/LIBERO/libero/libero/../datasets does not exist!
[goal/motion_blur_1/baseline] [Warning]: datasets path /opt/LIBERO/libero/libero/../datasets does not exist!
[goal/lighting_1/aegis] [Warning]: datasets path /opt/LIBERO/libero/libero/../datasets does not exist!
[goal/lighting_1/aegis] [Warning]: datasets path /opt/LIBERO/libero/libero/../datasets does not exist!
[goal/motion_blur_1/aegis] [Warning]: datasets path /opt/LIBERO/libero/libero/../datasets does not exist!
[goal/motion_blur_1/aegis] [Warning]: datasets path /opt/LIBERO/libero/libero/../datasets does not exist!
[goal/motion_blur_1/baseline] [Warning]: datasets path /opt/LIBERO/libero/libero/../datasets does not exist!
[goal/motion_blur_1/baseline] [Warning]: datasets path /opt/LIBERO/libero/libero/../datasets does not exist!
[goal/lighting_1/aegis] [Warning]: datasets path /opt/LIBERO/libero/libero/../datasets does not exist!
[goal/lighting_1/aegis] [Warning]: datasets path /opt/LIBERO/libero/libero/../datasets does not exist!
[goal/motion_blur_1/aegis] [Warning]: datasets path /opt/LIBERO/libero/libero/../datasets does not exist!
[goal/motion_blur_1/aegis] [Warning]: datasets path /opt/LIBERO/libero/libero/../datasets does not exist!
[goal/motion_blur_1/baseline] [Warning]: datasets path /opt/LIBERO/libero/libero/../datasets does not exist!
[goal/motion_blur_1/baseline] [Warning]: datasets path /opt/LIBERO/libero/libero/../datasets does not exist!
[goal/lighting_1/aegis] [Warning]: datasets path /opt/LIBERO/libero/libero/../datasets does not exist!
[goal/lighting_1/aegis] [Warning]: datasets path /opt/LIBERO/libero/libero/../datasets does not exist!
[goal/motion_blur_1/aegis] [Warning]: datasets path /opt/LIBERO/libero/libero/../datasets does not exist!
[goal/motion_blur_1/aegis] [Warning]: datasets path /opt/LIBERO/libero/libero/../datasets does not exist!
[goal/motion_blur_1/baseline] [Warning]: datasets path /opt/LIBERO/libero/libero/../datasets does not exist!
[goal/motion_blur_1/baseline] [Warning]: datasets path /opt/LIBERO/libero/libero/../datasets does not exist!
[goal/lighting_1/aegis] [Warning]: datasets path /opt/LIBERO/libero/libero/../datasets does not exist!
[goal/lighting_1/aegis] [Warning]: datasets path /opt/LIBERO/libero/libero/../datasets does not exist!
[goal/lighting_1/baseline] [Warning]: datasets path /opt/LIBERO/libero/libero/../datasets does not exist!
[goal/lighting_1/baseline] [Warning]: datasets path /opt/LIBERO/libero/libero/../datasets does not exist!
[goal/motion_blur_1/aegis] [Warning]: datasets path /opt/LIBERO/libero/libero/../datasets does not exist!
[goal/motion_blur_1/aegis] [Warning]: datasets path /opt/LIBERO/libero/libero/../datasets does not exist!
[goal/motion_blur_1/baseline] [Warning]: datasets path /opt/LIBERO/libero/libero/../datasets does not exist!
[goal/motion_blur_1/baseline] [Warning]: datasets path /opt/LIBERO/libero/libero/../datasets does not exist!
[goal/lighting_1/aegis] [Warning]: datasets path /opt/LIBERO/libero/libero/../datasets does not exist!
[goal/lighting_1/aegis] [Warning]: datasets path /opt/LIBERO/libero/libero/../datasets does not exist!
[goal/lighting_1/baseline] [Warning]: datasets path /opt/LIBERO/libero/libero/../datasets does not exist!
[goal/lighting_1/baseline] [Warning]: datasets path /opt/LIBERO/libero/libero/../datasets does not exist!
[goal/motion_blur_1/aegis] [Warning]: datasets path /opt/LIBERO/libero/libero/../datasets does not exist!
[goal/motion_blur_1/aegis] [Warning]: datasets path /opt/LIBERO/libero/libero/../datasets does not exist!
[goal/motion_blur_1/baseline] [Warning]: datasets path /opt/LIBERO/libero/libero/../datasets does not exist!
[goal/motion_blur_1/baseline] [Warning]: datasets path /opt/LIBERO/libero/libero/../datasets does not exist!
[goal/lighting_1/aegis] [Warning]: datasets path /opt/LIBERO/libero/libero/../datasets does not exist!
[goal/lighting_1/aegis] [Warning]: datasets path /opt/LIBERO/libero/libero/../datasets does not exist!
[goal/lighting_1/baseline] [Warning]: datasets path /opt/LIBERO/libero/libero/../datasets does not exist!
[goal/lighting_1/baseline] [Warning]: datasets path /opt/LIBERO/libero/libero/../datasets does not exist!
[goal/motion_blur_1/aegis] [Warning]: datasets path /opt/LIBERO/libero/libero/../datasets does not exist!
[goal/motion_blur_1/aegis] [Warning]: datasets path /opt/LIBERO/libero/libero/../datasets does not exist!
[goal/motion_blur_1/baseline] [Warning]: datasets path /opt/LIBERO/libero/libero/../datasets does not exist!
[goal/motion_blur_1/baseline] [Warning]: datasets path /opt/LIBERO/libero/libero/../datasets does not exist!
[goal/lighting_1/aegis] [Warning]: datasets path /opt/LIBERO/libero/libero/../datasets does not exist!
[goal/lighting_1/aegis] [Warning]: datasets path /opt/LIBERO/libero/libero/../datasets does not exist!
[goal/lighting_1/baseline] [Warning]: datasets path /opt/LIBERO/libero/libero/../datasets does not exist!
[goal/lighting_1/baseline] [Warning]: datasets path /opt/LIBERO/libero/libero/../datasets does not exist!
[goal/motion_blur_1/aegis] [Warning]: datasets path /opt/LIBERO/libero/libero/../datasets does not exist!
[goal/motion_blur_1/aegis] [Warning]: datasets path /opt/LIBERO/libero/libero/../datasets does not exist!
[goal/motion_blur_1/baseline] Built vec env | suite=libero_goal | task_id=0 | n_envs=10
[goal/lighting_1/aegis] [Warning]: datasets path /opt/LIBERO/libero/libero/../datasets does not exist!
[goal/lighting_1/aegis] [Warning]: datasets path /opt/LIBERO/libero/libero/../datasets does not exist!
[goal/lighting_1/baseline] [Warning]: datasets path /opt/LIBERO/libero/libero/../datasets does not exist!
[goal/lighting_1/baseline] [Warning]: datasets path /opt/LIBERO/libero/libero/../datasets does not exist!
[goal/motion_blur_1/aegis] [Warning]: datasets path /opt/LIBERO/libero/libero/../datasets does not exist!
[goal/motion_blur_1/aegis] [Warning]: datasets path /opt/LIBERO/libero/libero/../datasets does not exist!
[goal/lighting_1/aegis] [Warning]: datasets path /opt/LIBERO/libero/libero/../datasets does not exist!
[goal/lighting_1/aegis] [Warning]: datasets path /opt/LIBERO/libero/libero/../datasets does not exist!
[goal/lighting_1/baseline] [Warning]: datasets path /opt/LIBERO/libero/libero/../datasets does not exist!
[goal/lighting_1/baseline] [Warning]: datasets path /opt/LIBERO/libero/libero/../datasets does not exist!
[goal/motion_blur_1/aegis] [Warning]: datasets path /opt/LIBERO/libero/libero/../datasets does not exist!
[goal/motion_blur_1/aegis] [Warning]: datasets path /opt/LIBERO/libero/libero/../datasets does not exist!
[goal/lighting_1/aegis] Built vec env | suite=libero_goal | task_id=0 | n_envs=10
[goal/lighting_1/baseline] [Warning]: datasets path /opt/LIBERO/libero/libero/../datasets does not exist!
[goal/lighting_1/baseline] [Warning]: datasets path /opt/LIBERO/libero/libero/../datasets does not exist!
[goal/motion_blur_1/aegis] Built vec env | suite=libero_goal | task_id=0 | n_envs=10
[goal/lighting_1/baseline] [Warning]: datasets path /opt/LIBERO/libero/libero/../datasets does not exist!
[goal/lighting_1/baseline] [Warning]: datasets path /opt/LIBERO/libero/libero/../datasets does not exist!
[goal/lighting_1/baseline] [Warning]: datasets path /opt/LIBERO/libero/libero/../datasets does not exist!
[goal/lighting_1/baseline] [Warning]: datasets path /opt/LIBERO/libero/libero/../datasets does not exist!
[goal/lighting_1/baseline] Built vec env | suite=libero_goal | task_id=0 | n_envs=10
[object/gaussian_noise_1/baseline] [libero_v] gaussian_noise_1 t6: 0/10
[object/gaussian_noise_1/baseline] Creating LIBERO envs | suites=['libero_object'] | n_envs(per task)=10 | init_states=True
[object/gaussian_noise_1/baseline] Restricting to task_ids=[7]
[object/gaussian_noise_1/baseline] [info] using task orders [0, 1, 2, 3, 4, 5, 6, 7, 8, 9]
[object/gaussian_noise_1/baseline] [Warning]: datasets path /opt/LIBERO/libero/libero/../datasets does not exist!
[object/gaussian_noise_1/baseline] [Warning]: datasets path /opt/LIBERO/libero/libero/../datasets does not exist!
[object/gaussian_noise_1/baseline] [Warning]: datasets path /opt/LIBERO/libero/libero/../datasets does not exist!
[object/gaussian_noise_1/baseline] [Warning]: datasets path /opt/LIBERO/libero/libero/../datasets does not exist!
[object/gaussian_noise_1/baseline] [Warning]: datasets path /opt/LIBERO/libero/libero/../datasets does not exist!
[object/gaussian_noise_1/baseline] [Warning]: datasets path /opt/LIBERO/libero/libero/../datasets does not exist!
[object/gaussian_noise_1/baseline] [Warning]: datasets path /opt/LIBERO/libero/libero/../datasets does not exist!
[object/gaussian_noise_1/baseline] [Warning]: datasets path /opt/LIBERO/libero/libero/../datasets does not exist!
[object/gaussian_noise_1/baseline] [Warning]: datasets path /opt/LIBERO/libero/libero/../datasets does not exist!
[object/gaussian_noise_1/baseline] [Warning]: datasets path /opt/LIBERO/libero/libero/../datasets does not exist!
[object/gaussian_noise_1/baseline] [Warning]: datasets path /opt/LIBERO/libero/libero/../datasets does not exist!
[object/gaussian_noise_1/baseline] [Warning]: datasets path /opt/LIBERO/libero/libero/../datasets does not exist!
[object/gaussian_noise_1/baseline] [Warning]: datasets path /opt/LIBERO/libero/libero/../datasets does not exist!
[object/gaussian_noise_1/baseline] [Warning]: datasets path /opt/LIBERO/libero/libero/../datasets does not exist!
[object/gaussian_noise_1/baseline] [Warning]: datasets path /opt/LIBERO/libero/libero/../datasets does not exist!
[object/gaussian_noise_1/baseline] [Warning]: datasets path /opt/LIBERO/libero/libero/../datasets does not exist!
[object/gaussian_noise_1/baseline] [Warning]: datasets path /opt/LIBERO/libero/libero/../datasets does not exist!
[object/gaussian_noise_1/baseline] [Warning]: datasets path /opt/LIBERO/libero/libero/../datasets does not exist!
[object/gaussian_noise_1/baseline] [Warning]: datasets path /opt/LIBERO/libero/libero/../datasets does not exist!
[object/gaussian_noise_1/baseline] [Warning]: datasets path /opt/LIBERO/libero/libero/../datasets does not exist!
[object/gaussian_noise_1/baseline] Built vec env | suite=libero_object | task_id=7 | n_envs=10
[object/motion_blur_1/baseline] [libero_v] motion_blur_1 t7: 0/10
[object/motion_blur_1/baseline] Creating LIBERO envs | suites=['libero_object'] | n_envs(per task)=10 | init_states=True
[object/motion_blur_1/baseline] Restricting to task_ids=[8]
[object/motion_blur_1/baseline] [info] using task orders [0, 1, 2, 3, 4, 5, 6, 7, 8, 9]
[object/motion_blur_1/baseline] [Warning]: datasets path /opt/LIBERO/libero/libero/../datasets does not exist!
[object/motion_blur_1/baseline] [Warning]: datasets path /opt/LIBERO/libero/libero/../datasets does not exist!
[object/motion_blur_1/baseline] [Warning]: datasets path /opt/LIBERO/libero/libero/../datasets does not exist!
[object/motion_blur_1/baseline] [Warning]: datasets path /opt/LIBERO/libero/libero/../datasets does not exist!
[object/motion_blur_1/baseline] [Warning]: datasets path /opt/LIBERO/libero/libero/../datasets does not exist!
[object/motion_blur_1/baseline] [Warning]: datasets path /opt/LIBERO/libero/libero/../datasets does not exist!
[object/motion_blur_1/baseline] [Warning]: datasets path /opt/LIBERO/libero/libero/../datasets does not exist!
[object/motion_blur_1/baseline] [Warning]: datasets path /opt/LIBERO/libero/libero/../datasets does not exist!
[object/motion_blur_1/baseline] [Warning]: datasets path /opt/LIBERO/libero/libero/../datasets does not exist!
[object/motion_blur_1/baseline] [Warning]: datasets path /opt/LIBERO/libero/libero/../datasets does not exist!
[object/motion_blur_1/baseline] [Warning]: datasets path /opt/LIBERO/libero/libero/../datasets does not exist!
[object/motion_blur_1/baseline] [Warning]: datasets path /opt/LIBERO/libero/libero/../datasets does not exist!
[object/motion_blur_1/baseline] [Warning]: datasets path /opt/LIBERO/libero/libero/../datasets does not exist!
[object/motion_blur_1/baseline] [Warning]: datasets path /opt/LIBERO/libero/libero/../datasets does not exist!
[object/motion_blur_1/baseline] [Warning]: datasets path /opt/LIBERO/libero/libero/../datasets does not exist!
[object/motion_blur_1/baseline] [Warning]: datasets path /opt/LIBERO/libero/libero/../datasets does not exist!
[object/motion_blur_1/baseline] [Warning]: datasets path /opt/LIBERO/libero/libero/../datasets does not exist!
[object/motion_blur_1/baseline] [Warning]: datasets path /opt/LIBERO/libero/libero/../datasets does not exist!
[object/motion_blur_1/baseline] [Warning]: datasets path /opt/LIBERO/libero/libero/../datasets does not exist!
[object/motion_blur_1/baseline] [Warning]: datasets path /opt/LIBERO/libero/libero/../datasets does not exist!
[object/motion_blur_1/baseline] Built vec env | suite=libero_object | task_id=8 | n_envs=10
[goal/motion_blur_1/aegis] [libero_v] motion_blur_1 t0: 10/10
[goal/motion_blur_1/aegis] Creating LIBERO envs | suites=['libero_goal'] | n_envs(per task)=10 | init_states=True
[goal/motion_blur_1/aegis] Restricting to task_ids=[1]
[goal/motion_blur_1/aegis] [info] using task orders [0, 1, 2, 3, 4, 5, 6, 7, 8, 9]
[goal/motion_blur_1/aegis] [Warning]: datasets path /opt/LIBERO/libero/libero/../datasets does not exist!
[goal/motion_blur_1/aegis] [Warning]: datasets path /opt/LIBERO/libero/libero/../datasets does not exist!
[goal/motion_blur_1/aegis] [Warning]: datasets path /opt/LIBERO/libero/libero/../datasets does not exist!
[goal/motion_blur_1/aegis] [Warning]: datasets path /opt/LIBERO/libero/libero/../datasets does not exist!
[goal/motion_blur_1/aegis] [Warning]: datasets path /opt/LIBERO/libero/libero/../datasets does not exist!
[goal/motion_blur_1/aegis] [Warning]: datasets path /opt/LIBERO/libero/libero/../datasets does not exist!
[goal/motion_blur_1/aegis] [Warning]: datasets path /opt/LIBERO/libero/libero/../datasets does not exist!
[goal/motion_blur_1/aegis] [Warning]: datasets path /opt/LIBERO/libero/libero/../datasets does not exist!
[goal/motion_blur_1/aegis] [Warning]: datasets path /opt/LIBERO/libero/libero/../datasets does not exist!
[goal/motion_blur_1/aegis] [Warning]: datasets path /opt/LIBERO/libero/libero/../datasets does not exist!
[goal/motion_blur_1/aegis] [Warning]: datasets path /opt/LIBERO/libero/libero/../datasets does not exist!
[goal/motion_blur_1/aegis] [Warning]: datasets path /opt/LIBERO/libero/libero/../datasets does not exist!
[goal/motion_blur_1/aegis] [Warning]: datasets path /opt/LIBERO/libero/libero/../datasets does not exist!
[goal/motion_blur_1/aegis] [Warning]: datasets path /opt/LIBERO/libero/libero/../datasets does not exist!
[goal/motion_blur_1/aegis] [Warning]: datasets path /opt/LIBERO/libero/libero/../datasets does not exist!
[goal/motion_blur_1/aegis] [Warning]: datasets path /opt/LIBERO/libero/libero/../datasets does not exist!
[goal/motion_blur_1/aegis] [Warning]: datasets path /opt/LIBERO/libero/libero/../datasets does not exist!
[goal/motion_blur_1/aegis] [Warning]: datasets path /opt/LIBERO/libero/libero/../datasets does not exist!
[goal/motion_blur_1/aegis] [Warning]: datasets path /opt/LIBERO/libero/libero/../datasets does not exist!
[goal/motion_blur_1/aegis] [Warning]: datasets path /opt/LIBERO/libero/libero/../datasets does not exist!
[goal/motion_blur_1/aegis] Built vec env | suite=libero_goal | task_id=1 | n_envs=10
[object/gaussian_noise_1/baseline] [libero_v] gaussian_noise_1 t7: 0/10
[object/gaussian_noise_1/baseline] Creating LIBERO envs | suites=['libero_object'] | n_envs(per task)=10 | init_states=True
[object/gaussian_noise_1/baseline] Restricting to task_ids=[8]
[object/gaussian_noise_1/baseline] [info] using task orders [0, 1, 2, 3, 4, 5, 6, 7, 8, 9]
[object/gaussian_noise_1/baseline] [Warning]: datasets path /opt/LIBERO/libero/libero/../datasets does not exist!
[object/gaussian_noise_1/baseline] [Warning]: datasets path /opt/LIBERO/libero/libero/../datasets does not exist!
[object/gaussian_noise_1/baseline] [Warning]: datasets path /opt/LIBERO/libero/libero/../datasets does not exist!
[object/gaussian_noise_1/baseline] [Warning]: datasets path /opt/LIBERO/libero/libero/../datasets does not exist!
[object/gaussian_noise_1/baseline] [Warning]: datasets path /opt/LIBERO/libero/libero/../datasets does not exist!
[object/gaussian_noise_1/baseline] [Warning]: datasets path /opt/LIBERO/libero/libero/../datasets does not exist!
[object/gaussian_noise_1/baseline] [Warning]: datasets path /opt/LIBERO/libero/libero/../datasets does not exist!
[object/gaussian_noise_1/baseline] [Warning]: datasets path /opt/LIBERO/libero/libero/../datasets does not exist!
[object/gaussian_noise_1/baseline] [Warning]: datasets path /opt/LIBERO/libero/libero/../datasets does not exist!
[object/gaussian_noise_1/baseline] [Warning]: datasets path /opt/LIBERO/libero/libero/../datasets does not exist!
[object/gaussian_noise_1/baseline] [Warning]: datasets path /opt/LIBERO/libero/libero/../datasets does not exist!
[object/gaussian_noise_1/baseline] [Warning]: datasets path /opt/LIBERO/libero/libero/../datasets does not exist!
[object/gaussian_noise_1/baseline] [Warning]: datasets path /opt/LIBERO/libero/libero/../datasets does not exist!
[object/gaussian_noise_1/baseline] [Warning]: datasets path /opt/LIBERO/libero/libero/../datasets does not exist!
[object/gaussian_noise_1/baseline] [Warning]: datasets path /opt/LIBERO/libero/libero/../datasets does not exist!
[object/gaussian_noise_1/baseline] [Warning]: datasets path /opt/LIBERO/libero/libero/../datasets does not exist!
[object/gaussian_noise_1/baseline] [Warning]: datasets path /opt/LIBERO/libero/libero/../datasets does not exist!
[object/gaussian_noise_1/baseline] [Warning]: datasets path /opt/LIBERO/libero/libero/../datasets does not exist!
[object/gaussian_noise_1/baseline] [Warning]: datasets path /opt/LIBERO/libero/libero/../datasets does not exist!
[object/gaussian_noise_1/baseline] [Warning]: datasets path /opt/LIBERO/libero/libero/../datasets does not exist!
[object/gaussian_noise_1/baseline] Built vec env | suite=libero_object | task_id=8 | n_envs=10
[goal/motion_blur_1/baseline] [libero_v] motion_blur_1 t0: 9/10
[goal/motion_blur_1/baseline] Creating LIBERO envs | suites=['libero_goal'] | n_envs(per task)=10 | init_states=True
[goal/motion_blur_1/baseline] Restricting to task_ids=[1]
[goal/motion_blur_1/baseline] [info] using task orders [0, 1, 2, 3, 4, 5, 6, 7, 8, 9]
[goal/motion_blur_1/baseline] [Warning]: datasets path /opt/LIBERO/libero/libero/../datasets does not exist!
[goal/motion_blur_1/baseline] [Warning]: datasets path /opt/LIBERO/libero/libero/../datasets does not exist!
[goal/motion_blur_1/baseline] [Warning]: datasets path /opt/LIBERO/libero/libero/../datasets does not exist!
[goal/motion_blur_1/baseline] [Warning]: datasets path /opt/LIBERO/libero/libero/../datasets does not exist!
[goal/motion_blur_1/baseline] [Warning]: datasets path /opt/LIBERO/libero/libero/../datasets does not exist!
[goal/motion_blur_1/baseline] [Warning]: datasets path /opt/LIBERO/libero/libero/../datasets does not exist!
[goal/motion_blur_1/baseline] [Warning]: datasets path /opt/LIBERO/libero/libero/../datasets does not exist!
[goal/motion_blur_1/baseline] [Warning]: datasets path /opt/LIBERO/libero/libero/../datasets does not exist!
[goal/motion_blur_1/baseline] [Warning]: datasets path /opt/LIBERO/libero/libero/../datasets does not exist!
[goal/motion_blur_1/baseline] [Warning]: datasets path /opt/LIBERO/libero/libero/../datasets does not exist!
[goal/motion_blur_1/baseline] [Warning]: datasets path /opt/LIBERO/libero/libero/../datasets does not exist!
[goal/motion_blur_1/baseline] [Warning]: datasets path /opt/LIBERO/libero/libero/../datasets does not exist!
[goal/motion_blur_1/baseline] [Warning]: datasets path /opt/LIBERO/libero/libero/../datasets does not exist!
[goal/motion_blur_1/baseline] [Warning]: datasets path /opt/LIBERO/libero/libero/../datasets does not exist!
[goal/motion_blur_1/baseline] [Warning]: datasets path /opt/LIBERO/libero/libero/../datasets does not exist!
[goal/motion_blur_1/baseline] [Warning]: datasets path /opt/LIBERO/libero/libero/../datasets does not exist!
[goal/motion_blur_1/baseline] [Warning]: datasets path /opt/LIBERO/libero/libero/../datasets does not exist!
[goal/motion_blur_1/baseline] [Warning]: datasets path /opt/LIBERO/libero/libero/../datasets does not exist!
[object/motion_blur_1/baseline] [libero_v] motion_blur_1 t8: 0/10
[object/motion_blur_1/baseline] Creating LIBERO envs | suites=['libero_object'] | n_envs(per task)=10 | init_states=True
[object/motion_blur_1/baseline] Restricting to task_ids=[9]
[object/motion_blur_1/baseline] [info] using task orders [0, 1, 2, 3, 4, 5, 6, 7, 8, 9]
[object/motion_blur_1/baseline] [Warning]: datasets path /opt/LIBERO/libero/libero/../datasets does not exist!
[object/motion_blur_1/baseline] [Warning]: datasets path /opt/LIBERO/libero/libero/../datasets does not exist!
[goal/motion_blur_1/baseline] [Warning]: datasets path /opt/LIBERO/libero/libero/../datasets does not exist!
[goal/motion_blur_1/baseline] [Warning]: datasets path /opt/LIBERO/libero/libero/../datasets does not exist!
[object/motion_blur_1/baseline] [Warning]: datasets path /opt/LIBERO/libero/libero/../datasets does not exist!
[object/motion_blur_1/baseline] [Warning]: datasets path /opt/LIBERO/libero/libero/../datasets does not exist!
[goal/motion_blur_1/baseline] Built vec env | suite=libero_goal | task_id=1 | n_envs=10
[object/motion_blur_1/baseline] [Warning]: datasets path /opt/LIBERO/libero/libero/../datasets does not exist!
[object/motion_blur_1/baseline] [Warning]: datasets path /opt/LIBERO/libero/libero/../datasets does not exist!
[object/motion_blur_1/baseline] [Warning]: datasets path /opt/LIBERO/libero/libero/../datasets does not exist!
[object/motion_blur_1/baseline] [Warning]: datasets path /opt/LIBERO/libero/libero/../datasets does not exist!
[object/motion_blur_1/baseline] [Warning]: datasets path /opt/LIBERO/libero/libero/../datasets does not exist!
[object/motion_blur_1/baseline] [Warning]: datasets path /opt/LIBERO/libero/libero/../datasets does not exist!
[object/motion_blur_1/baseline] [Warning]: datasets path /opt/LIBERO/libero/libero/../datasets does not exist!
[object/motion_blur_1/baseline] [Warning]: datasets path /opt/LIBERO/libero/libero/../datasets does not exist!
[object/motion_blur_1/baseline] [Warning]: datasets path /opt/LIBERO/libero/libero/../datasets does not exist!
[object/motion_blur_1/baseline] [Warning]: datasets path /opt/LIBERO/libero/libero/../datasets does not exist!
[object/motion_blur_1/baseline] [Warning]: datasets path /opt/LIBERO/libero/libero/../datasets does not exist!
[object/motion_blur_1/baseline] [Warning]: datasets path /opt/LIBERO/libero/libero/../datasets does not exist!
[object/motion_blur_1/baseline] [Warning]: datasets path /opt/LIBERO/libero/libero/../datasets does not exist!
[object/motion_blur_1/baseline] [Warning]: datasets path /opt/LIBERO/libero/libero/../datasets does not exist!
[object/motion_blur_1/baseline] [Warning]: datasets path /opt/LIBERO/libero/libero/../datasets does not exist!
[object/motion_blur_1/baseline] [Warning]: datasets path /opt/LIBERO/libero/libero/../datasets does not exist!
[object/motion_blur_1/baseline] Built vec env | suite=libero_object | task_id=9 | n_envs=10
[goal/motion_blur_1/aegis] [libero_v] motion_blur_1 t1: 10/10
[goal/motion_blur_1/aegis] Creating LIBERO envs | suites=['libero_goal'] | n_envs(per task)=10 | init_states=True
[goal/motion_blur_1/aegis] Restricting to task_ids=[2]
[goal/motion_blur_1/aegis] [info] using task orders [0, 1, 2, 3, 4, 5, 6, 7, 8, 9]
[goal/motion_blur_1/aegis] [Warning]: datasets path /opt/LIBERO/libero/libero/../datasets does not exist!
[goal/motion_blur_1/aegis] [Warning]: datasets path /opt/LIBERO/libero/libero/../datasets does not exist!
[goal/motion_blur_1/aegis] [Warning]: datasets path /opt/LIBERO/libero/libero/../datasets does not exist!
[goal/motion_blur_1/aegis] [Warning]: datasets path /opt/LIBERO/libero/libero/../datasets does not exist!
[goal/motion_blur_1/aegis] [Warning]: datasets path /opt/LIBERO/libero/libero/../datasets does not exist!
[goal/motion_blur_1/aegis] [Warning]: datasets path /opt/LIBERO/libero/libero/../datasets does not exist!
[goal/motion_blur_1/aegis] [Warning]: datasets path /opt/LIBERO/libero/libero/../datasets does not exist!
[goal/motion_blur_1/aegis] [Warning]: datasets path /opt/LIBERO/libero/libero/../datasets does not exist!
[goal/motion_blur_1/aegis] [Warning]: datasets path /opt/LIBERO/libero/libero/../datasets does not exist!
[goal/motion_blur_1/aegis] [Warning]: datasets path /opt/LIBERO/libero/libero/../datasets does not exist!
[goal/motion_blur_1/aegis] [Warning]: datasets path /opt/LIBERO/libero/libero/../datasets does not exist!
[goal/motion_blur_1/aegis] [Warning]: datasets path /opt/LIBERO/libero/libero/../datasets does not exist!
[goal/motion_blur_1/aegis] [Warning]: datasets path /opt/LIBERO/libero/libero/../datasets does not exist!
[goal/motion_blur_1/aegis] [Warning]: datasets path /opt/LIBERO/libero/libero/../datasets does not exist!
[goal/motion_blur_1/aegis] [Warning]: datasets path /opt/LIBERO/libero/libero/../datasets does not exist!
[goal/motion_blur_1/aegis] [Warning]: datasets path /opt/LIBERO/libero/libero/../datasets does not exist!
[goal/motion_blur_1/aegis] [Warning]: datasets path /opt/LIBERO/libero/libero/../datasets does not exist!
[goal/motion_blur_1/aegis] [Warning]: datasets path /opt/LIBERO/libero/libero/../datasets does not exist!
[goal/motion_blur_1/aegis] [Warning]: datasets path /opt/LIBERO/libero/libero/../datasets does not exist!
[goal/motion_blur_1/aegis] [Warning]: datasets path /opt/LIBERO/libero/libero/../datasets does not exist!
[goal/motion_blur_1/aegis] Built vec env | suite=libero_goal | task_id=2 | n_envs=10
[goal/lighting_1/aegis] [libero_v] lighting_1 t0: 6/10
[goal/lighting_1/aegis] Creating LIBERO envs | suites=['libero_goal'] | n_envs(per task)=10 | init_states=True
[goal/lighting_1/aegis] Restricting to task_ids=[1]
[goal/lighting_1/aegis] [info] using task orders [0, 1, 2, 3, 4, 5, 6, 7, 8, 9]
[goal/lighting_1/aegis] [Warning]: datasets path /opt/LIBERO/libero/libero/../datasets does not exist!
[goal/lighting_1/aegis] [Warning]: datasets path /opt/LIBERO/libero/libero/../datasets does not exist!
[goal/lighting_1/aegis] [Warning]: datasets path /opt/LIBERO/libero/libero/../datasets does not exist!
[goal/lighting_1/aegis] [Warning]: datasets path /opt/LIBERO/libero/libero/../datasets does not exist!
[goal/lighting_1/aegis] [Warning]: datasets path /opt/LIBERO/libero/libero/../datasets does not exist!
[goal/lighting_1/aegis] [Warning]: datasets path /opt/LIBERO/libero/libero/../datasets does not exist!
[goal/lighting_1/aegis] [Warning]: datasets path /opt/LIBERO/libero/libero/../datasets does not exist!
[goal/lighting_1/aegis] [Warning]: datasets path /opt/LIBERO/libero/libero/../datasets does not exist!
[goal/lighting_1/aegis] [Warning]: datasets path /opt/LIBERO/libero/libero/../datasets does not exist!
[goal/lighting_1/aegis] [Warning]: datasets path /opt/LIBERO/libero/libero/../datasets does not exist!
[goal/lighting_1/aegis] [Warning]: datasets path /opt/LIBERO/libero/libero/../datasets does not exist!
[goal/lighting_1/aegis] [Warning]: datasets path /opt/LIBERO/libero/libero/../datasets does not exist!
[object/gaussian_noise_1/baseline] [libero_v] gaussian_noise_1 t8: 6/10
[object/gaussian_noise_1/baseline] Creating LIBERO envs | suites=['libero_object'] | n_envs(per task)=10 | init_states=True
[object/gaussian_noise_1/baseline] Restricting to task_ids=[9]
[object/gaussian_noise_1/baseline] [info] using task orders [0, 1, 2, 3, 4, 5, 6, 7, 8, 9]
[object/gaussian_noise_1/baseline] [Warning]: datasets path /opt/LIBERO/libero/libero/../datasets does not exist!
[object/gaussian_noise_1/baseline] [Warning]: datasets path /opt/LIBERO/libero/libero/../datasets does not exist!
[goal/lighting_1/aegis] [Warning]: datasets path /opt/LIBERO/libero/libero/../datasets does not exist!
[goal/lighting_1/aegis] [Warning]: datasets path /opt/LIBERO/libero/libero/../datasets does not exist!
[object/gaussian_noise_1/baseline] [Warning]: datasets path /opt/LIBERO/libero/libero/../datasets does not exist!
[object/gaussian_noise_1/baseline] [Warning]: datasets path /opt/LIBERO/libero/libero/../datasets does not exist!
[goal/lighting_1/aegis] [Warning]: datasets path /opt/LIBERO/libero/libero/../datasets does not exist!
[goal/lighting_1/aegis] [Warning]: datasets path /opt/LIBERO/libero/libero/../datasets does not exist!
[object/gaussian_noise_1/baseline] [Warning]: datasets path /opt/LIBERO/libero/libero/../datasets does not exist!
[object/gaussian_noise_1/baseline] [Warning]: datasets path /opt/LIBERO/libero/libero/../datasets does not exist!
[goal/lighting_1/aegis] [Warning]: datasets path /opt/LIBERO/libero/libero/../datasets does not exist!
[goal/lighting_1/aegis] [Warning]: datasets path /opt/LIBERO/libero/libero/../datasets does not exist!
[object/gaussian_noise_1/baseline] [Warning]: datasets path /opt/LIBERO/libero/libero/../datasets does not exist!
[object/gaussian_noise_1/baseline] [Warning]: datasets path /opt/LIBERO/libero/libero/../datasets does not exist!
[goal/lighting_1/aegis] [Warning]: datasets path /opt/LIBERO/libero/libero/../datasets does not exist!
[goal/lighting_1/aegis] [Warning]: datasets path /opt/LIBERO/libero/libero/../datasets does not exist!
[object/gaussian_noise_1/baseline] [Warning]: datasets path /opt/LIBERO/libero/libero/../datasets does not exist!
[object/gaussian_noise_1/baseline] [Warning]: datasets path /opt/LIBERO/libero/libero/../datasets does not exist!
[goal/lighting_1/aegis] Built vec env | suite=libero_goal | task_id=1 | n_envs=10
[object/gaussian_noise_1/baseline] [Warning]: datasets path /opt/LIBERO/libero/libero/../datasets does not exist!
[object/gaussian_noise_1/baseline] [Warning]: datasets path /opt/LIBERO/libero/libero/../datasets does not exist!
[object/gaussian_noise_1/baseline] [Warning]: datasets path /opt/LIBERO/libero/libero/../datasets does not exist!
[object/gaussian_noise_1/baseline] [Warning]: datasets path /opt/LIBERO/libero/libero/../datasets does not exist!
[object/gaussian_noise_1/baseline] [Warning]: datasets path /opt/LIBERO/libero/libero/../datasets does not exist!
[object/gaussian_noise_1/baseline] [Warning]: datasets path /opt/LIBERO/libero/libero/../datasets does not exist!
[object/gaussian_noise_1/baseline] [Warning]: datasets path /opt/LIBERO/libero/libero/../datasets does not exist!
[object/gaussian_noise_1/baseline] [Warning]: datasets path /opt/LIBERO/libero/libero/../datasets does not exist!
[object/gaussian_noise_1/baseline] [Warning]: datasets path /opt/LIBERO/libero/libero/../datasets does not exist!
[object/gaussian_noise_1/baseline] [Warning]: datasets path /opt/LIBERO/libero/libero/../datasets does not exist!
[object/gaussian_noise_1/baseline] Built vec env | suite=libero_object | task_id=9 | n_envs=10
[goal/lighting_1/baseline] [libero_v] lighting_1 t0: 9/10
[goal/lighting_1/baseline] Creating LIBERO envs | suites=['libero_goal'] | n_envs(per task)=10 | init_states=True
[goal/lighting_1/baseline] Restricting to task_ids=[1]
[goal/lighting_1/baseline] [info] using task orders [0, 1, 2, 3, 4, 5, 6, 7, 8, 9]
[goal/lighting_1/baseline] [Warning]: datasets path /opt/LIBERO/libero/libero/../datasets does not exist!
[goal/lighting_1/baseline] [Warning]: datasets path /opt/LIBERO/libero/libero/../datasets does not exist!
[goal/lighting_1/baseline] [Warning]: datasets path /opt/LIBERO/libero/libero/../datasets does not exist!
[goal/lighting_1/baseline] [Warning]: datasets path /opt/LIBERO/libero/libero/../datasets does not exist!
[goal/lighting_1/baseline] [Warning]: datasets path /opt/LIBERO/libero/libero/../datasets does not exist!
[goal/lighting_1/baseline] [Warning]: datasets path /opt/LIBERO/libero/libero/../datasets does not exist!
[goal/lighting_1/baseline] [Warning]: datasets path /opt/LIBERO/libero/libero/../datasets does not exist!
[goal/lighting_1/baseline] [Warning]: datasets path /opt/LIBERO/libero/libero/../datasets does not exist!
[goal/lighting_1/baseline] [Warning]: datasets path /opt/LIBERO/libero/libero/../datasets does not exist!
[goal/lighting_1/baseline] [Warning]: datasets path /opt/LIBERO/libero/libero/../datasets does not exist!
[goal/lighting_1/baseline] [Warning]: datasets path /opt/LIBERO/libero/libero/../datasets does not exist!
[goal/lighting_1/baseline] [Warning]: datasets path /opt/LIBERO/libero/libero/../datasets does not exist!
[goal/lighting_1/baseline] [Warning]: datasets path /opt/LIBERO/libero/libero/../datasets does not exist!
[goal/lighting_1/baseline] [Warning]: datasets path /opt/LIBERO/libero/libero/../datasets does not exist!
[goal/lighting_1/baseline] [Warning]: datasets path /opt/LIBERO/libero/libero/../datasets does not exist!
[goal/lighting_1/baseline] [Warning]: datasets path /opt/LIBERO/libero/libero/../datasets does not exist!
[object/motion_blur_1/baseline] [libero_v] motion_blur_1 t9: 0/10
[object/motion_blur_1/baseline] [libero_v] == motion_blur_1: SR=0.0% [0.0,3.7] n=100
[object/motion_blur_1/baseline] 
[object/motion_blur_1/baseline] ==== LIBERO-V summary (baseline) ====
[object/motion_blur_1/baseline]   motion_blur_1        0.0%  [ 0.0, 3.7]  n=100
[object/motion_blur_1/baseline]   AVG across conditions   0.0%
[cell DONE] object/motion_blur_1/baseline rc=0 sr=0.0
[cell START] object/motion_blur_1/aegis n_envs=10 tasks=0,1,2,3,4,5,6,7,8,9 ep=10 record=False
[goal/lighting_1/baseline] [Warning]: datasets path /opt/LIBERO/libero/libero/../datasets does not exist!
[goal/lighting_1/baseline] [Warning]: datasets path /opt/LIBERO/libero/libero/../datasets does not exist!
[goal/lighting_1/baseline] [Warning]: datasets path /opt/LIBERO/libero/libero/../datasets does not exist!
[goal/lighting_1/baseline] [Warning]: datasets path /opt/LIBERO/libero/libero/../datasets does not exist!
[goal/lighting_1/baseline] Built vec env | suite=libero_goal | task_id=1 | n_envs=10
[object/motion_blur_1/aegis] Loading  HuggingFaceTB/SmolVLM2-500M-Instruct weights ...
[object/motion_blur_1/aegis] `torch_dtype` is deprecated! Use `dtype` instead!
[object/motion_blur_1/aegis] Reducing the number of VLM layers to 16 ...
[object/motion_blur_1/aegis] Loading weights from local directory
[object/motion_blur_1/aegis] [rib] injected RobustIB  params=2.56M  d_z=512  fusion_coeff init=0.500 (vanilla at init)
[object/motion_blur_1/aegis] [rib] loaded /assets/sib_vla/results/ib_on86/rib_on86.pt  fusion_coeff=0.500  step=3000
[object/motion_blur_1/aegis] [libero_v] method=aegis  TE=True  n_action_steps=1  H=50 d=7
[object/motion_blur_1/aegis] [robosuite WARNING] No private macro file found! (__init__.py:7)
[object/motion_blur_1/aegis] WARNING:robosuite_logs:No private macro file found!
[object/motion_blur_1/aegis] [robosuite WARNING] It is recommended to use a private macro file (__init__.py:8)
[object/motion_blur_1/aegis] WARNING:robosuite_logs:It is recommended to use a private macro file
[object/motion_blur_1/aegis] [robosuite WARNING] To setup, run: python /usr/local/lib/python3.11/site-packages/robosuite/scripts/setup_macros.py (__init__.py:9)
[object/motion_blur_1/aegis] WARNING:robosuite_logs:To setup, run: python /usr/local/lib/python3.11/site-packages/robosuite/scripts/setup_macros.py
[object/motion_blur_1/aegis] Gym has been unmaintained since 2022 and does not support NumPy 2.0 amongst other critical functionality.
[object/motion_blur_1/aegis] Please upgrade to Gymnasium, the maintained drop-in replacement of Gym, or contact the authors of your software and request that they upgrade.
[object/motion_blur_1/aegis] Users of this version of Gym should be able to simply replace 'import gym' with 'import gymnasium as gym' in the vast majority of cases.
[object/motion_blur_1/aegis] See the migration guide at https://gymnasium.farama.org/introduction/migration_guide/ for additional information.
[object/motion_blur_1/aegis] [info] using task orders [0, 1, 2, 3, 4, 5, 6, 7, 8, 9]
[object/motion_blur_1/aegis] Creating LIBERO envs | suites=['libero_object'] | n_envs(per task)=10 | init_states=True
[object/motion_blur_1/aegis] Restricting to task_ids=[0]
[object/motion_blur_1/aegis] [info] using task orders [0, 1, 2, 3, 4, 5, 6, 7, 8, 9]
[object/motion_blur_1/aegis] [Warning]: datasets path /opt/LIBERO/libero/libero/../datasets does not exist!
[object/motion_blur_1/aegis] [Warning]: datasets path /opt/LIBERO/libero/libero/../datasets does not exist!
[object/motion_blur_1/aegis] [Warning]: datasets path /opt/LIBERO/libero/libero/../datasets does not exist!
[object/motion_blur_1/aegis] [Warning]: datasets path /opt/LIBERO/libero/libero/../datasets does not exist!
[object/motion_blur_1/aegis] [Warning]: datasets path /opt/LIBERO/libero/libero/../datasets does not exist!
[object/motion_blur_1/aegis] [Warning]: datasets path /opt/LIBERO/libero/libero/../datasets does not exist!
[object/motion_blur_1/aegis] [Warning]: datasets path /opt/LIBERO/libero/libero/../datasets does not exist!
[object/motion_blur_1/aegis] [Warning]: datasets path /opt/LIBERO/libero/libero/../datasets does not exist!
[object/motion_blur_1/aegis] [Warning]: datasets path /opt/LIBERO/libero/libero/../datasets does not exist!
[object/motion_blur_1/aegis] [Warning]: datasets path /opt/LIBERO/libero/libero/../datasets does not exist!
[object/motion_blur_1/aegis] [Warning]: datasets path /opt/LIBERO/libero/libero/../datasets does not exist!
[object/motion_blur_1/aegis] [Warning]: datasets path /opt/LIBERO/libero/libero/../datasets does not exist!
[object/motion_blur_1/aegis] [Warning]: datasets path /opt/LIBERO/libero/libero/../datasets does not exist!
[object/motion_blur_1/aegis] [Warning]: datasets path /opt/LIBERO/libero/libero/../datasets does not exist!
[object/motion_blur_1/aegis] [Warning]: datasets path /opt/LIBERO/libero/libero/../datasets does not exist!
[object/motion_blur_1/aegis] [Warning]: datasets path /opt/LIBERO/libero/libero/../datasets does not exist!
[object/motion_blur_1/aegis] [Warning]: datasets path /opt/LIBERO/libero/libero/../datasets does not exist!
[object/motion_blur_1/aegis] [Warning]: datasets path /opt/LIBERO/libero/libero/../datasets does not exist!
[object/motion_blur_1/aegis] [Warning]: datasets path /opt/LIBERO/libero/libero/../datasets does not exist!
[object/motion_blur_1/aegis] [Warning]: datasets path /opt/LIBERO/libero/libero/../datasets does not exist!
[object/motion_blur_1/aegis] Built vec env | suite=libero_object | task_id=0 | n_envs=10
[goal/motion_blur_1/baseline] [libero_v] motion_blur_1 t1: 0/10
[goal/motion_blur_1/baseline] Creating LIBERO envs | suites=['libero_goal'] | n_envs(per task)=10 | init_states=True
[goal/motion_blur_1/baseline] Restricting to task_ids=[2]
[goal/motion_blur_1/baseline] [info] using task orders [0, 1, 2, 3, 4, 5, 6, 7, 8, 9]
[goal/motion_blur_1/baseline] [Warning]: datasets path /opt/LIBERO/libero/libero/../datasets does not exist!
[goal/motion_blur_1/baseline] [Warning]: datasets path /opt/LIBERO/libero/libero/../datasets does not exist!
[goal/motion_blur_1/baseline] [Warning]: datasets path /opt/LIBERO/libero/libero/../datasets does not exist!
[goal/motion_blur_1/baseline] [Warning]: datasets path /opt/LIBERO/libero/libero/../datasets does not exist!
[goal/motion_blur_1/baseline] [Warning]: datasets path /opt/LIBERO/libero/libero/../datasets does not exist!
[goal/motion_blur_1/baseline] [Warning]: datasets path /opt/LIBERO/libero/libero/../datasets does not exist!
[goal/motion_blur_1/baseline] [Warning]: datasets path /opt/LIBERO/libero/libero/../datasets does not exist!
[goal/motion_blur_1/baseline] [Warning]: datasets path /opt/LIBERO/libero/libero/../datasets does not exist!
[goal/motion_blur_1/baseline] [Warning]: datasets path /opt/LIBERO/libero/libero/../datasets does not exist!
[goal/motion_blur_1/baseline] [Warning]: datasets path /opt/LIBERO/libero/libero/../datasets does not exist!
[goal/motion_blur_1/baseline] [Warning]: datasets path /opt/LIBERO/libero/libero/../datasets does not exist!
[goal/motion_blur_1/baseline] [Warning]: datasets path /opt/LIBERO/libero/libero/../datasets does not exist!
[goal/motion_blur_1/baseline] [Warning]: datasets path /opt/LIBERO/libero/libero/../datasets does not exist!
[goal/motion_blur_1/baseline] [Warning]: datasets path /opt/LIBERO/libero/libero/../datasets does not exist!
[goal/motion_blur_1/baseline] [Warning]: datasets path /opt/LIBERO/libero/libero/../datasets does not exist!
[goal/motion_blur_1/baseline] [Warning]: datasets path /opt/LIBERO/libero/libero/../datasets does not exist!
[goal/motion_blur_1/baseline] [Warning]: datasets path /opt/LIBERO/libero/libero/../datasets does not exist!
[goal/motion_blur_1/baseline] [Warning]: datasets path /opt/LIBERO/libero/libero/../datasets does not exist!
[goal/motion_blur_1/baseline] [Warning]: datasets path /opt/LIBERO/libero/libero/../datasets does not exist!
[goal/motion_blur_1/baseline] [Warning]: datasets path /opt/LIBERO/libero/libero/../datasets does not exist!
[goal/motion_blur_1/baseline] Built vec env | suite=libero_goal | task_id=2 | n_envs=10
[goal/motion_blur_1/aegis] [libero_v] motion_blur_1 t2: 9/10
[goal/motion_blur_1/aegis] Creating LIBERO envs | suites=['libero_goal'] | n_envs(per task)=10 | init_states=True
[goal/motion_blur_1/aegis] Restricting to task_ids=[3]
[goal/motion_blur_1/aegis] [info] using task orders [0, 1, 2, 3, 4, 5, 6, 7, 8, 9]
[goal/motion_blur_1/aegis] [Warning]: datasets path /opt/LIBERO/libero/libero/../datasets does not exist!
[goal/motion_blur_1/aegis] [Warning]: datasets path /opt/LIBERO/libero/libero/../datasets does not exist!
[goal/motion_blur_1/aegis] [Warning]: datasets path /opt/LIBERO/libero/libero/../datasets does not exist!
[goal/motion_blur_1/aegis] [Warning]: datasets path /opt/LIBERO/libero/libero/../datasets does not exist!
[goal/motion_blur_1/aegis] [Warning]: datasets path /opt/LIBERO/libero/libero/../datasets does not exist!
[goal/motion_blur_1/aegis] [Warning]: datasets path /opt/LIBERO/libero/libero/../datasets does not exist!
[goal/motion_blur_1/aegis] [Warning]: datasets path /opt/LIBERO/libero/libero/../datasets does not exist!
[goal/motion_blur_1/aegis] [Warning]: datasets path /opt/LIBERO/libero/libero/../datasets does not exist!
[goal/motion_blur_1/aegis] [Warning]: datasets path /opt/LIBERO/libero/libero/../datasets does not exist!
[goal/motion_blur_1/aegis] [Warning]: datasets path /opt/LIBERO/libero/libero/../datasets does not exist!
[goal/motion_blur_1/aegis] [Warning]: datasets path /opt/LIBERO/libero/libero/../datasets does not exist!
[goal/motion_blur_1/aegis] [Warning]: datasets path /opt/LIBERO/libero/libero/../datasets does not exist!
[goal/motion_blur_1/aegis] [Warning]: datasets path /opt/LIBERO/libero/libero/../datasets does not exist!
[goal/motion_blur_1/aegis] [Warning]: datasets path /opt/LIBERO/libero/libero/../datasets does not exist!
[goal/motion_blur_1/aegis] [Warning]: datasets path /opt/LIBERO/libero/libero/../datasets does not exist!
[goal/motion_blur_1/aegis] [Warning]: datasets path /opt/LIBERO/libero/libero/../datasets does not exist!
[goal/motion_blur_1/aegis] [Warning]: datasets path /opt/LIBERO/libero/libero/../datasets does not exist!
[goal/motion_blur_1/aegis] [Warning]: datasets path /opt/LIBERO/libero/libero/../datasets does not exist!
[goal/motion_blur_1/aegis] [Warning]: datasets path /opt/LIBERO/libero/libero/../datasets does not exist!
[goal/motion_blur_1/aegis] [Warning]: datasets path /opt/LIBERO/libero/libero/../datasets does not exist!
[goal/motion_blur_1/aegis] Built vec env | suite=libero_goal | task_id=3 | n_envs=10
[goal/lighting_1/aegis] [libero_v] lighting_1 t1: 10/10
[goal/lighting_1/aegis] Creating LIBERO envs | suites=['libero_goal'] | n_envs(per task)=10 | init_states=True
[goal/lighting_1/aegis] Restricting to task_ids=[2]
[goal/lighting_1/aegis] [info] using task orders [0, 1, 2, 3, 4, 5, 6, 7, 8, 9]
[goal/lighting_1/aegis] [Warning]: datasets path /opt/LIBERO/libero/libero/../datasets does not exist!
[goal/lighting_1/aegis] [Warning]: datasets path /opt/LIBERO/libero/libero/../datasets does not exist!
[goal/lighting_1/aegis] [Warning]: datasets path /opt/LIBERO/libero/libero/../datasets does not exist!
[goal/lighting_1/aegis] [Warning]: datasets path /opt/LIBERO/libero/libero/../datasets does not exist!
[goal/lighting_1/aegis] [Warning]: datasets path /opt/LIBERO/libero/libero/../datasets does not exist!
[goal/lighting_1/aegis] [Warning]: datasets path /opt/LIBERO/libero/libero/../datasets does not exist!
[goal/lighting_1/aegis] [Warning]: datasets path /opt/LIBERO/libero/libero/../datasets does not exist!
[goal/lighting_1/aegis] [Warning]: datasets path /opt/LIBERO/libero/libero/../datasets does not exist!
[goal/lighting_1/aegis] [Warning]: datasets path /opt/LIBERO/libero/libero/../datasets does not exist!
[goal/lighting_1/aegis] [Warning]: datasets path /opt/LIBERO/libero/libero/../datasets does not exist!
[goal/lighting_1/aegis] [Warning]: datasets path /opt/LIBERO/libero/libero/../datasets does not exist!
[goal/lighting_1/aegis] [Warning]: datasets path /opt/LIBERO/libero/libero/../datasets does not exist!
[goal/lighting_1/aegis] [Warning]: datasets path /opt/LIBERO/libero/libero/../datasets does not exist!
[goal/lighting_1/aegis] [Warning]: datasets path /opt/LIBERO/libero/libero/../datasets does not exist!
[goal/lighting_1/aegis] [Warning]: datasets path /opt/LIBERO/libero/libero/../datasets does not exist!
[goal/lighting_1/aegis] [Warning]: datasets path /opt/LIBERO/libero/libero/../datasets does not exist!
[goal/lighting_1/aegis] [Warning]: datasets path /opt/LIBERO/libero/libero/../datasets does not exist!
[goal/lighting_1/aegis] [Warning]: datasets path /opt/LIBERO/libero/libero/../datasets does not exist!
[goal/lighting_1/aegis] [Warning]: datasets path /opt/LIBERO/libero/libero/../datasets does not exist!
[goal/lighting_1/aegis] [Warning]: datasets path /opt/LIBERO/libero/libero/../datasets does not exist!
[goal/lighting_1/aegis] Built vec env | suite=libero_goal | task_id=2 | n_envs=10
[goal/lighting_1/baseline] [libero_v] lighting_1 t1: 10/10
[goal/lighting_1/baseline] Creating LIBERO envs | suites=['libero_goal'] | n_envs(per task)=10 | init_states=True
[goal/lighting_1/baseline] Restricting to task_ids=[2]
[goal/lighting_1/baseline] [info] using task orders [0, 1, 2, 3, 4, 5, 6, 7, 8, 9]
[goal/lighting_1/baseline] [Warning]: datasets path /opt/LIBERO/libero/libero/../datasets does not exist!
[goal/lighting_1/baseline] [Warning]: datasets path /opt/LIBERO/libero/libero/../datasets does not exist!
[goal/lighting_1/baseline] [Warning]: datasets path /opt/LIBERO/libero/libero/../datasets does not exist!
[goal/lighting_1/baseline] [Warning]: datasets path /opt/LIBERO/libero/libero/../datasets does not exist!
[goal/lighting_1/baseline] [Warning]: datasets path /opt/LIBERO/libero/libero/../datasets does not exist!
[goal/lighting_1/baseline] [Warning]: datasets path /opt/LIBERO/libero/libero/../datasets does not exist!
[goal/lighting_1/baseline] [Warning]: datasets path /opt/LIBERO/libero/libero/../datasets does not exist!
[goal/lighting_1/baseline] [Warning]: datasets path /opt/LIBERO/libero/libero/../datasets does not exist!
[goal/lighting_1/baseline] [Warning]: datasets path /opt/LIBERO/libero/libero/../datasets does not exist!
[goal/lighting_1/baseline] [Warning]: datasets path /opt/LIBERO/libero/libero/../datasets does not exist!
[object/gaussian_noise_1/baseline] [libero_v] gaussian_noise_1 t9: 10/10
[object/gaussian_noise_1/baseline] [libero_v] == gaussian_noise_1: SR=36.0% [27.3,45.8] n=100
[object/gaussian_noise_1/baseline] 
[object/gaussian_noise_1/baseline] ==== LIBERO-V summary (baseline) ====
[object/gaussian_noise_1/baseline]   gaussian_noise_1    36.0%  [27.3,45.8]  n=100
[object/gaussian_noise_1/baseline]   AVG across conditions  36.0%
[cell DONE] object/gaussian_noise_1/baseline rc=0 sr=36.0
[goal/lighting_1/baseline] [Warning]: datasets path /opt/LIBERO/libero/libero/../datasets does not exist!
[goal/lighting_1/baseline] [Warning]: datasets path /opt/LIBERO/libero/libero/../datasets does not exist!
[cell START] goal/texture_1/baseline n_envs=10 tasks=0,1,2,3,4,5,6,7,8,9 ep=10 record=False
[goal/lighting_1/baseline] [Warning]: datasets path /opt/LIBERO/libero/libero/../datasets does not exist!
[goal/lighting_1/baseline] [Warning]: datasets path /opt/LIBERO/libero/libero/../datasets does not exist!
[goal/lighting_1/baseline] [Warning]: datasets path /opt/LIBERO/libero/libero/../datasets does not exist!
[goal/lighting_1/baseline] [Warning]: datasets path /opt/LIBERO/libero/libero/../datasets does not exist!
[goal/lighting_1/baseline] [Warning]: datasets path /opt/LIBERO/libero/libero/../datasets does not exist!
[goal/lighting_1/baseline] [Warning]: datasets path /opt/LIBERO/libero/libero/../datasets does not exist!
[goal/lighting_1/baseline] [Warning]: datasets path /opt/LIBERO/libero/libero/../datasets does not exist!
[goal/lighting_1/baseline] [Warning]: datasets path /opt/LIBERO/libero/libero/../datasets does not exist!
[goal/texture_1/baseline] Loading  HuggingFaceTB/SmolVLM2-500M-Instruct weights ...
[goal/texture_1/baseline] `torch_dtype` is deprecated! Use `dtype` instead!
[goal/lighting_1/baseline] Built vec env | suite=libero_goal | task_id=2 | n_envs=10
[goal/texture_1/baseline] Reducing the number of VLM layers to 16 ...
[goal/texture_1/baseline] Loading weights from local directory
[goal/texture_1/baseline] [libero_v] method=baseline  TE=True  n_action_steps=1  H=50 d=7
[goal/texture_1/baseline] [robosuite WARNING] No private macro file found! (__init__.py:7)
[goal/texture_1/baseline] WARNING:robosuite_logs:No private macro file found!
[goal/texture_1/baseline] [robosuite WARNING] It is recommended to use a private macro file (__init__.py:8)
[goal/texture_1/baseline] WARNING:robosuite_logs:It is recommended to use a private macro file
[goal/texture_1/baseline] [robosuite WARNING] To setup, run: python /usr/local/lib/python3.11/site-packages/robosuite/scripts/setup_macros.py (__init__.py:9)
[goal/texture_1/baseline] WARNING:robosuite_logs:To setup, run: python /usr/local/lib/python3.11/site-packages/robosuite/scripts/setup_macros.py
[goal/texture_1/baseline] Gym has been unmaintained since 2022 and does not support NumPy 2.0 amongst other critical functionality.
[goal/texture_1/baseline] Please upgrade to Gymnasium, the maintained drop-in replacement of Gym, or contact the authors of your software and request that they upgrade.
[goal/texture_1/baseline] Users of this version of Gym should be able to simply replace 'import gym' with 'import gymnasium as gym' in the vast majority of cases.
[goal/texture_1/baseline] See the migration guide at https://gymnasium.farama.org/introduction/migration_guide/ for additional information.
[goal/texture_1/baseline] [info] using task orders [0, 1, 2, 3, 4, 5, 6, 7, 8, 9]
[goal/texture_1/baseline] Creating LIBERO envs | suites=['libero_goal'] | n_envs(per task)=10 | init_states=True
[goal/texture_1/baseline] Restricting to task_ids=[0]
[goal/texture_1/baseline] [info] using task orders [0, 1, 2, 3, 4, 5, 6, 7, 8, 9]
[goal/texture_1/baseline] [Warning]: datasets path /opt/LIBERO/libero/libero/../datasets does not exist!
[goal/texture_1/baseline] [Warning]: datasets path /opt/LIBERO/libero/libero/../datasets does not exist!
[goal/texture_1/baseline] [Warning]: datasets path /opt/LIBERO/libero/libero/../datasets does not exist!
[goal/texture_1/baseline] [Warning]: datasets path /opt/LIBERO/libero/libero/../datasets does not exist!
[goal/texture_1/baseline] [Warning]: datasets path /opt/LIBERO/libero/libero/../datasets does not exist!
[goal/texture_1/baseline] [Warning]: datasets path /opt/LIBERO/libero/libero/../datasets does not exist!
[goal/texture_1/baseline] [Warning]: datasets path /opt/LIBERO/libero/libero/../datasets does not exist!
[goal/texture_1/baseline] [Warning]: datasets path /opt/LIBERO/libero/libero/../datasets does not exist!
[goal/texture_1/baseline] [Warning]: datasets path /opt/LIBERO/libero/libero/../datasets does not exist!
[goal/texture_1/baseline] [Warning]: datasets path /opt/LIBERO/libero/libero/../datasets does not exist!
[goal/texture_1/baseline] [Warning]: datasets path /opt/LIBERO/libero/libero/../datasets does not exist!
[goal/texture_1/baseline] [Warning]: datasets path /opt/LIBERO/libero/libero/../datasets does not exist!
[goal/texture_1/baseline] [Warning]: datasets path /opt/LIBERO/libero/libero/../datasets does not exist!
[goal/texture_1/baseline] [Warning]: datasets path /opt/LIBERO/libero/libero/../datasets does not exist!
[goal/texture_1/baseline] [Warning]: datasets path /opt/LIBERO/libero/libero/../datasets does not exist!
[goal/texture_1/baseline] [Warning]: datasets path /opt/LIBERO/libero/libero/../datasets does not exist!
[goal/texture_1/baseline] [Warning]: datasets path /opt/LIBERO/libero/libero/../datasets does not exist!
[goal/texture_1/baseline] [Warning]: datasets path /opt/LIBERO/libero/libero/../datasets does not exist!
[goal/texture_1/baseline] [Warning]: datasets path /opt/LIBERO/libero/libero/../datasets does not exist!
[goal/texture_1/baseline] [Warning]: datasets path /opt/LIBERO/libero/libero/../datasets does not exist!
[goal/texture_1/baseline] Built vec env | suite=libero_goal | task_id=0 | n_envs=10
[object/motion_blur_1/aegis] [libero_v] motion_blur_1 t0: 6/10
[object/motion_blur_1/aegis] Creating LIBERO envs | suites=['libero_object'] | n_envs(per task)=10 | init_states=True
[object/motion_blur_1/aegis] Restricting to task_ids=[1]
[object/motion_blur_1/aegis] [info] using task orders [0, 1, 2, 3, 4, 5, 6, 7, 8, 9]
[object/motion_blur_1/aegis] [Warning]: datasets path /opt/LIBERO/libero/libero/../datasets does not exist!
[object/motion_blur_1/aegis] [Warning]: datasets path /opt/LIBERO/libero/libero/../datasets does not exist!
[object/motion_blur_1/aegis] [Warning]: datasets path /opt/LIBERO/libero/libero/../datasets does not exist!
[object/motion_blur_1/aegis] [Warning]: datasets path /opt/LIBERO/libero/libero/../datasets does not exist!
[object/motion_blur_1/aegis] [Warning]: datasets path /opt/LIBERO/libero/libero/../datasets does not exist!
[object/motion_blur_1/aegis] [Warning]: datasets path /opt/LIBERO/libero/libero/../datasets does not exist!
[object/motion_blur_1/aegis] [Warning]: datasets path /opt/LIBERO/libero/libero/../datasets does not exist!
[object/motion_blur_1/aegis] [Warning]: datasets path /opt/LIBERO/libero/libero/../datasets does not exist!
[object/motion_blur_1/aegis] [Warning]: datasets path /opt/LIBERO/libero/libero/../datasets does not exist!
[object/motion_blur_1/aegis] [Warning]: datasets path /opt/LIBERO/libero/libero/../datasets does not exist!
[object/motion_blur_1/aegis] [Warning]: datasets path /opt/LIBERO/libero/libero/../datasets does not exist!
[object/motion_blur_1/aegis] [Warning]: datasets path /opt/LIBERO/libero/libero/../datasets does not exist!
[object/motion_blur_1/aegis] [Warning]: datasets path /opt/LIBERO/libero/libero/../datasets does not exist!
[object/motion_blur_1/aegis] [Warning]: datasets path /opt/LIBERO/libero/libero/../datasets does not exist!
[object/motion_blur_1/aegis] [Warning]: datasets path /opt/LIBERO/libero/libero/../datasets does not exist!
[object/motion_blur_1/aegis] [Warning]: datasets path /opt/LIBERO/libero/libero/../datasets does not exist!
[object/motion_blur_1/aegis] [Warning]: datasets path /opt/LIBERO/libero/libero/../datasets does not exist!
[object/motion_blur_1/aegis] [Warning]: datasets path /opt/LIBERO/libero/libero/../datasets does not exist!
[object/motion_blur_1/aegis] [Warning]: datasets path /opt/LIBERO/libero/libero/../datasets does not exist!
[object/motion_blur_1/aegis] [Warning]: datasets path /opt/LIBERO/libero/libero/../datasets does not exist!
[object/motion_blur_1/aegis] Built vec env | suite=libero_object | task_id=1 | n_envs=10
[object/motion_blur_1/aegis] [libero_v] motion_blur_1 t1: 10/10
[object/motion_blur_1/aegis] Creating LIBERO envs | suites=['libero_object'] | n_envs(per task)=10 | init_states=True
[object/motion_blur_1/aegis] Restricting to task_ids=[2]
[object/motion_blur_1/aegis] [info] using task orders [0, 1, 2, 3, 4, 5, 6, 7, 8, 9]
[object/motion_blur_1/aegis] [Warning]: datasets path /opt/LIBERO/libero/libero/../datasets does not exist!
[object/motion_blur_1/aegis] [Warning]: datasets path /opt/LIBERO/libero/libero/../datasets does not exist!
[goal/motion_blur_1/baseline] [libero_v] motion_blur_1 t2: 0/10
[goal/motion_blur_1/baseline] Creating LIBERO envs | suites=['libero_goal'] | n_envs(per task)=10 | init_states=True
[goal/motion_blur_1/baseline] Restricting to task_ids=[3]
[goal/motion_blur_1/baseline] [info] using task orders [0, 1, 2, 3, 4, 5, 6, 7, 8, 9]
[goal/motion_blur_1/baseline] [Warning]: datasets path /opt/LIBERO/libero/libero/../datasets does not exist!
[goal/motion_blur_1/baseline] [Warning]: datasets path /opt/LIBERO/libero/libero/../datasets does not exist!
[object/motion_blur_1/aegis] [Warning]: datasets path /opt/LIBERO/libero/libero/../datasets does not exist!
[object/motion_blur_1/aegis] [Warning]: datasets path /opt/LIBERO/libero/libero/../datasets does not exist!
[object/motion_blur_1/aegis] [Warning]: datasets path /opt/LIBERO/libero/libero/../datasets does not exist!
[object/motion_blur_1/aegis] [Warning]: datasets path /opt/LIBERO/libero/libero/../datasets does not exist!
[goal/motion_blur_1/baseline] [Warning]: datasets path /opt/LIBERO/libero/libero/../datasets does not exist!
[goal/motion_blur_1/baseline] [Warning]: datasets path /opt/LIBERO/libero/libero/../datasets does not exist!
[object/motion_blur_1/aegis] [Warning]: datasets path /opt/LIBERO/libero/libero/../datasets does not exist!
[object/motion_blur_1/aegis] [Warning]: datasets path /opt/LIBERO/libero/libero/../datasets does not exist!
[goal/motion_blur_1/baseline] [Warning]: datasets path /opt/LIBERO/libero/libero/../datasets does not exist!
[goal/motion_blur_1/baseline] [Warning]: datasets path /opt/LIBERO/libero/libero/../datasets does not exist!
[object/motion_blur_1/aegis] [Warning]: datasets path /opt/LIBERO/libero/libero/../datasets does not exist!
[object/motion_blur_1/aegis] [Warning]: datasets path /opt/LIBERO/libero/libero/../datasets does not exist!
[goal/motion_blur_1/baseline] [Warning]: datasets path /opt/LIBERO/libero/libero/../datasets does not exist!
[goal/motion_blur_1/baseline] [Warning]: datasets path /opt/LIBERO/libero/libero/../datasets does not exist!
[object/motion_blur_1/aegis] [Warning]: datasets path /opt/LIBERO/libero/libero/../datasets does not exist!
[object/motion_blur_1/aegis] [Warning]: datasets path /opt/LIBERO/libero/libero/../datasets does not exist!
[goal/motion_blur_1/baseline] [Warning]: datasets path /opt/LIBERO/libero/libero/../datasets does not exist!
[goal/motion_blur_1/baseline] [Warning]: datasets path /opt/LIBERO/libero/libero/../datasets does not exist!
[object/motion_blur_1/aegis] [Warning]: datasets path /opt/LIBERO/libero/libero/../datasets does not exist!
[object/motion_blur_1/aegis] [Warning]: datasets path /opt/LIBERO/libero/libero/../datasets does not exist!
[goal/motion_blur_1/baseline] [Warning]: datasets path /opt/LIBERO/libero/libero/../datasets does not exist!
[goal/motion_blur_1/baseline] [Warning]: datasets path /opt/LIBERO/libero/libero/../datasets does not exist!
[object/motion_blur_1/aegis] [Warning]: datasets path /opt/LIBERO/libero/libero/../datasets does not exist!
[object/motion_blur_1/aegis] [Warning]: datasets path /opt/LIBERO/libero/libero/../datasets does not exist!
[object/motion_blur_1/aegis] [Warning]: datasets path /opt/LIBERO/libero/libero/../datasets does not exist!
[object/motion_blur_1/aegis] [Warning]: datasets path /opt/LIBERO/libero/libero/../datasets does not exist!
[goal/motion_blur_1/baseline] [Warning]: datasets path /opt/LIBERO/libero/libero/../datasets does not exist!
[goal/motion_blur_1/baseline] [Warning]: datasets path /opt/LIBERO/libero/libero/../datasets does not exist!
[object/motion_blur_1/aegis] [Warning]: datasets path /opt/LIBERO/libero/libero/../datasets does not exist!
[object/motion_blur_1/aegis] [Warning]: datasets path /opt/LIBERO/libero/libero/../datasets does not exist!
[goal/motion_blur_1/baseline] [Warning]: datasets path /opt/LIBERO/libero/libero/../datasets does not exist!
[goal/motion_blur_1/baseline] [Warning]: datasets path /opt/LIBERO/libero/libero/../datasets does not exist!
[object/motion_blur_1/aegis] Built vec env | suite=libero_object | task_id=2 | n_envs=10
[goal/motion_blur_1/baseline] [Warning]: datasets path /opt/LIBERO/libero/libero/../datasets does not exist!
[goal/motion_blur_1/baseline] [Warning]: datasets path /opt/LIBERO/libero/libero/../datasets does not exist!
[goal/motion_blur_1/baseline] [Warning]: datasets path /opt/LIBERO/libero/libero/../datasets does not exist!
[goal/motion_blur_1/baseline] [Warning]: datasets path /opt/LIBERO/libero/libero/../datasets does not exist!
[goal/motion_blur_1/baseline] Built vec env | suite=libero_goal | task_id=3 | n_envs=10
[goal/lighting_1/baseline] [libero_v] lighting_1 t2: 10/10
[goal/lighting_1/baseline] Creating LIBERO envs | suites=['libero_goal'] | n_envs(per task)=10 | init_states=True
[goal/lighting_1/baseline] Restricting to task_ids=[3]
[goal/lighting_1/baseline] [info] using task orders [0, 1, 2, 3, 4, 5, 6, 7, 8, 9]
[goal/lighting_1/baseline] [Warning]: datasets path /opt/LIBERO/libero/libero/../datasets does not exist!
[goal/lighting_1/baseline] [Warning]: datasets path /opt/LIBERO/libero/libero/../datasets does not exist!
[goal/lighting_1/baseline] [Warning]: datasets path /opt/LIBERO/libero/libero/../datasets does not exist!
[goal/lighting_1/baseline] [Warning]: datasets path /opt/LIBERO/libero/libero/../datasets does not exist!
[goal/lighting_1/baseline] [Warning]: datasets path /opt/LIBERO/libero/libero/../datasets does not exist!
[goal/lighting_1/baseline] [Warning]: datasets path /opt/LIBERO/libero/libero/../datasets does not exist!
[goal/lighting_1/baseline] [Warning]: datasets path /opt/LIBERO/libero/libero/../datasets does not exist!
[goal/lighting_1/baseline] [Warning]: datasets path /opt/LIBERO/libero/libero/../datasets does not exist!
[goal/lighting_1/baseline] [Warning]: datasets path /opt/LIBERO/libero/libero/../datasets does not exist!
[goal/lighting_1/baseline] [Warning]: datasets path /opt/LIBERO/libero/libero/../datasets does not exist!
[goal/lighting_1/baseline] [Warning]: datasets path /opt/LIBERO/libero/libero/../datasets does not exist!
[goal/lighting_1/baseline] [Warning]: datasets path /opt/LIBERO/libero/libero/../datasets does not exist!
[goal/lighting_1/baseline] [Warning]: datasets path /opt/LIBERO/libero/libero/../datasets does not exist!
[goal/lighting_1/baseline] [Warning]: datasets path /opt/LIBERO/libero/libero/../datasets does not exist!
[goal/lighting_1/baseline] [Warning]: datasets path /opt/LIBERO/libero/libero/../datasets does not exist!
[goal/lighting_1/baseline] [Warning]: datasets path /opt/LIBERO/libero/libero/../datasets does not exist!
[goal/lighting_1/baseline] [Warning]: datasets path /opt/LIBERO/libero/libero/../datasets does not exist!
[goal/lighting_1/baseline] [Warning]: datasets path /opt/LIBERO/libero/libero/../datasets does not exist!
[goal/lighting_1/baseline] [Warning]: datasets path /opt/LIBERO/libero/libero/../datasets does not exist!
[goal/lighting_1/baseline] [Warning]: datasets path /opt/LIBERO/libero/libero/../datasets does not exist!
[goal/lighting_1/baseline] Built vec env | suite=libero_goal | task_id=3 | n_envs=10
[goal/motion_blur_1/aegis] [libero_v] motion_blur_1 t3: 7/10
[goal/motion_blur_1/aegis] Creating LIBERO envs | suites=['libero_goal'] | n_envs(per task)=10 | init_states=True
[goal/motion_blur_1/aegis] Restricting to task_ids=[4]
[goal/motion_blur_1/aegis] [info] using task orders [0, 1, 2, 3, 4, 5, 6, 7, 8, 9]
[goal/motion_blur_1/aegis] [Warning]: datasets path /opt/LIBERO/libero/libero/../datasets does not exist!
[goal/motion_blur_1/aegis] [Warning]: datasets path /opt/LIBERO/libero/libero/../datasets does not exist!
[goal/motion_blur_1/aegis] [Warning]: datasets path /opt/LIBERO/libero/libero/../datasets does not exist!
[goal/motion_blur_1/aegis] [Warning]: datasets path /opt/LIBERO/libero/libero/../datasets does not exist!
[goal/motion_blur_1/aegis] [Warning]: datasets path /opt/LIBERO/libero/libero/../datasets does not exist!
[goal/motion_blur_1/aegis] [Warning]: datasets path /opt/LIBERO/libero/libero/../datasets does not exist!
[goal/motion_blur_1/aegis] [Warning]: datasets path /opt/LIBERO/libero/libero/../datasets does not exist!
[goal/motion_blur_1/aegis] [Warning]: datasets path /opt/LIBERO/libero/libero/../datasets does not exist!
[goal/motion_blur_1/aegis] [Warning]: datasets path /opt/LIBERO/libero/libero/../datasets does not exist!
[goal/motion_blur_1/aegis] [Warning]: datasets path /opt/LIBERO/libero/libero/../datasets does not exist!
[goal/motion_blur_1/aegis] [Warning]: datasets path /opt/LIBERO/libero/libero/../datasets does not exist!
[goal/motion_blur_1/aegis] [Warning]: datasets path /opt/LIBERO/libero/libero/../datasets does not exist!
[goal/motion_blur_1/aegis] [Warning]: datasets path /opt/LIBERO/libero/libero/../datasets does not exist!
[goal/motion_blur_1/aegis] [Warning]: datasets path /opt/LIBERO/libero/libero/../datasets does not exist!
[goal/motion_blur_1/aegis] [Warning]: datasets path /opt/LIBERO/libero/libero/../datasets does not exist!
[goal/motion_blur_1/aegis] [Warning]: datasets path /opt/LIBERO/libero/libero/../datasets does not exist!
[goal/motion_blur_1/aegis] [Warning]: datasets path /opt/LIBERO/libero/libero/../datasets does not exist!
[goal/motion_blur_1/aegis] [Warning]: datasets path /opt/LIBERO/libero/libero/../datasets does not exist!
[goal/motion_blur_1/aegis] [Warning]: datasets path /opt/LIBERO/libero/libero/../datasets does not exist!
[goal/motion_blur_1/aegis] [Warning]: datasets path /opt/LIBERO/libero/libero/../datasets does not exist!
[goal/motion_blur_1/aegis] Built vec env | suite=libero_goal | task_id=4 | n_envs=10
[object/motion_blur_1/aegis] [libero_v] motion_blur_1 t2: 10/10
[object/motion_blur_1/aegis] Creating LIBERO envs | suites=['libero_object'] | n_envs(per task)=10 | init_states=True
[object/motion_blur_1/aegis] Restricting to task_ids=[3]
[object/motion_blur_1/aegis] [info] using task orders [0, 1, 2, 3, 4, 5, 6, 7, 8, 9]
[object/motion_blur_1/aegis] [Warning]: datasets path /opt/LIBERO/libero/libero/../datasets does not exist!
[object/motion_blur_1/aegis] [Warning]: datasets path /opt/LIBERO/libero/libero/../datasets does not exist!
[object/motion_blur_1/aegis] [Warning]: datasets path /opt/LIBERO/libero/libero/../datasets does not exist!
[object/motion_blur_1/aegis] [Warning]: datasets path /opt/LIBERO/libero/libero/../datasets does not exist!
[object/motion_blur_1/aegis] [Warning]: datasets path /opt/LIBERO/libero/libero/../datasets does not exist!
[object/motion_blur_1/aegis] [Warning]: datasets path /opt/LIBERO/libero/libero/../datasets does not exist!
[object/motion_blur_1/aegis] [Warning]: datasets path /opt/LIBERO/libero/libero/../datasets does not exist!
[object/motion_blur_1/aegis] [Warning]: datasets path /opt/LIBERO/libero/libero/../datasets does not exist!
[object/motion_blur_1/aegis] [Warning]: datasets path /opt/LIBERO/libero/libero/../datasets does not exist!
[object/motion_blur_1/aegis] [Warning]: datasets path /opt/LIBERO/libero/libero/../datasets does not exist!
[object/motion_blur_1/aegis] [Warning]: datasets path /opt/LIBERO/libero/libero/../datasets does not exist!
[object/motion_blur_1/aegis] [Warning]: datasets path /opt/LIBERO/libero/libero/../datasets does not exist!
[object/motion_blur_1/aegis] [Warning]: datasets path /opt/LIBERO/libero/libero/../datasets does not exist!
[object/motion_blur_1/aegis] [Warning]: datasets path /opt/LIBERO/libero/libero/../datasets does not exist!
[object/motion_blur_1/aegis] [Warning]: datasets path /opt/LIBERO/libero/libero/../datasets does not exist!
[object/motion_blur_1/aegis] [Warning]: datasets path /opt/LIBERO/libero/libero/../datasets does not exist!
[object/motion_blur_1/aegis] [Warning]: datasets path /opt/LIBERO/libero/libero/../datasets does not exist!
[object/motion_blur_1/aegis] [Warning]: datasets path /opt/LIBERO/libero/libero/../datasets does not exist!
[object/motion_blur_1/aegis] [Warning]: datasets path /opt/LIBERO/libero/libero/../datasets does not exist!
[object/motion_blur_1/aegis] [Warning]: datasets path /opt/LIBERO/libero/libero/../datasets does not exist!
[object/motion_blur_1/aegis] Built vec env | suite=libero_object | task_id=3 | n_envs=10
[goal/texture_1/baseline] [libero_v] texture_1 t0: 8/10
[goal/texture_1/baseline] Creating LIBERO envs | suites=['libero_goal'] | n_envs(per task)=10 | init_states=True
[goal/texture_1/baseline] Restricting to task_ids=[1]
[goal/texture_1/baseline] [info] using task orders [0, 1, 2, 3, 4, 5, 6, 7, 8, 9]
[goal/texture_1/baseline] [Warning]: datasets path /opt/LIBERO/libero/libero/../datasets does not exist!
[goal/texture_1/baseline] [Warning]: datasets path /opt/LIBERO/libero/libero/../datasets does not exist!
[goal/texture_1/baseline] [Warning]: datasets path /opt/LIBERO/libero/libero/../datasets does not exist!
[goal/texture_1/baseline] [Warning]: datasets path /opt/LIBERO/libero/libero/../datasets does not exist!
[goal/texture_1/baseline] [Warning]: datasets path /opt/LIBERO/libero/libero/../datasets does not exist!
[goal/texture_1/baseline] [Warning]: datasets path /opt/LIBERO/libero/libero/../datasets does not exist!
[goal/texture_1/baseline] [Warning]: datasets path /opt/LIBERO/libero/libero/../datasets does not exist!
[goal/texture_1/baseline] [Warning]: datasets path /opt/LIBERO/libero/libero/../datasets does not exist!
[goal/texture_1/baseline] [Warning]: datasets path /opt/LIBERO/libero/libero/../datasets does not exist!
[goal/texture_1/baseline] [Warning]: datasets path /opt/LIBERO/libero/libero/../datasets does not exist!
[goal/texture_1/baseline] [Warning]: datasets path /opt/LIBERO/libero/libero/../datasets does not exist!
[goal/texture_1/baseline] [Warning]: datasets path /opt/LIBERO/libero/libero/../datasets does not exist!
[goal/texture_1/baseline] [Warning]: datasets path /opt/LIBERO/libero/libero/../datasets does not exist!
[goal/texture_1/baseline] [Warning]: datasets path /opt/LIBERO/libero/libero/../datasets does not exist!
[goal/texture_1/baseline] [Warning]: datasets path /opt/LIBERO/libero/libero/../datasets does not exist!
[goal/texture_1/baseline] [Warning]: datasets path /opt/LIBERO/libero/libero/../datasets does not exist!
[goal/texture_1/baseline] [Warning]: datasets path /opt/LIBERO/libero/libero/../datasets does not exist!
[goal/texture_1/baseline] [Warning]: datasets path /opt/LIBERO/libero/libero/../datasets does not exist!
[goal/texture_1/baseline] [Warning]: datasets path /opt/LIBERO/libero/libero/../datasets does not exist!
[goal/texture_1/baseline] [Warning]: datasets path /opt/LIBERO/libero/libero/../datasets does not exist!
[goal/texture_1/baseline] Built vec env | suite=libero_goal | task_id=1 | n_envs=10
[goal/motion_blur_1/baseline] [libero_v] motion_blur_1 t3: 0/10
[goal/motion_blur_1/baseline] Creating LIBERO envs | suites=['libero_goal'] | n_envs(per task)=10 | init_states=True
[goal/motion_blur_1/baseline] Restricting to task_ids=[4]
[goal/motion_blur_1/baseline] [info] using task orders [0, 1, 2, 3, 4, 5, 6, 7, 8, 9]
[goal/motion_blur_1/baseline] [Warning]: datasets path /opt/LIBERO/libero/libero/../datasets does not exist!
[goal/motion_blur_1/baseline] [Warning]: datasets path /opt/LIBERO/libero/libero/../datasets does not exist!
[goal/motion_blur_1/baseline] [Warning]: datasets path /opt/LIBERO/libero/libero/../datasets does not exist!
[goal/motion_blur_1/baseline] [Warning]: datasets path /opt/LIBERO/libero/libero/../datasets does not exist!
[goal/motion_blur_1/baseline] [Warning]: datasets path /opt/LIBERO/libero/libero/../datasets does not exist!
[goal/motion_blur_1/baseline] [Warning]: datasets path /opt/LIBERO/libero/libero/../datasets does not exist!
[goal/motion_blur_1/baseline] [Warning]: datasets path /opt/LIBERO/libero/libero/../datasets does not exist!
[goal/motion_blur_1/baseline] [Warning]: datasets path /opt/LIBERO/libero/libero/../datasets does not exist!
[goal/motion_blur_1/baseline] [Warning]: datasets path /opt/LIBERO/libero/libero/../datasets does not exist!
[goal/motion_blur_1/baseline] [Warning]: datasets path /opt/LIBERO/libero/libero/../datasets does not exist!
[goal/motion_blur_1/baseline] [Warning]: datasets path /opt/LIBERO/libero/libero/../datasets does not exist!
[goal/motion_blur_1/baseline] [Warning]: datasets path /opt/LIBERO/libero/libero/../datasets does not exist!
[goal/motion_blur_1/baseline] [Warning]: datasets path /opt/LIBERO/libero/libero/../datasets does not exist!
[goal/motion_blur_1/baseline] [Warning]: datasets path /opt/LIBERO/libero/libero/../datasets does not exist!
[goal/motion_blur_1/baseline] [Warning]: datasets path /opt/LIBERO/libero/libero/../datasets does not exist!
[goal/motion_blur_1/baseline] [Warning]: datasets path /opt/LIBERO/libero/libero/../datasets does not exist!
[goal/motion_blur_1/baseline] [Warning]: datasets path /opt/LIBERO/libero/libero/../datasets does not exist!
[goal/motion_blur_1/baseline] [Warning]: datasets path /opt/LIBERO/libero/libero/../datasets does not exist!
[goal/motion_blur_1/baseline] [Warning]: datasets path /opt/LIBERO/libero/libero/../datasets does not exist!
[goal/motion_blur_1/baseline] [Warning]: datasets path /opt/LIBERO/libero/libero/../datasets does not exist!
[goal/motion_blur_1/baseline] Built vec env | suite=libero_goal | task_id=4 | n_envs=10
[goal/lighting_1/aegis] [libero_v] lighting_1 t2: 9/10
[goal/lighting_1/aegis] Creating LIBERO envs | suites=['libero_goal'] | n_envs(per task)=10 | init_states=True
[goal/lighting_1/aegis] Restricting to task_ids=[3]
[goal/lighting_1/aegis] [info] using task orders [0, 1, 2, 3, 4, 5, 6, 7, 8, 9]
[goal/lighting_1/aegis] [Warning]: datasets path /opt/LIBERO/libero/libero/../datasets does not exist!
[goal/lighting_1/aegis] [Warning]: datasets path /opt/LIBERO/libero/libero/../datasets does not exist!
[goal/lighting_1/aegis] [Warning]: datasets path /opt/LIBERO/libero/libero/../datasets does not exist!
[goal/lighting_1/aegis] [Warning]: datasets path /opt/LIBERO/libero/libero/../datasets does not exist!
[goal/texture_1/baseline] [libero_v] texture_1 t1: 10/10
[goal/texture_1/baseline] Creating LIBERO envs | suites=['libero_goal'] | n_envs(per task)=10 | init_states=True
[goal/texture_1/baseline] Restricting to task_ids=[2]
[goal/texture_1/baseline] [info] using task orders [0, 1, 2, 3, 4, 5, 6, 7, 8, 9]
[goal/texture_1/baseline] [Warning]: datasets path /opt/LIBERO/libero/libero/../datasets does not exist!
[goal/texture_1/baseline] [Warning]: datasets path /opt/LIBERO/libero/libero/../datasets does not exist!
[goal/lighting_1/aegis] [Warning]: datasets path /opt/LIBERO/libero/libero/../datasets does not exist!
[goal/lighting_1/aegis] [Warning]: datasets path /opt/LIBERO/libero/libero/../datasets does not exist!
[goal/texture_1/baseline] [Warning]: datasets path /opt/LIBERO/libero/libero/../datasets does not exist!
[goal/texture_1/baseline] [Warning]: datasets path /opt/LIBERO/libero/libero/../datasets does not exist!
[goal/lighting_1/aegis] [Warning]: datasets path /opt/LIBERO/libero/libero/../datasets does not exist!
[goal/lighting_1/aegis] [Warning]: datasets path /opt/LIBERO/libero/libero/../datasets does not exist!
[goal/texture_1/baseline] [Warning]: datasets path /opt/LIBERO/libero/libero/../datasets does not exist!
[goal/texture_1/baseline] [Warning]: datasets path /opt/LIBERO/libero/libero/../datasets does not exist!
[goal/lighting_1/aegis] [Warning]: datasets path /opt/LIBERO/libero/libero/../datasets does not exist!
[goal/lighting_1/aegis] [Warning]: datasets path /opt/LIBERO/libero/libero/../datasets does not exist!
[goal/texture_1/baseline] [Warning]: datasets path /opt/LIBERO/libero/libero/../datasets does not exist!
[goal/texture_1/baseline] [Warning]: datasets path /opt/LIBERO/libero/libero/../datasets does not exist!
[goal/lighting_1/aegis] [Warning]: datasets path /opt/LIBERO/libero/libero/../datasets does not exist!
[goal/lighting_1/aegis] [Warning]: datasets path /opt/LIBERO/libero/libero/../datasets does not exist!
[goal/texture_1/baseline] [Warning]: datasets path /opt/LIBERO/libero/libero/../datasets does not exist!
[goal/texture_1/baseline] [Warning]: datasets path /opt/LIBERO/libero/libero/../datasets does not exist!
[goal/lighting_1/aegis] [Warning]: datasets path /opt/LIBERO/libero/libero/../datasets does not exist!
[goal/lighting_1/aegis] [Warning]: datasets path /opt/LIBERO/libero/libero/../datasets does not exist!
[goal/texture_1/baseline] [Warning]: datasets path /opt/LIBERO/libero/libero/../datasets does not exist!
[goal/texture_1/baseline] [Warning]: datasets path /opt/LIBERO/libero/libero/../datasets does not exist!
[goal/lighting_1/aegis] [Warning]: datasets path /opt/LIBERO/libero/libero/../datasets does not exist!
[goal/lighting_1/aegis] [Warning]: datasets path /opt/LIBERO/libero/libero/../datasets does not exist!
[goal/texture_1/baseline] [Warning]: datasets path /opt/LIBERO/libero/libero/../datasets does not exist!
[goal/texture_1/baseline] [Warning]: datasets path /opt/LIBERO/libero/libero/../datasets does not exist!
[goal/lighting_1/aegis] [Warning]: datasets path /opt/LIBERO/libero/libero/../datasets does not exist!
[goal/lighting_1/aegis] [Warning]: datasets path /opt/LIBERO/libero/libero/../datasets does not exist!
[goal/texture_1/baseline] [Warning]: datasets path /opt/LIBERO/libero/libero/../datasets does not exist!
[goal/texture_1/baseline] [Warning]: datasets path /opt/LIBERO/libero/libero/../datasets does not exist!
[goal/lighting_1/aegis] [Warning]: datasets path /opt/LIBERO/libero/libero/../datasets does not exist!
[goal/lighting_1/aegis] [Warning]: datasets path /opt/LIBERO/libero/libero/../datasets does not exist!
[goal/texture_1/baseline] [Warning]: datasets path /opt/LIBERO/libero/libero/../datasets does not exist!
[goal/texture_1/baseline] [Warning]: datasets path /opt/LIBERO/libero/libero/../datasets does not exist!
[goal/lighting_1/aegis] Built vec env | suite=libero_goal | task_id=3 | n_envs=10
[goal/texture_1/baseline] [Warning]: datasets path /opt/LIBERO/libero/libero/../datasets does not exist!
[goal/texture_1/baseline] [Warning]: datasets path /opt/LIBERO/libero/libero/../datasets does not exist!
[goal/texture_1/baseline] Built vec env | suite=libero_goal | task_id=2 | n_envs=10
[object/motion_blur_1/aegis] [libero_v] motion_blur_1 t3: 5/10
[object/motion_blur_1/aegis] Creating LIBERO envs | suites=['libero_object'] | n_envs(per task)=10 | init_states=True
[object/motion_blur_1/aegis] Restricting to task_ids=[4]
[object/motion_blur_1/aegis] [info] using task orders [0, 1, 2, 3, 4, 5, 6, 7, 8, 9]
[object/motion_blur_1/aegis] [Warning]: datasets path /opt/LIBERO/libero/libero/../datasets does not exist!
[object/motion_blur_1/aegis] [Warning]: datasets path /opt/LIBERO/libero/libero/../datasets does not exist!
[object/motion_blur_1/aegis] [Warning]: datasets path /opt/LIBERO/libero/libero/../datasets does not exist!
[object/motion_blur_1/aegis] [Warning]: datasets path /opt/LIBERO/libero/libero/../datasets does not exist!
[object/motion_blur_1/aegis] [Warning]: datasets path /opt/LIBERO/libero/libero/../datasets does not exist!
[object/motion_blur_1/aegis] [Warning]: datasets path /opt/LIBERO/libero/libero/../datasets does not exist!
[object/motion_blur_1/aegis] [Warning]: datasets path /opt/LIBERO/libero/libero/../datasets does not exist!
[object/motion_blur_1/aegis] [Warning]: datasets path /opt/LIBERO/libero/libero/../datasets does not exist!
[object/motion_blur_1/aegis] [Warning]: datasets path /opt/LIBERO/libero/libero/../datasets does not exist!
[object/motion_blur_1/aegis] [Warning]: datasets path /opt/LIBERO/libero/libero/../datasets does not exist!
[object/motion_blur_1/aegis] [Warning]: datasets path /opt/LIBERO/libero/libero/../datasets does not exist!
[object/motion_blur_1/aegis] [Warning]: datasets path /opt/LIBERO/libero/libero/../datasets does not exist!
[object/motion_blur_1/aegis] [Warning]: datasets path /opt/LIBERO/libero/libero/../datasets does not exist!
[object/motion_blur_1/aegis] [Warning]: datasets path /opt/LIBERO/libero/libero/../datasets does not exist!
[object/motion_blur_1/aegis] [Warning]: datasets path /opt/LIBERO/libero/libero/../datasets does not exist!
[object/motion_blur_1/aegis] [Warning]: datasets path /opt/LIBERO/libero/libero/../datasets does not exist!
[object/motion_blur_1/aegis] [Warning]: datasets path /opt/LIBERO/libero/libero/../datasets does not exist!
[object/motion_blur_1/aegis] [Warning]: datasets path /opt/LIBERO/libero/libero/../datasets does not exist!
[object/motion_blur_1/aegis] [Warning]: datasets path /opt/LIBERO/libero/libero/../datasets does not exist!
[object/motion_blur_1/aegis] [Warning]: datasets path /opt/LIBERO/libero/libero/../datasets does not exist!
[object/motion_blur_1/aegis] Built vec env | suite=libero_object | task_id=4 | n_envs=10
[goal/motion_blur_1/aegis] [libero_v] motion_blur_1 t4: 7/10
[goal/motion_blur_1/aegis] Creating LIBERO envs | suites=['libero_goal'] | n_envs(per task)=10 | init_states=True
[goal/motion_blur_1/aegis] Restricting to task_ids=[5]
[goal/motion_blur_1/aegis] [info] using task orders [0, 1, 2, 3, 4, 5, 6, 7, 8, 9]
[goal/motion_blur_1/aegis] [Warning]: datasets path /opt/LIBERO/libero/libero/../datasets does not exist!
[goal/motion_blur_1/aegis] [Warning]: datasets path /opt/LIBERO/libero/libero/../datasets does not exist!
[goal/motion_blur_1/aegis] [Warning]: datasets path /opt/LIBERO/libero/libero/../datasets does not exist!
[goal/motion_blur_1/aegis] [Warning]: datasets path /opt/LIBERO/libero/libero/../datasets does not exist!
[goal/motion_blur_1/aegis] [Warning]: datasets path /opt/LIBERO/libero/libero/../datasets does not exist!
[goal/motion_blur_1/aegis] [Warning]: datasets path /opt/LIBERO/libero/libero/../datasets does not exist!
[goal/motion_blur_1/aegis] [Warning]: datasets path /opt/LIBERO/libero/libero/../datasets does not exist!
[goal/motion_blur_1/aegis] [Warning]: datasets path /opt/LIBERO/libero/libero/../datasets does not exist!
[goal/motion_blur_1/aegis] [Warning]: datasets path /opt/LIBERO/libero/libero/../datasets does not exist!
[goal/motion_blur_1/aegis] [Warning]: datasets path /opt/LIBERO/libero/libero/../datasets does not exist!
[goal/motion_blur_1/aegis] [Warning]: datasets path /opt/LIBERO/libero/libero/../datasets does not exist!
[goal/motion_blur_1/aegis] [Warning]: datasets path /opt/LIBERO/libero/libero/../datasets does not exist!
[goal/motion_blur_1/aegis] [Warning]: datasets path /opt/LIBERO/libero/libero/../datasets does not exist!
[goal/motion_blur_1/aegis] [Warning]: datasets path /opt/LIBERO/libero/libero/../datasets does not exist!
[goal/motion_blur_1/aegis] [Warning]: datasets path /opt/LIBERO/libero/libero/../datasets does not exist!
[goal/motion_blur_1/aegis] [Warning]: datasets path /opt/LIBERO/libero/libero/../datasets does not exist!
[goal/motion_blur_1/aegis] [Warning]: datasets path /opt/LIBERO/libero/libero/../datasets does not exist!
[goal/motion_blur_1/aegis] [Warning]: datasets path /opt/LIBERO/libero/libero/../datasets does not exist!
[goal/motion_blur_1/aegis] [Warning]: datasets path /opt/LIBERO/libero/libero/../datasets does not exist!
[goal/motion_blur_1/aegis] [Warning]: datasets path /opt/LIBERO/libero/libero/../datasets does not exist!
[goal/motion_blur_1/aegis] Built vec env | suite=libero_goal | task_id=5 | n_envs=10
[goal/texture_1/baseline] [libero_v] texture_1 t2: 10/10
[goal/texture_1/baseline] Creating LIBERO envs | suites=['libero_goal'] | n_envs(per task)=10 | init_states=True
[goal/texture_1/baseline] Restricting to task_ids=[3]
[goal/texture_1/baseline] [info] using task orders [0, 1, 2, 3, 4, 5, 6, 7, 8, 9]
[goal/texture_1/baseline] [Warning]: datasets path /opt/LIBERO/libero/libero/../datasets does not exist!
[goal/texture_1/baseline] [Warning]: datasets path /opt/LIBERO/libero/libero/../datasets does not exist!
[goal/texture_1/baseline] [Warning]: datasets path /opt/LIBERO/libero/libero/../datasets does not exist!
[goal/texture_1/baseline] [Warning]: datasets path /opt/LIBERO/libero/libero/../datasets does not exist!
[goal/texture_1/baseline] [Warning]: datasets path /opt/LIBERO/libero/libero/../datasets does not exist!
[goal/texture_1/baseline] [Warning]: datasets path /opt/LIBERO/libero/libero/../datasets does not exist!
[goal/texture_1/baseline] [Warning]: datasets path /opt/LIBERO/libero/libero/../datasets does not exist!
[goal/texture_1/baseline] [Warning]: datasets path /opt/LIBERO/libero/libero/../datasets does not exist!
[goal/texture_1/baseline] [Warning]: datasets path /opt/LIBERO/libero/libero/../datasets does not exist!
[goal/texture_1/baseline] [Warning]: datasets path /opt/LIBERO/libero/libero/../datasets does not exist!
[goal/texture_1/baseline] [Warning]: datasets path /opt/LIBERO/libero/libero/../datasets does not exist!
[goal/texture_1/baseline] [Warning]: datasets path /opt/LIBERO/libero/libero/../datasets does not exist!
[goal/texture_1/baseline] [Warning]: datasets path /opt/LIBERO/libero/libero/../datasets does not exist!
[goal/texture_1/baseline] [Warning]: datasets path /opt/LIBERO/libero/libero/../datasets does not exist!
[goal/texture_1/baseline] [Warning]: datasets path /opt/LIBERO/libero/libero/../datasets does not exist!
[goal/texture_1/baseline] [Warning]: datasets path /opt/LIBERO/libero/libero/../datasets does not exist!
[goal/texture_1/baseline] [Warning]: datasets path /opt/LIBERO/libero/libero/../datasets does not exist!
[goal/texture_1/baseline] [Warning]: datasets path /opt/LIBERO/libero/libero/../datasets does not exist!
[goal/texture_1/baseline] [Warning]: datasets path /opt/LIBERO/libero/libero/../datasets does not exist!
[goal/texture_1/baseline] [Warning]: datasets path /opt/LIBERO/libero/libero/../datasets does not exist!
[goal/texture_1/baseline] Built vec env | suite=libero_goal | task_id=3 | n_envs=10
[goal/lighting_1/baseline] [libero_v] lighting_1 t3: 6/10
[goal/lighting_1/baseline] Creating LIBERO envs | suites=['libero_goal'] | n_envs(per task)=10 | init_states=True
[goal/lighting_1/baseline] Restricting to task_ids=[4]
[goal/lighting_1/baseline] [info] using task orders [0, 1, 2, 3, 4, 5, 6, 7, 8, 9]
[goal/lighting_1/baseline] [Warning]: datasets path /opt/LIBERO/libero/libero/../datasets does not exist!
[goal/lighting_1/baseline] [Warning]: datasets path /opt/LIBERO/libero/libero/../datasets does not exist!
[goal/lighting_1/baseline] [Warning]: datasets path /opt/LIBERO/libero/libero/../datasets does not exist!
[goal/lighting_1/baseline] [Warning]: datasets path /opt/LIBERO/libero/libero/../datasets does not exist!
[goal/lighting_1/baseline] [Warning]: datasets path /opt/LIBERO/libero/libero/../datasets does not exist!
[goal/lighting_1/baseline] [Warning]: datasets path /opt/LIBERO/libero/libero/../datasets does not exist!
[goal/lighting_1/baseline] [Warning]: datasets path /opt/LIBERO/libero/libero/../datasets does not exist!
[goal/lighting_1/baseline] [Warning]: datasets path /opt/LIBERO/libero/libero/../datasets does not exist!
[goal/lighting_1/baseline] [Warning]: datasets path /opt/LIBERO/libero/libero/../datasets does not exist!
[goal/lighting_1/baseline] [Warning]: datasets path /opt/LIBERO/libero/libero/../datasets does not exist!
[goal/lighting_1/baseline] [Warning]: datasets path /opt/LIBERO/libero/libero/../datasets does not exist!
[goal/lighting_1/baseline] [Warning]: datasets path /opt/LIBERO/libero/libero/../datasets does not exist!
[goal/lighting_1/baseline] [Warning]: datasets path /opt/LIBERO/libero/libero/../datasets does not exist!
[goal/lighting_1/baseline] [Warning]: datasets path /opt/LIBERO/libero/libero/../datasets does not exist!
[goal/lighting_1/baseline] [Warning]: datasets path /opt/LIBERO/libero/libero/../datasets does not exist!
[goal/lighting_1/baseline] [Warning]: datasets path /opt/LIBERO/libero/libero/../datasets does not exist!
[goal/lighting_1/baseline] [Warning]: datasets path /opt/LIBERO/libero/libero/../datasets does not exist!
[goal/lighting_1/baseline] [Warning]: datasets path /opt/LIBERO/libero/libero/../datasets does not exist!
[goal/lighting_1/baseline] [Warning]: datasets path /opt/LIBERO/libero/libero/../datasets does not exist!
[goal/lighting_1/baseline] [Warning]: datasets path /opt/LIBERO/libero/libero/../datasets does not exist!
[goal/lighting_1/baseline] Built vec env | suite=libero_goal | task_id=4 | n_envs=10
[object/motion_blur_1/aegis] [libero_v] motion_blur_1 t4: 5/10
[object/motion_blur_1/aegis] Creating LIBERO envs | suites=['libero_object'] | n_envs(per task)=10 | init_states=True
[object/motion_blur_1/aegis] Restricting to task_ids=[5]
[object/motion_blur_1/aegis] [info] using task orders [0, 1, 2, 3, 4, 5, 6, 7, 8, 9]
[object/motion_blur_1/aegis] [Warning]: datasets path /opt/LIBERO/libero/libero/../datasets does not exist!
[object/motion_blur_1/aegis] [Warning]: datasets path /opt/LIBERO/libero/libero/../datasets does not exist!
[object/motion_blur_1/aegis] [Warning]: datasets path /opt/LIBERO/libero/libero/../datasets does not exist!
[object/motion_blur_1/aegis] [Warning]: datasets path /opt/LIBERO/libero/libero/../datasets does not exist!
[object/motion_blur_1/aegis] [Warning]: datasets path /opt/LIBERO/libero/libero/../datasets does not exist!
[object/motion_blur_1/aegis] [Warning]: datasets path /opt/LIBERO/libero/libero/../datasets does not exist!
[object/motion_blur_1/aegis] [Warning]: datasets path /opt/LIBERO/libero/libero/../datasets does not exist!
[object/motion_blur_1/aegis] [Warning]: datasets path /opt/LIBERO/libero/libero/../datasets does not exist!
[object/motion_blur_1/aegis] [Warning]: datasets path /opt/LIBERO/libero/libero/../datasets does not exist!
[object/motion_blur_1/aegis] [Warning]: datasets path /opt/LIBERO/libero/libero/../datasets does not exist!
[object/motion_blur_1/aegis] [Warning]: datasets path /opt/LIBERO/libero/libero/../datasets does not exist!
[object/motion_blur_1/aegis] [Warning]: datasets path /opt/LIBERO/libero/libero/../datasets does not exist!
[object/motion_blur_1/aegis] [Warning]: datasets path /opt/LIBERO/libero/libero/../datasets does not exist!
[object/motion_blur_1/aegis] [Warning]: datasets path /opt/LIBERO/libero/libero/../datasets does not exist!
[object/motion_blur_1/aegis] [Warning]: datasets path /opt/LIBERO/libero/libero/../datasets does not exist!
[object/motion_blur_1/aegis] [Warning]: datasets path /opt/LIBERO/libero/libero/../datasets does not exist!
[object/motion_blur_1/aegis] [Warning]: datasets path /opt/LIBERO/libero/libero/../datasets does not exist!
[object/motion_blur_1/aegis] [Warning]: datasets path /opt/LIBERO/libero/libero/../datasets does not exist!
[object/motion_blur_1/aegis] [Warning]: datasets path /opt/LIBERO/libero/libero/../datasets does not exist!
[object/motion_blur_1/aegis] [Warning]: datasets path /opt/LIBERO/libero/libero/../datasets does not exist!
[object/motion_blur_1/aegis] Built vec env | suite=libero_object | task_id=5 | n_envs=10
[goal/motion_blur_1/baseline] [libero_v] motion_blur_1 t4: 0/10
[goal/motion_blur_1/baseline] Creating LIBERO envs | suites=['libero_goal'] | n_envs(per task)=10 | init_states=True
[goal/motion_blur_1/baseline] Restricting to task_ids=[5]
[goal/motion_blur_1/baseline] [info] using task orders [0, 1, 2, 3, 4, 5, 6, 7, 8, 9]
[goal/motion_blur_1/baseline] [Warning]: datasets path /opt/LIBERO/libero/libero/../datasets does not exist!
[goal/motion_blur_1/baseline] [Warning]: datasets path /opt/LIBERO/libero/libero/../datasets does not exist!
[goal/motion_blur_1/baseline] [Warning]: datasets path /opt/LIBERO/libero/libero/../datasets does not exist!
[goal/motion_blur_1/baseline] [Warning]: datasets path /opt/LIBERO/libero/libero/../datasets does not exist!
[goal/motion_blur_1/baseline] [Warning]: datasets path /opt/LIBERO/libero/libero/../datasets does not exist!
[goal/motion_blur_1/baseline] [Warning]: datasets path /opt/LIBERO/libero/libero/../datasets does not exist!
[goal/motion_blur_1/baseline] [Warning]: datasets path /opt/LIBERO/libero/libero/../datasets does not exist!
[goal/motion_blur_1/baseline] [Warning]: datasets path /opt/LIBERO/libero/libero/../datasets does not exist!
[goal/motion_blur_1/baseline] [Warning]: datasets path /opt/LIBERO/libero/libero/../datasets does not exist!
[goal/motion_blur_1/baseline] [Warning]: datasets path /opt/LIBERO/libero/libero/../datasets does not exist!
[goal/motion_blur_1/baseline] [Warning]: datasets path /opt/LIBERO/libero/libero/../datasets does not exist!
[goal/motion_blur_1/baseline] [Warning]: datasets path /opt/LIBERO/libero/libero/../datasets does not exist!
[goal/motion_blur_1/baseline] [Warning]: datasets path /opt/LIBERO/libero/libero/../datasets does not exist!
[goal/motion_blur_1/baseline] [Warning]: datasets path /opt/LIBERO/libero/libero/../datasets does not exist!
[goal/motion_blur_1/baseline] [Warning]: datasets path /opt/LIBERO/libero/libero/../datasets does not exist!
[goal/motion_blur_1/baseline] [Warning]: datasets path /opt/LIBERO/libero/libero/../datasets does not exist!
[goal/motion_blur_1/baseline] [Warning]: datasets path /opt/LIBERO/libero/libero/../datasets does not exist!
[goal/motion_blur_1/baseline] [Warning]: datasets path /opt/LIBERO/libero/libero/../datasets does not exist!
[goal/motion_blur_1/baseline] [Warning]: datasets path /opt/LIBERO/libero/libero/../datasets does not exist!
[goal/motion_blur_1/baseline] [Warning]: datasets path /opt/LIBERO/libero/libero/../datasets does not exist!
[goal/motion_blur_1/baseline] Built vec env | suite=libero_goal | task_id=5 | n_envs=10
[goal/motion_blur_1/aegis] [libero_v] motion_blur_1 t5: 4/10
[goal/motion_blur_1/aegis] Creating LIBERO envs | suites=['libero_goal'] | n_envs(per task)=10 | init_states=True
[goal/motion_blur_1/aegis] Restricting to task_ids=[6]
[goal/motion_blur_1/aegis] [info] using task orders [0, 1, 2, 3, 4, 5, 6, 7, 8, 9]
[goal/motion_blur_1/aegis] [Warning]: datasets path /opt/LIBERO/libero/libero/../datasets does not exist!
[goal/motion_blur_1/aegis] [Warning]: datasets path /opt/LIBERO/libero/libero/../datasets does not exist!
[goal/motion_blur_1/aegis] [Warning]: datasets path /opt/LIBERO/libero/libero/../datasets does not exist!
[goal/motion_blur_1/aegis] [Warning]: datasets path /opt/LIBERO/libero/libero/../datasets does not exist!
[goal/motion_blur_1/aegis] [Warning]: datasets path /opt/LIBERO/libero/libero/../datasets does not exist!
[goal/motion_blur_1/aegis] [Warning]: datasets path /opt/LIBERO/libero/libero/../datasets does not exist!
[goal/motion_blur_1/aegis] [Warning]: datasets path /opt/LIBERO/libero/libero/../datasets does not exist!
[goal/motion_blur_1/aegis] [Warning]: datasets path /opt/LIBERO/libero/libero/../datasets does not exist!
[goal/motion_blur_1/aegis] [Warning]: datasets path /opt/LIBERO/libero/libero/../datasets does not exist!
[goal/motion_blur_1/aegis] [Warning]: datasets path /opt/LIBERO/libero/libero/../datasets does not exist!
[goal/motion_blur_1/aegis] [Warning]: datasets path /opt/LIBERO/libero/libero/../datasets does not exist!
[goal/motion_blur_1/aegis] [Warning]: datasets path /opt/LIBERO/libero/libero/../datasets does not exist!
[goal/motion_blur_1/aegis] [Warning]: datasets path /opt/LIBERO/libero/libero/../datasets does not exist!
[goal/motion_blur_1/aegis] [Warning]: datasets path /opt/LIBERO/libero/libero/../datasets does not exist!
[goal/motion_blur_1/aegis] [Warning]: datasets path /opt/LIBERO/libero/libero/../datasets does not exist!
[goal/motion_blur_1/aegis] [Warning]: datasets path /opt/LIBERO/libero/libero/../datasets does not exist!
[goal/motion_blur_1/aegis] [Warning]: datasets path /opt/LIBERO/libero/libero/../datasets does not exist!
[goal/motion_blur_1/aegis] [Warning]: datasets path /opt/LIBERO/libero/libero/../datasets does not exist!
[goal/motion_blur_1/aegis] [Warning]: datasets path /opt/LIBERO/libero/libero/../datasets does not exist!
[goal/motion_blur_1/aegis] [Warning]: datasets path /opt/LIBERO/libero/libero/../datasets does not exist!
[goal/motion_blur_1/aegis] Built vec env | suite=libero_goal | task_id=6 | n_envs=10
[object/motion_blur_1/aegis] [libero_v] motion_blur_1 t5: 10/10
[object/motion_blur_1/aegis] Creating LIBERO envs | suites=['libero_object'] | n_envs(per task)=10 | init_states=True
[object/motion_blur_1/aegis] Restricting to task_ids=[6]
[object/motion_blur_1/aegis] [info] using task orders [0, 1, 2, 3, 4, 5, 6, 7, 8, 9]
[object/motion_blur_1/aegis] [Warning]: datasets path /opt/LIBERO/libero/libero/../datasets does not exist!
[object/motion_blur_1/aegis] [Warning]: datasets path /opt/LIBERO/libero/libero/../datasets does not exist!
[object/motion_blur_1/aegis] [Warning]: datasets path /opt/LIBERO/libero/libero/../datasets does not exist!
[object/motion_blur_1/aegis] [Warning]: datasets path /opt/LIBERO/libero/libero/../datasets does not exist!
[object/motion_blur_1/aegis] [Warning]: datasets path /opt/LIBERO/libero/libero/../datasets does not exist!
[object/motion_blur_1/aegis] [Warning]: datasets path /opt/LIBERO/libero/libero/../datasets does not exist!
[object/motion_blur_1/aegis] [Warning]: datasets path /opt/LIBERO/libero/libero/../datasets does not exist!
[object/motion_blur_1/aegis] [Warning]: datasets path /opt/LIBERO/libero/libero/../datasets does not exist!
[object/motion_blur_1/aegis] [Warning]: datasets path /opt/LIBERO/libero/libero/../datasets does not exist!
[object/motion_blur_1/aegis] [Warning]: datasets path /opt/LIBERO/libero/libero/../datasets does not exist!
[object/motion_blur_1/aegis] [Warning]: datasets path /opt/LIBERO/libero/libero/../datasets does not exist!
[object/motion_blur_1/aegis] [Warning]: datasets path /opt/LIBERO/libero/libero/../datasets does not exist!
[object/motion_blur_1/aegis] [Warning]: datasets path /opt/LIBERO/libero/libero/../datasets does not exist!
[object/motion_blur_1/aegis] [Warning]: datasets path /opt/LIBERO/libero/libero/../datasets does not exist!
[object/motion_blur_1/aegis] [Warning]: datasets path /opt/LIBERO/libero/libero/../datasets does not exist!
[object/motion_blur_1/aegis] [Warning]: datasets path /opt/LIBERO/libero/libero/../datasets does not exist!
[object/motion_blur_1/aegis] [Warning]: datasets path /opt/LIBERO/libero/libero/../datasets does not exist!
[object/motion_blur_1/aegis] [Warning]: datasets path /opt/LIBERO/libero/libero/../datasets does not exist!
[object/motion_blur_1/aegis] [Warning]: datasets path /opt/LIBERO/libero/libero/../datasets does not exist!
[object/motion_blur_1/aegis] [Warning]: datasets path /opt/LIBERO/libero/libero/../datasets does not exist!
[goal/lighting_1/baseline] [libero_v] lighting_1 t4: 10/10
[goal/lighting_1/baseline] Creating LIBERO envs | suites=['libero_goal'] | n_envs(per task)=10 | init_states=True
[goal/lighting_1/baseline] Restricting to task_ids=[5]
[goal/lighting_1/baseline] [info] using task orders [0, 1, 2, 3, 4, 5, 6, 7, 8, 9]
[goal/lighting_1/baseline] [Warning]: datasets path /opt/LIBERO/libero/libero/../datasets does not exist!
[goal/lighting_1/baseline] [Warning]: datasets path /opt/LIBERO/libero/libero/../datasets does not exist!
[object/motion_blur_1/aegis] Built vec env | suite=libero_object | task_id=6 | n_envs=10
[goal/lighting_1/baseline] [Warning]: datasets path /opt/LIBERO/libero/libero/../datasets does not exist!
[goal/lighting_1/baseline] [Warning]: datasets path /opt/LIBERO/libero/libero/../datasets does not exist!
[goal/lighting_1/baseline] [Warning]: datasets path /opt/LIBERO/libero/libero/../datasets does not exist!
[goal/lighting_1/baseline] [Warning]: datasets path /opt/LIBERO/libero/libero/../datasets does not exist!
[goal/lighting_1/baseline] [Warning]: datasets path /opt/LIBERO/libero/libero/../datasets does not exist!
[goal/lighting_1/baseline] [Warning]: datasets path /opt/LIBERO/libero/libero/../datasets does not exist!
[goal/lighting_1/baseline] [Warning]: datasets path /opt/LIBERO/libero/libero/../datasets does not exist!
[goal/lighting_1/baseline] [Warning]: datasets path /opt/LIBERO/libero/libero/../datasets does not exist!
[goal/lighting_1/baseline] [Warning]: datasets path /opt/LIBERO/libero/libero/../datasets does not exist!
[goal/lighting_1/baseline] [Warning]: datasets path /opt/LIBERO/libero/libero/../datasets does not exist!
[goal/lighting_1/baseline] [Warning]: datasets path /opt/LIBERO/libero/libero/../datasets does not exist!
[goal/lighting_1/baseline] [Warning]: datasets path /opt/LIBERO/libero/libero/../datasets does not exist!
[goal/lighting_1/baseline] [Warning]: datasets path /opt/LIBERO/libero/libero/../datasets does not exist!
[goal/lighting_1/baseline] [Warning]: datasets path /opt/LIBERO/libero/libero/../datasets does not exist!
[goal/lighting_1/baseline] [Warning]: datasets path /opt/LIBERO/libero/libero/../datasets does not exist!
[goal/lighting_1/baseline] [Warning]: datasets path /opt/LIBERO/libero/libero/../datasets does not exist!
[goal/lighting_1/baseline] [Warning]: datasets path /opt/LIBERO/libero/libero/../datasets does not exist!
[goal/lighting_1/baseline] [Warning]: datasets path /opt/LIBERO/libero/libero/../datasets does not exist!
[goal/lighting_1/baseline] Built vec env | suite=libero_goal | task_id=5 | n_envs=10
[goal/texture_1/baseline] [libero_v] texture_1 t3: 5/10
[goal/texture_1/baseline] Creating LIBERO envs | suites=['libero_goal'] | n_envs(per task)=10 | init_states=True
[goal/texture_1/baseline] Restricting to task_ids=[4]
[goal/texture_1/baseline] [info] using task orders [0, 1, 2, 3, 4, 5, 6, 7, 8, 9]
[goal/texture_1/baseline] [Warning]: datasets path /opt/LIBERO/libero/libero/../datasets does not exist!
[goal/texture_1/baseline] [Warning]: datasets path /opt/LIBERO/libero/libero/../datasets does not exist!
[goal/texture_1/baseline] [Warning]: datasets path /opt/LIBERO/libero/libero/../datasets does not exist!
[goal/texture_1/baseline] [Warning]: datasets path /opt/LIBERO/libero/libero/../datasets does not exist!
[goal/texture_1/baseline] [Warning]: datasets path /opt/LIBERO/libero/libero/../datasets does not exist!
[goal/texture_1/baseline] [Warning]: datasets path /opt/LIBERO/libero/libero/../datasets does not exist!
[goal/texture_1/baseline] [Warning]: datasets path /opt/LIBERO/libero/libero/../datasets does not exist!
[goal/texture_1/baseline] [Warning]: datasets path /opt/LIBERO/libero/libero/../datasets does not exist!
[goal/texture_1/baseline] [Warning]: datasets path /opt/LIBERO/libero/libero/../datasets does not exist!
[goal/texture_1/baseline] [Warning]: datasets path /opt/LIBERO/libero/libero/../datasets does not exist!
[goal/texture_1/baseline] [Warning]: datasets path /opt/LIBERO/libero/libero/../datasets does not exist!
[goal/texture_1/baseline] [Warning]: datasets path /opt/LIBERO/libero/libero/../datasets does not exist!
[goal/texture_1/baseline] [Warning]: datasets path /opt/LIBERO/libero/libero/../datasets does not exist!
[goal/texture_1/baseline] [Warning]: datasets path /opt/LIBERO/libero/libero/../datasets does not exist!
[goal/texture_1/baseline] [Warning]: datasets path /opt/LIBERO/libero/libero/../datasets does not exist!
[goal/texture_1/baseline] [Warning]: datasets path /opt/LIBERO/libero/libero/../datasets does not exist!
[goal/texture_1/baseline] [Warning]: datasets path /opt/LIBERO/libero/libero/../datasets does not exist!
[goal/texture_1/baseline] [Warning]: datasets path /opt/LIBERO/libero/libero/../datasets does not exist!
[goal/texture_1/baseline] [Warning]: datasets path /opt/LIBERO/libero/libero/../datasets does not exist!
[goal/texture_1/baseline] [Warning]: datasets path /opt/LIBERO/libero/libero/../datasets does not exist!
[goal/texture_1/baseline] Built vec env | suite=libero_goal | task_id=4 | n_envs=10
[goal/lighting_1/aegis] [libero_v] lighting_1 t3: 7/10
[goal/lighting_1/aegis] Creating LIBERO envs | suites=['libero_goal'] | n_envs(per task)=10 | init_states=True
[goal/lighting_1/aegis] Restricting to task_ids=[4]
[goal/lighting_1/aegis] [info] using task orders [0, 1, 2, 3, 4, 5, 6, 7, 8, 9]
[goal/lighting_1/aegis] [Warning]: datasets path /opt/LIBERO/libero/libero/../datasets does not exist!
[goal/lighting_1/aegis] [Warning]: datasets path /opt/LIBERO/libero/libero/../datasets does not exist!
[goal/lighting_1/aegis] [Warning]: datasets path /opt/LIBERO/libero/libero/../datasets does not exist!
[goal/lighting_1/aegis] [Warning]: datasets path /opt/LIBERO/libero/libero/../datasets does not exist!
[goal/lighting_1/aegis] [Warning]: datasets path /opt/LIBERO/libero/libero/../datasets does not exist!
[goal/lighting_1/aegis] [Warning]: datasets path /opt/LIBERO/libero/libero/../datasets does not exist!
[goal/lighting_1/aegis] [Warning]: datasets path /opt/LIBERO/libero/libero/../datasets does not exist!
[goal/lighting_1/aegis] [Warning]: datasets path /opt/LIBERO/libero/libero/../datasets does not exist!
[goal/lighting_1/aegis] [Warning]: datasets path /opt/LIBERO/libero/libero/../datasets does not exist!
[goal/lighting_1/aegis] [Warning]: datasets path /opt/LIBERO/libero/libero/../datasets does not exist!
[goal/lighting_1/aegis] [Warning]: datasets path /opt/LIBERO/libero/libero/../datasets does not exist!
[goal/lighting_1/aegis] [Warning]: datasets path /opt/LIBERO/libero/libero/../datasets does not exist!
[goal/lighting_1/aegis] [Warning]: datasets path /opt/LIBERO/libero/libero/../datasets does not exist!
[goal/lighting_1/aegis] [Warning]: datasets path /opt/LIBERO/libero/libero/../datasets does not exist!
[goal/lighting_1/aegis] [Warning]: datasets path /opt/LIBERO/libero/libero/../datasets does not exist!
[goal/lighting_1/aegis] [Warning]: datasets path /opt/LIBERO/libero/libero/../datasets does not exist!
[goal/lighting_1/aegis] [Warning]: datasets path /opt/LIBERO/libero/libero/../datasets does not exist!
[goal/lighting_1/aegis] [Warning]: datasets path /opt/LIBERO/libero/libero/../datasets does not exist!
[goal/lighting_1/aegis] [Warning]: datasets path /opt/LIBERO/libero/libero/../datasets does not exist!
[goal/lighting_1/aegis] [Warning]: datasets path /opt/LIBERO/libero/libero/../datasets does not exist!
[goal/lighting_1/aegis] Built vec env | suite=libero_goal | task_id=4 | n_envs=10
[object/motion_blur_1/aegis] [libero_v] motion_blur_1 t6: 10/10
[object/motion_blur_1/aegis] Creating LIBERO envs | suites=['libero_object'] | n_envs(per task)=10 | init_states=True
[object/motion_blur_1/aegis] Restricting to task_ids=[7]
[object/motion_blur_1/aegis] [info] using task orders [0, 1, 2, 3, 4, 5, 6, 7, 8, 9]
[object/motion_blur_1/aegis] [Warning]: datasets path /opt/LIBERO/libero/libero/../datasets does not exist!
[object/motion_blur_1/aegis] [Warning]: datasets path /opt/LIBERO/libero/libero/../datasets does not exist!
[object/motion_blur_1/aegis] [Warning]: datasets path /opt/LIBERO/libero/libero/../datasets does not exist!
[object/motion_blur_1/aegis] [Warning]: datasets path /opt/LIBERO/libero/libero/../datasets does not exist!
[object/motion_blur_1/aegis] [Warning]: datasets path /opt/LIBERO/libero/libero/../datasets does not exist!
[object/motion_blur_1/aegis] [Warning]: datasets path /opt/LIBERO/libero/libero/../datasets does not exist!
[goal/motion_blur_1/baseline] [libero_v] motion_blur_1 t5: 0/10
[goal/motion_blur_1/baseline] Creating LIBERO envs | suites=['libero_goal'] | n_envs(per task)=10 | init_states=True
[goal/motion_blur_1/baseline] Restricting to task_ids=[6]
[goal/motion_blur_1/baseline] [info] using task orders [0, 1, 2, 3, 4, 5, 6, 7, 8, 9]
[goal/motion_blur_1/baseline] [Warning]: datasets path /opt/LIBERO/libero/libero/../datasets does not exist!
[object/motion_blur_1/aegis] [Warning]: datasets path /opt/LIBERO/libero/libero/../datasets does not exist!
[object/motion_blur_1/aegis] [Warning]: datasets path /opt/LIBERO/libero/libero/../datasets does not exist!
[goal/motion_blur_1/baseline] [Warning]: datasets path /opt/LIBERO/libero/libero/../datasets does not exist!
[object/motion_blur_1/aegis] [Warning]: datasets path /opt/LIBERO/libero/libero/../datasets does not exist!
[object/motion_blur_1/aegis] [Warning]: datasets path /opt/LIBERO/libero/libero/../datasets does not exist!
[goal/motion_blur_1/baseline] [Warning]: datasets path /opt/LIBERO/libero/libero/../datasets does not exist!
[goal/motion_blur_1/baseline] [Warning]: datasets path /opt/LIBERO/libero/libero/../datasets does not exist!
[object/motion_blur_1/aegis] [Warning]: datasets path /opt/LIBERO/libero/libero/../datasets does not exist!
[object/motion_blur_1/aegis] [Warning]: datasets path /opt/LIBERO/libero/libero/../datasets does not exist!
[goal/motion_blur_1/baseline] [Warning]: datasets path /opt/LIBERO/libero/libero/../datasets does not exist!
[goal/motion_blur_1/baseline] [Warning]: datasets path /opt/LIBERO/libero/libero/../datasets does not exist!
[object/motion_blur_1/aegis] [Warning]: datasets path /opt/LIBERO/libero/libero/../datasets does not exist!
[object/motion_blur_1/aegis] [Warning]: datasets path /opt/LIBERO/libero/libero/../datasets does not exist!
[goal/motion_blur_1/baseline] [Warning]: datasets path /opt/LIBERO/libero/libero/../datasets does not exist!
[goal/motion_blur_1/baseline] [Warning]: datasets path /opt/LIBERO/libero/libero/../datasets does not exist!
[object/motion_blur_1/aegis] [Warning]: datasets path /opt/LIBERO/libero/libero/../datasets does not exist!
[object/motion_blur_1/aegis] [Warning]: datasets path /opt/LIBERO/libero/libero/../datasets does not exist!
[goal/motion_blur_1/baseline] [Warning]: datasets path /opt/LIBERO/libero/libero/../datasets does not exist!
[goal/motion_blur_1/baseline] [Warning]: datasets path /opt/LIBERO/libero/libero/../datasets does not exist!
[object/motion_blur_1/aegis] [Warning]: datasets path /opt/LIBERO/libero/libero/../datasets does not exist!
[object/motion_blur_1/aegis] [Warning]: datasets path /opt/LIBERO/libero/libero/../datasets does not exist!
[goal/motion_blur_1/baseline] [Warning]: datasets path /opt/LIBERO/libero/libero/../datasets does not exist!
[goal/motion_blur_1/baseline] [Warning]: datasets path /opt/LIBERO/libero/libero/../datasets does not exist!
[object/motion_blur_1/aegis] [Warning]: datasets path /opt/LIBERO/libero/libero/../datasets does not exist!
[object/motion_blur_1/aegis] [Warning]: datasets path /opt/LIBERO/libero/libero/../datasets does not exist!
[goal/motion_blur_1/baseline] [Warning]: datasets path /opt/LIBERO/libero/libero/../datasets does not exist!
[goal/motion_blur_1/baseline] [Warning]: datasets path /opt/LIBERO/libero/libero/../datasets does not exist!
[object/motion_blur_1/aegis] Built vec env | suite=libero_object | task_id=7 | n_envs=10
[goal/motion_blur_1/baseline] [Warning]: datasets path /opt/LIBERO/libero/libero/../datasets does not exist!
[goal/motion_blur_1/baseline] [Warning]: datasets path /opt/LIBERO/libero/libero/../datasets does not exist!
[goal/motion_blur_1/baseline] [Warning]: datasets path /opt/LIBERO/libero/libero/../datasets does not exist!
[goal/motion_blur_1/baseline] [Warning]: datasets path /opt/LIBERO/libero/libero/../datasets does not exist!
[goal/motion_blur_1/baseline] [Warning]: datasets path /opt/LIBERO/libero/libero/../datasets does not exist!
[goal/motion_blur_1/baseline] [Warning]: datasets path /opt/LIBERO/libero/libero/../datasets does not exist!
[goal/motion_blur_1/baseline] Built vec env | suite=libero_goal | task_id=6 | n_envs=10
[goal/texture_1/baseline] [libero_v] texture_1 t4: 10/10
[goal/texture_1/baseline] Creating LIBERO envs | suites=['libero_goal'] | n_envs(per task)=10 | init_states=True
[goal/texture_1/baseline] Restricting to task_ids=[5]
[goal/texture_1/baseline] [info] using task orders [0, 1, 2, 3, 4, 5, 6, 7, 8, 9]
[goal/texture_1/baseline] [Warning]: datasets path /opt/LIBERO/libero/libero/../datasets does not exist!
[goal/texture_1/baseline] [Warning]: datasets path /opt/LIBERO/libero/libero/../datasets does not exist!
[goal/texture_1/baseline] [Warning]: datasets path /opt/LIBERO/libero/libero/../datasets does not exist!
[goal/texture_1/baseline] [Warning]: datasets path /opt/LIBERO/libero/libero/../datasets does not exist!
[goal/texture_1/baseline] [Warning]: datasets path /opt/LIBERO/libero/libero/../datasets does not exist!
[goal/texture_1/baseline] [Warning]: datasets path /opt/LIBERO/libero/libero/../datasets does not exist!
[goal/texture_1/baseline] [Warning]: datasets path /opt/LIBERO/libero/libero/../datasets does not exist!
[goal/texture_1/baseline] [Warning]: datasets path /opt/LIBERO/libero/libero/../datasets does not exist!
[goal/texture_1/baseline] [Warning]: datasets path /opt/LIBERO/libero/libero/../datasets does not exist!
[goal/texture_1/baseline] [Warning]: datasets path /opt/LIBERO/libero/libero/../datasets does not exist!
[goal/texture_1/baseline] [Warning]: datasets path /opt/LIBERO/libero/libero/../datasets does not exist!
[goal/texture_1/baseline] [Warning]: datasets path /opt/LIBERO/libero/libero/../datasets does not exist!
[goal/texture_1/baseline] [Warning]: datasets path /opt/LIBERO/libero/libero/../datasets does not exist!
[goal/texture_1/baseline] [Warning]: datasets path /opt/LIBERO/libero/libero/../datasets does not exist!
[goal/texture_1/baseline] [Warning]: datasets path /opt/LIBERO/libero/libero/../datasets does not exist!
[goal/texture_1/baseline] [Warning]: datasets path /opt/LIBERO/libero/libero/../datasets does not exist!
[goal/texture_1/baseline] [Warning]: datasets path /opt/LIBERO/libero/libero/../datasets does not exist!
[goal/texture_1/baseline] [Warning]: datasets path /opt/LIBERO/libero/libero/../datasets does not exist!
[goal/texture_1/baseline] [Warning]: datasets path /opt/LIBERO/libero/libero/../datasets does not exist!
[goal/texture_1/baseline] [Warning]: datasets path /opt/LIBERO/libero/libero/../datasets does not exist!
[goal/texture_1/baseline] Built vec env | suite=libero_goal | task_id=5 | n_envs=10
[goal/motion_blur_1/aegis] [libero_v] motion_blur_1 t6: 6/10
[goal/motion_blur_1/aegis] Creating LIBERO envs | suites=['libero_goal'] | n_envs(per task)=10 | init_states=True
[goal/motion_blur_1/aegis] Restricting to task_ids=[7]
[goal/motion_blur_1/aegis] [info] using task orders [0, 1, 2, 3, 4, 5, 6, 7, 8, 9]
[goal/motion_blur_1/aegis] [Warning]: datasets path /opt/LIBERO/libero/libero/../datasets does not exist!
[goal/motion_blur_1/aegis] [Warning]: datasets path /opt/LIBERO/libero/libero/../datasets does not exist!
[goal/motion_blur_1/aegis] [Warning]: datasets path /opt/LIBERO/libero/libero/../datasets does not exist!
[goal/motion_blur_1/aegis] [Warning]: datasets path /opt/LIBERO/libero/libero/../datasets does not exist!
[goal/motion_blur_1/aegis] [Warning]: datasets path /opt/LIBERO/libero/libero/../datasets does not exist!
[goal/motion_blur_1/aegis] [Warning]: datasets path /opt/LIBERO/libero/libero/../datasets does not exist!
[goal/motion_blur_1/aegis] [Warning]: datasets path /opt/LIBERO/libero/libero/../datasets does not exist!
[goal/motion_blur_1/aegis] [Warning]: datasets path /opt/LIBERO/libero/libero/../datasets does not exist!
[goal/motion_blur_1/aegis] [Warning]: datasets path /opt/LIBERO/libero/libero/../datasets does not exist!
[goal/motion_blur_1/aegis] [Warning]: datasets path /opt/LIBERO/libero/libero/../datasets does not exist!
[goal/motion_blur_1/aegis] [Warning]: datasets path /opt/LIBERO/libero/libero/../datasets does not exist!
[goal/motion_blur_1/aegis] [Warning]: datasets path /opt/LIBERO/libero/libero/../datasets does not exist!
[goal/motion_blur_1/aegis] [Warning]: datasets path /opt/LIBERO/libero/libero/../datasets does not exist!
[goal/motion_blur_1/aegis] [Warning]: datasets path /opt/LIBERO/libero/libero/../datasets does not exist!
[goal/motion_blur_1/aegis] [Warning]: datasets path /opt/LIBERO/libero/libero/../datasets does not exist!
[goal/motion_blur_1/aegis] [Warning]: datasets path /opt/LIBERO/libero/libero/../datasets does not exist!
[goal/motion_blur_1/aegis] [Warning]: datasets path /opt/LIBERO/libero/libero/../datasets does not exist!
[goal/motion_blur_1/aegis] [Warning]: datasets path /opt/LIBERO/libero/libero/../datasets does not exist!
[goal/motion_blur_1/aegis] [Warning]: datasets path /opt/LIBERO/libero/libero/../datasets does not exist!
[goal/motion_blur_1/aegis] [Warning]: datasets path /opt/LIBERO/libero/libero/../datasets does not exist!
[goal/motion_blur_1/aegis] Built vec env | suite=libero_goal | task_id=7 | n_envs=10
[object/motion_blur_1/aegis] [libero_v] motion_blur_1 t7: 10/10
[object/motion_blur_1/aegis] Creating LIBERO envs | suites=['libero_object'] | n_envs(per task)=10 | init_states=True
[object/motion_blur_1/aegis] Restricting to task_ids=[8]
[object/motion_blur_1/aegis] [info] using task orders [0, 1, 2, 3, 4, 5, 6, 7, 8, 9]
[object/motion_blur_1/aegis] [Warning]: datasets path /opt/LIBERO/libero/libero/../datasets does not exist!
[object/motion_blur_1/aegis] [Warning]: datasets path /opt/LIBERO/libero/libero/../datasets does not exist!
[object/motion_blur_1/aegis] [Warning]: datasets path /opt/LIBERO/libero/libero/../datasets does not exist!
[object/motion_blur_1/aegis] [Warning]: datasets path /opt/LIBERO/libero/libero/../datasets does not exist!
[object/motion_blur_1/aegis] [Warning]: datasets path /opt/LIBERO/libero/libero/../datasets does not exist!
[object/motion_blur_1/aegis] [Warning]: datasets path /opt/LIBERO/libero/libero/../datasets does not exist!
[object/motion_blur_1/aegis] [Warning]: datasets path /opt/LIBERO/libero/libero/../datasets does not exist!
[object/motion_blur_1/aegis] [Warning]: datasets path /opt/LIBERO/libero/libero/../datasets does not exist!
[object/motion_blur_1/aegis] [Warning]: datasets path /opt/LIBERO/libero/libero/../datasets does not exist!
[object/motion_blur_1/aegis] [Warning]: datasets path /opt/LIBERO/libero/libero/../datasets does not exist!
[object/motion_blur_1/aegis] [Warning]: datasets path /opt/LIBERO/libero/libero/../datasets does not exist!
[object/motion_blur_1/aegis] [Warning]: datasets path /opt/LIBERO/libero/libero/../datasets does not exist!
[object/motion_blur_1/aegis] [Warning]: datasets path /opt/LIBERO/libero/libero/../datasets does not exist!
[object/motion_blur_1/aegis] [Warning]: datasets path /opt/LIBERO/libero/libero/../datasets does not exist!
[object/motion_blur_1/aegis] [Warning]: datasets path /opt/LIBERO/libero/libero/../datasets does not exist!
[object/motion_blur_1/aegis] [Warning]: datasets path /opt/LIBERO/libero/libero/../datasets does not exist!
[object/motion_blur_1/aegis] [Warning]: datasets path /opt/LIBERO/libero/libero/../datasets does not exist!
[object/motion_blur_1/aegis] [Warning]: datasets path /opt/LIBERO/libero/libero/../datasets does not exist!
[object/motion_blur_1/aegis] [Warning]: datasets path /opt/LIBERO/libero/libero/../datasets does not exist!
[object/motion_blur_1/aegis] [Warning]: datasets path /opt/LIBERO/libero/libero/../datasets does not exist!
[object/motion_blur_1/aegis] Built vec env | suite=libero_object | task_id=8 | n_envs=10
[goal/motion_blur_1/aegis] [libero_v] motion_blur_1 t7: 10/10
[goal/motion_blur_1/aegis] Creating LIBERO envs | suites=['libero_goal'] | n_envs(per task)=10 | init_states=True
[goal/motion_blur_1/aegis] Restricting to task_ids=[8]
[goal/motion_blur_1/aegis] [info] using task orders [0, 1, 2, 3, 4, 5, 6, 7, 8, 9]
[goal/motion_blur_1/aegis] [Warning]: datasets path /opt/LIBERO/libero/libero/../datasets does not exist!
[goal/motion_blur_1/aegis] [Warning]: datasets path /opt/LIBERO/libero/libero/../datasets does not exist!
[goal/motion_blur_1/aegis] [Warning]: datasets path /opt/LIBERO/libero/libero/../datasets does not exist!
[goal/motion_blur_1/aegis] [Warning]: datasets path /opt/LIBERO/libero/libero/../datasets does not exist!
[goal/motion_blur_1/aegis] [Warning]: datasets path /opt/LIBERO/libero/libero/../datasets does not exist!
[goal/motion_blur_1/aegis] [Warning]: datasets path /opt/LIBERO/libero/libero/../datasets does not exist!
[goal/motion_blur_1/aegis] [Warning]: datasets path /opt/LIBERO/libero/libero/../datasets does not exist!
[goal/motion_blur_1/aegis] [Warning]: datasets path /opt/LIBERO/libero/libero/../datasets does not exist!
[goal/motion_blur_1/aegis] [Warning]: datasets path /opt/LIBERO/libero/libero/../datasets does not exist!
[goal/motion_blur_1/aegis] [Warning]: datasets path /opt/LIBERO/libero/libero/../datasets does not exist!
[goal/motion_blur_1/aegis] [Warning]: datasets path /opt/LIBERO/libero/libero/../datasets does not exist!
[goal/motion_blur_1/aegis] [Warning]: datasets path /opt/LIBERO/libero/libero/../datasets does not exist!
[goal/motion_blur_1/aegis] [Warning]: datasets path /opt/LIBERO/libero/libero/../datasets does not exist!
[goal/motion_blur_1/aegis] [Warning]: datasets path /opt/LIBERO/libero/libero/../datasets does not exist!
[goal/motion_blur_1/aegis] [Warning]: datasets path /opt/LIBERO/libero/libero/../datasets does not exist!
[goal/motion_blur_1/aegis] [Warning]: datasets path /opt/LIBERO/libero/libero/../datasets does not exist!
[goal/motion_blur_1/aegis] [Warning]: datasets path /opt/LIBERO/libero/libero/../datasets does not exist!
[goal/motion_blur_1/aegis] [Warning]: datasets path /opt/LIBERO/libero/libero/../datasets does not exist!
[goal/motion_blur_1/aegis] [Warning]: datasets path /opt/LIBERO/libero/libero/../datasets does not exist!
[goal/motion_blur_1/aegis] [Warning]: datasets path /opt/LIBERO/libero/libero/../datasets does not exist!
[goal/motion_blur_1/aegis] Built vec env | suite=libero_goal | task_id=8 | n_envs=10
[goal/motion_blur_1/baseline] [libero_v] motion_blur_1 t6: 0/10
[goal/motion_blur_1/baseline] Creating LIBERO envs | suites=['libero_goal'] | n_envs(per task)=10 | init_states=True
[goal/motion_blur_1/baseline] Restricting to task_ids=[7]
[goal/motion_blur_1/baseline] [info] using task orders [0, 1, 2, 3, 4, 5, 6, 7, 8, 9]
[goal/motion_blur_1/baseline] [Warning]: datasets path /opt/LIBERO/libero/libero/../datasets does not exist!
[goal/motion_blur_1/baseline] [Warning]: datasets path /opt/LIBERO/libero/libero/../datasets does not exist!
[object/motion_blur_1/aegis] [libero_v] motion_blur_1 t8: 10/10
[object/motion_blur_1/aegis] Creating LIBERO envs | suites=['libero_object'] | n_envs(per task)=10 | init_states=True
[object/motion_blur_1/aegis] Restricting to task_ids=[9]
[object/motion_blur_1/aegis] [info] using task orders [0, 1, 2, 3, 4, 5, 6, 7, 8, 9]
[object/motion_blur_1/aegis] [Warning]: datasets path /opt/LIBERO/libero/libero/../datasets does not exist!
[object/motion_blur_1/aegis] [Warning]: datasets path /opt/LIBERO/libero/libero/../datasets does not exist!
[object/motion_blur_1/aegis] [Warning]: datasets path /opt/LIBERO/libero/libero/../datasets does not exist!
[object/motion_blur_1/aegis] [Warning]: datasets path /opt/LIBERO/libero/libero/../datasets does not exist!
[goal/motion_blur_1/baseline] [Warning]: datasets path /opt/LIBERO/libero/libero/../datasets does not exist!
[goal/motion_blur_1/baseline] [Warning]: datasets path /opt/LIBERO/libero/libero/../datasets does not exist!
[object/motion_blur_1/aegis] [Warning]: datasets path /opt/LIBERO/libero/libero/../datasets does not exist!
[object/motion_blur_1/aegis] [Warning]: datasets path /opt/LIBERO/libero/libero/../datasets does not exist!
[goal/motion_blur_1/baseline] [Warning]: datasets path /opt/LIBERO/libero/libero/../datasets does not exist!
[goal/motion_blur_1/baseline] [Warning]: datasets path /opt/LIBERO/libero/libero/../datasets does not exist!
[object/motion_blur_1/aegis] [Warning]: datasets path /opt/LIBERO/libero/libero/../datasets does not exist!
[object/motion_blur_1/aegis] [Warning]: datasets path /opt/LIBERO/libero/libero/../datasets does not exist!
[goal/motion_blur_1/baseline] [Warning]: datasets path /opt/LIBERO/libero/libero/../datasets does not exist!
[goal/motion_blur_1/baseline] [Warning]: datasets path /opt/LIBERO/libero/libero/../datasets does not exist!
[object/motion_blur_1/aegis] [Warning]: datasets path /opt/LIBERO/libero/libero/../datasets does not exist!
[object/motion_blur_1/aegis] [Warning]: datasets path /opt/LIBERO/libero/libero/../datasets does not exist!
[goal/motion_blur_1/baseline] [Warning]: datasets path /opt/LIBERO/libero/libero/../datasets does not exist!
[goal/motion_blur_1/baseline] [Warning]: datasets path /opt/LIBERO/libero/libero/../datasets does not exist!
[object/motion_blur_1/aegis] [Warning]: datasets path /opt/LIBERO/libero/libero/../datasets does not exist!
[object/motion_blur_1/aegis] [Warning]: datasets path /opt/LIBERO/libero/libero/../datasets does not exist!
[goal/motion_blur_1/baseline] [Warning]: datasets path /opt/LIBERO/libero/libero/../datasets does not exist!
[goal/motion_blur_1/baseline] [Warning]: datasets path /opt/LIBERO/libero/libero/../datasets does not exist!
[object/motion_blur_1/aegis] [Warning]: datasets path /opt/LIBERO/libero/libero/../datasets does not exist!
[object/motion_blur_1/aegis] [Warning]: datasets path /opt/LIBERO/libero/libero/../datasets does not exist!
[goal/motion_blur_1/baseline] [Warning]: datasets path /opt/LIBERO/libero/libero/../datasets does not exist!
[goal/motion_blur_1/baseline] [Warning]: datasets path /opt/LIBERO/libero/libero/../datasets does not exist!
[object/motion_blur_1/aegis] [Warning]: datasets path /opt/LIBERO/libero/libero/../datasets does not exist!
[object/motion_blur_1/aegis] [Warning]: datasets path /opt/LIBERO/libero/libero/../datasets does not exist!
[goal/motion_blur_1/baseline] [Warning]: datasets path /opt/LIBERO/libero/libero/../datasets does not exist!
[goal/motion_blur_1/baseline] [Warning]: datasets path /opt/LIBERO/libero/libero/../datasets does not exist!
[object/motion_blur_1/aegis] [Warning]: datasets path /opt/LIBERO/libero/libero/../datasets does not exist!
[object/motion_blur_1/aegis] [Warning]: datasets path /opt/LIBERO/libero/libero/../datasets does not exist!
[goal/motion_blur_1/baseline] [Warning]: datasets path /opt/LIBERO/libero/libero/../datasets does not exist!
[goal/motion_blur_1/baseline] [Warning]: datasets path /opt/LIBERO/libero/libero/../datasets does not exist!
[object/motion_blur_1/aegis] [Warning]: datasets path /opt/LIBERO/libero/libero/../datasets does not exist!
[object/motion_blur_1/aegis] [Warning]: datasets path /opt/LIBERO/libero/libero/../datasets does not exist!
[goal/motion_blur_1/baseline] [Warning]: datasets path /opt/LIBERO/libero/libero/../datasets does not exist!
[goal/motion_blur_1/baseline] [Warning]: datasets path /opt/LIBERO/libero/libero/../datasets does not exist!
[object/motion_blur_1/aegis] Built vec env | suite=libero_object | task_id=9 | n_envs=10
[goal/motion_blur_1/baseline] Built vec env | suite=libero_goal | task_id=7 | n_envs=10
[goal/lighting_1/baseline] [libero_v] lighting_1 t5: 7/10
[goal/lighting_1/baseline] Creating LIBERO envs | suites=['libero_goal'] | n_envs(per task)=10 | init_states=True
[goal/lighting_1/baseline] Restricting to task_ids=[6]
[goal/lighting_1/baseline] [info] using task orders [0, 1, 2, 3, 4, 5, 6, 7, 8, 9]
[goal/lighting_1/baseline] [Warning]: datasets path /opt/LIBERO/libero/libero/../datasets does not exist!
[goal/lighting_1/baseline] [Warning]: datasets path /opt/LIBERO/libero/libero/../datasets does not exist!
[goal/lighting_1/baseline] [Warning]: datasets path /opt/LIBERO/libero/libero/../datasets does not exist!
[goal/lighting_1/baseline] [Warning]: datasets path /opt/LIBERO/libero/libero/../datasets does not exist!
[goal/lighting_1/baseline] [Warning]: datasets path /opt/LIBERO/libero/libero/../datasets does not exist!
[goal/lighting_1/baseline] [Warning]: datasets path /opt/LIBERO/libero/libero/../datasets does not exist!
[goal/lighting_1/baseline] [Warning]: datasets path /opt/LIBERO/libero/libero/../datasets does not exist!
[goal/lighting_1/baseline] [Warning]: datasets path /opt/LIBERO/libero/libero/../datasets does not exist!
[goal/lighting_1/baseline] [Warning]: datasets path /opt/LIBERO/libero/libero/../datasets does not exist!
[goal/lighting_1/baseline] [Warning]: datasets path /opt/LIBERO/libero/libero/../datasets does not exist!
[goal/lighting_1/baseline] [Warning]: datasets path /opt/LIBERO/libero/libero/../datasets does not exist!
[goal/lighting_1/baseline] [Warning]: datasets path /opt/LIBERO/libero/libero/../datasets does not exist!
[goal/lighting_1/baseline] [Warning]: datasets path /opt/LIBERO/libero/libero/../datasets does not exist!
[goal/lighting_1/baseline] [Warning]: datasets path /opt/LIBERO/libero/libero/../datasets does not exist!
[goal/lighting_1/baseline] [Warning]: datasets path /opt/LIBERO/libero/libero/../datasets does not exist!
[goal/lighting_1/baseline] [Warning]: datasets path /opt/LIBERO/libero/libero/../datasets does not exist!
[goal/lighting_1/baseline] [Warning]: datasets path /opt/LIBERO/libero/libero/../datasets does not exist!
[goal/lighting_1/baseline] [Warning]: datasets path /opt/LIBERO/libero/libero/../datasets does not exist!
[goal/lighting_1/baseline] [Warning]: datasets path /opt/LIBERO/libero/libero/../datasets does not exist!
[goal/lighting_1/baseline] [Warning]: datasets path /opt/LIBERO/libero/libero/../datasets does not exist!
[goal/lighting_1/baseline] Built vec env | suite=libero_goal | task_id=6 | n_envs=10
[goal/texture_1/baseline] [libero_v] texture_1 t5: 9/10
[goal/texture_1/baseline] Creating LIBERO envs | suites=['libero_goal'] | n_envs(per task)=10 | init_states=True
[goal/texture_1/baseline] Restricting to task_ids=[6]
[goal/texture_1/baseline] [info] using task orders [0, 1, 2, 3, 4, 5, 6, 7, 8, 9]
[goal/texture_1/baseline] [Warning]: datasets path /opt/LIBERO/libero/libero/../datasets does not exist!
[goal/texture_1/baseline] [Warning]: datasets path /opt/LIBERO/libero/libero/../datasets does not exist!
[goal/texture_1/baseline] [Warning]: datasets path /opt/LIBERO/libero/libero/../datasets does not exist!
[goal/texture_1/baseline] [Warning]: datasets path /opt/LIBERO/libero/libero/../datasets does not exist!
[goal/motion_blur_1/aegis] [libero_v] motion_blur_1 t8: 10/10
[goal/motion_blur_1/aegis] Creating LIBERO envs | suites=['libero_goal'] | n_envs(per task)=10 | init_states=True
[goal/motion_blur_1/aegis] Restricting to task_ids=[9]
[goal/motion_blur_1/aegis] [info] using task orders [0, 1, 2, 3, 4, 5, 6, 7, 8, 9]
[goal/motion_blur_1/aegis] [Warning]: datasets path /opt/LIBERO/libero/libero/../datasets does not exist!
[goal/motion_blur_1/aegis] [Warning]: datasets path /opt/LIBERO/libero/libero/../datasets does not exist!
[goal/texture_1/baseline] [Warning]: datasets path /opt/LIBERO/libero/libero/../datasets does not exist!
[goal/texture_1/baseline] [Warning]: datasets path /opt/LIBERO/libero/libero/../datasets does not exist!
[goal/motion_blur_1/aegis] [Warning]: datasets path /opt/LIBERO/libero/libero/../datasets does not exist!
[goal/motion_blur_1/aegis] [Warning]: datasets path /opt/LIBERO/libero/libero/../datasets does not exist!
[goal/texture_1/baseline] [Warning]: datasets path /opt/LIBERO/libero/libero/../datasets does not exist!
[goal/texture_1/baseline] [Warning]: datasets path /opt/LIBERO/libero/libero/../datasets does not exist!
[goal/motion_blur_1/aegis] [Warning]: datasets path /opt/LIBERO/libero/libero/../datasets does not exist!
[goal/motion_blur_1/aegis] [Warning]: datasets path /opt/LIBERO/libero/libero/../datasets does not exist!
[goal/texture_1/baseline] [Warning]: datasets path /opt/LIBERO/libero/libero/../datasets does not exist!
[goal/texture_1/baseline] [Warning]: datasets path /opt/LIBERO/libero/libero/../datasets does not exist!
[goal/motion_blur_1/aegis] [Warning]: datasets path /opt/LIBERO/libero/libero/../datasets does not exist!
[goal/motion_blur_1/aegis] [Warning]: datasets path /opt/LIBERO/libero/libero/../datasets does not exist!
[goal/texture_1/baseline] [Warning]: datasets path /opt/LIBERO/libero/libero/../datasets does not exist!
[goal/texture_1/baseline] [Warning]: datasets path /opt/LIBERO/libero/libero/../datasets does not exist!
[goal/motion_blur_1/aegis] [Warning]: datasets path /opt/LIBERO/libero/libero/../datasets does not exist!
[goal/motion_blur_1/aegis] [Warning]: datasets path /opt/LIBERO/libero/libero/../datasets does not exist!
[goal/texture_1/baseline] [Warning]: datasets path /opt/LIBERO/libero/libero/../datasets does not exist!
[goal/texture_1/baseline] [Warning]: datasets path /opt/LIBERO/libero/libero/../datasets does not exist!
[goal/motion_blur_1/aegis] [Warning]: datasets path /opt/LIBERO/libero/libero/../datasets does not exist!
[goal/motion_blur_1/aegis] [Warning]: datasets path /opt/LIBERO/libero/libero/../datasets does not exist!
[goal/texture_1/baseline] [Warning]: datasets path /opt/LIBERO/libero/libero/../datasets does not exist!
[goal/texture_1/baseline] [Warning]: datasets path /opt/LIBERO/libero/libero/../datasets does not exist!
[goal/motion_blur_1/aegis] [Warning]: datasets path /opt/LIBERO/libero/libero/../datasets does not exist!
[goal/motion_blur_1/aegis] [Warning]: datasets path /opt/LIBERO/libero/libero/../datasets does not exist!
[goal/texture_1/baseline] [Warning]: datasets path /opt/LIBERO/libero/libero/../datasets does not exist!
[goal/texture_1/baseline] [Warning]: datasets path /opt/LIBERO/libero/libero/../datasets does not exist!
[goal/motion_blur_1/aegis] [Warning]: datasets path /opt/LIBERO/libero/libero/../datasets does not exist!
[goal/motion_blur_1/aegis] [Warning]: datasets path /opt/LIBERO/libero/libero/../datasets does not exist!
[goal/texture_1/baseline] [Warning]: datasets path /opt/LIBERO/libero/libero/../datasets does not exist!
[goal/texture_1/baseline] [Warning]: datasets path /opt/LIBERO/libero/libero/../datasets does not exist!
[goal/motion_blur_1/aegis] [Warning]: datasets path /opt/LIBERO/libero/libero/../datasets does not exist!
[goal/motion_blur_1/aegis] [Warning]: datasets path /opt/LIBERO/libero/libero/../datasets does not exist!
[goal/texture_1/baseline] Built vec env | suite=libero_goal | task_id=6 | n_envs=10
[goal/motion_blur_1/aegis] [Warning]: datasets path /opt/LIBERO/libero/libero/../datasets does not exist!
[goal/motion_blur_1/aegis] [Warning]: datasets path /opt/LIBERO/libero/libero/../datasets does not exist!
[goal/motion_blur_1/aegis] Built vec env | suite=libero_goal | task_id=9 | n_envs=10
[object/motion_blur_1/aegis] [libero_v] motion_blur_1 t9: 10/10
[object/motion_blur_1/aegis] [libero_v] == motion_blur_1: SR=86.0% [77.9,91.5] n=100
[object/motion_blur_1/aegis] 
[object/motion_blur_1/aegis] ==== LIBERO-V summary (aegis) ====
[object/motion_blur_1/aegis]   motion_blur_1       86.0%  [77.9,91.5]  n=100
[object/motion_blur_1/aegis]   AVG across conditions  86.0%
[cell DONE] object/motion_blur_1/aegis rc=0 sr=86.0
[cell START] object/lighting_1/baseline n_envs=10 tasks=0,1,2,3,4,5,6,7,8,9 ep=10 record=False
[object/lighting_1/baseline] Loading  HuggingFaceTB/SmolVLM2-500M-Instruct weights ...
[object/lighting_1/baseline] `torch_dtype` is deprecated! Use `dtype` instead!
[goal/motion_blur_1/baseline] [libero_v] motion_blur_1 t7: 10/10
[object/lighting_1/baseline] Reducing the number of VLM layers to 16 ...
[goal/motion_blur_1/baseline] Creating LIBERO envs | suites=['libero_goal'] | n_envs(per task)=10 | init_states=True
[goal/motion_blur_1/baseline] Restricting to task_ids=[8]
[goal/motion_blur_1/baseline] [info] using task orders [0, 1, 2, 3, 4, 5, 6, 7, 8, 9]
[goal/motion_blur_1/baseline] [Warning]: datasets path /opt/LIBERO/libero/libero/../datasets does not exist!
[goal/motion_blur_1/baseline] [Warning]: datasets path /opt/LIBERO/libero/libero/../datasets does not exist!
[goal/motion_blur_1/baseline] [Warning]: datasets path /opt/LIBERO/libero/libero/../datasets does not exist!
[goal/motion_blur_1/baseline] [Warning]: datasets path /opt/LIBERO/libero/libero/../datasets does not exist!
[object/lighting_1/baseline] Loading weights from local directory
[object/lighting_1/baseline] [libero_v] method=baseline  TE=True  n_action_steps=1  H=50 d=7
[object/lighting_1/baseline] [robosuite WARNING] No private macro file found! (__init__.py:7)
[object/lighting_1/baseline] WARNING:robosuite_logs:No private macro file found!
[object/lighting_1/baseline] [robosuite WARNING] It is recommended to use a private macro file (__init__.py:8)
[object/lighting_1/baseline] WARNING:robosuite_logs:It is recommended to use a private macro file
[object/lighting_1/baseline] [robosuite WARNING] To setup, run: python /usr/local/lib/python3.11/site-packages/robosuite/scripts/setup_macros.py (__init__.py:9)
[object/lighting_1/baseline] WARNING:robosuite_logs:To setup, run: python /usr/local/lib/python3.11/site-packages/robosuite/scripts/setup_macros.py
[object/lighting_1/baseline] Gym has been unmaintained since 2022 and does not support NumPy 2.0 amongst other critical functionality.
[object/lighting_1/baseline] Please upgrade to Gymnasium, the maintained drop-in replacement of Gym, or contact the authors of your software and request that they upgrade.
[object/lighting_1/baseline] Users of this version of Gym should be able to simply replace 'import gym' with 'import gymnasium as gym' in the vast majority of cases.
[object/lighting_1/baseline] See the migration guide at https://gymnasium.farama.org/introduction/migration_guide/ for additional information.
[object/lighting_1/baseline] [info] using task orders [0, 1, 2, 3, 4, 5, 6, 7, 8, 9]
[object/lighting_1/baseline] Creating LIBERO envs | suites=['libero_object'] | n_envs(per task)=10 | init_states=True
[object/lighting_1/baseline] Restricting to task_ids=[0]
[object/lighting_1/baseline] [info] using task orders [0, 1, 2, 3, 4, 5, 6, 7, 8, 9]
[object/lighting_1/baseline] [Warning]: datasets path /opt/LIBERO/libero/libero/../datasets does not exist!
[object/lighting_1/baseline] [Warning]: datasets path /opt/LIBERO/libero/libero/../datasets does not exist!
[goal/motion_blur_1/baseline] [Warning]: datasets path /opt/LIBERO/libero/libero/../datasets does not exist!
[goal/motion_blur_1/baseline] [Warning]: datasets path /opt/LIBERO/libero/libero/../datasets does not exist!
[goal/motion_blur_1/baseline] [Warning]: datasets path /opt/LIBERO/libero/libero/../datasets does not exist!
[goal/motion_blur_1/baseline] [Warning]: datasets path /opt/LIBERO/libero/libero/../datasets does not exist!
[object/lighting_1/baseline] [Warning]: datasets path /opt/LIBERO/libero/libero/../datasets does not exist!
[object/lighting_1/baseline] [Warning]: datasets path /opt/LIBERO/libero/libero/../datasets does not exist!
[goal/motion_blur_1/baseline] [Warning]: datasets path /opt/LIBERO/libero/libero/../datasets does not exist!
[goal/motion_blur_1/baseline] [Warning]: datasets path /opt/LIBERO/libero/libero/../datasets does not exist!
[object/lighting_1/baseline] [Warning]: datasets path /opt/LIBERO/libero/libero/../datasets does not exist!
[object/lighting_1/baseline] [Warning]: datasets path /opt/LIBERO/libero/libero/../datasets does not exist!
[goal/motion_blur_1/baseline] [Warning]: datasets path /opt/LIBERO/libero/libero/../datasets does not exist!
[goal/motion_blur_1/baseline] [Warning]: datasets path /opt/LIBERO/libero/libero/../datasets does not exist!
[object/lighting_1/baseline] [Warning]: datasets path /opt/LIBERO/libero/libero/../datasets does not exist!
[object/lighting_1/baseline] [Warning]: datasets path /opt/LIBERO/libero/libero/../datasets does not exist!
[goal/motion_blur_1/baseline] [Warning]: datasets path /opt/LIBERO/libero/libero/../datasets does not exist!
[goal/motion_blur_1/baseline] [Warning]: datasets path /opt/LIBERO/libero/libero/../datasets does not exist!
[object/lighting_1/baseline] [Warning]: datasets path /opt/LIBERO/libero/libero/../datasets does not exist!
[object/lighting_1/baseline] [Warning]: datasets path /opt/LIBERO/libero/libero/../datasets does not exist!
[goal/motion_blur_1/baseline] [Warning]: datasets path /opt/LIBERO/libero/libero/../datasets does not exist!
[goal/motion_blur_1/baseline] [Warning]: datasets path /opt/LIBERO/libero/libero/../datasets does not exist!
[object/lighting_1/baseline] [Warning]: datasets path /opt/LIBERO/libero/libero/../datasets does not exist!
[object/lighting_1/baseline] [Warning]: datasets path /opt/LIBERO/libero/libero/../datasets does not exist!
[goal/motion_blur_1/baseline] [Warning]: datasets path /opt/LIBERO/libero/libero/../datasets does not exist!
[goal/motion_blur_1/baseline] [Warning]: datasets path /opt/LIBERO/libero/libero/../datasets does not exist!
[object/lighting_1/baseline] [Warning]: datasets path /opt/LIBERO/libero/libero/../datasets does not exist!
[object/lighting_1/baseline] [Warning]: datasets path /opt/LIBERO/libero/libero/../datasets does not exist!
[goal/motion_blur_1/baseline] [Warning]: datasets path /opt/LIBERO/libero/libero/../datasets does not exist!
[goal/motion_blur_1/baseline] [Warning]: datasets path /opt/LIBERO/libero/libero/../datasets does not exist!
[object/lighting_1/baseline] [Warning]: datasets path /opt/LIBERO/libero/libero/../datasets does not exist!
[object/lighting_1/baseline] [Warning]: datasets path /opt/LIBERO/libero/libero/../datasets does not exist!
[goal/motion_blur_1/baseline] Built vec env | suite=libero_goal | task_id=8 | n_envs=10
[object/lighting_1/baseline] [Warning]: datasets path /opt/LIBERO/libero/libero/../datasets does not exist!
[object/lighting_1/baseline] [Warning]: datasets path /opt/LIBERO/libero/libero/../datasets does not exist!
[object/lighting_1/baseline] [Warning]: datasets path /opt/LIBERO/libero/libero/../datasets does not exist!
[object/lighting_1/baseline] [Warning]: datasets path /opt/LIBERO/libero/libero/../datasets does not exist!
[object/lighting_1/baseline] Built vec env | suite=libero_object | task_id=0 | n_envs=10
[goal/lighting_1/aegis] [libero_v] lighting_1 t4: 9/10
[goal/lighting_1/aegis] Creating LIBERO envs | suites=['libero_goal'] | n_envs(per task)=10 | init_states=True
[goal/lighting_1/aegis] Restricting to task_ids=[5]
[goal/lighting_1/aegis] [info] using task orders [0, 1, 2, 3, 4, 5, 6, 7, 8, 9]
[goal/lighting_1/aegis] [Warning]: datasets path /opt/LIBERO/libero/libero/../datasets does not exist!
[goal/lighting_1/aegis] [Warning]: datasets path /opt/LIBERO/libero/libero/../datasets does not exist!
[goal/lighting_1/aegis] [Warning]: datasets path /opt/LIBERO/libero/libero/../datasets does not exist!
[goal/lighting_1/aegis] [Warning]: datasets path /opt/LIBERO/libero/libero/../datasets does not exist!
[goal/lighting_1/aegis] [Warning]: datasets path /opt/LIBERO/libero/libero/../datasets does not exist!
[goal/lighting_1/aegis] [Warning]: datasets path /opt/LIBERO/libero/libero/../datasets does not exist!
[goal/lighting_1/aegis] [Warning]: datasets path /opt/LIBERO/libero/libero/../datasets does not exist!
[goal/lighting_1/aegis] [Warning]: datasets path /opt/LIBERO/libero/libero/../datasets does not exist!
[goal/lighting_1/aegis] [Warning]: datasets path /opt/LIBERO/libero/libero/../datasets does not exist!
[goal/lighting_1/aegis] [Warning]: datasets path /opt/LIBERO/libero/libero/../datasets does not exist!
[goal/lighting_1/aegis] [Warning]: datasets path /opt/LIBERO/libero/libero/../datasets does not exist!
[goal/lighting_1/aegis] [Warning]: datasets path /opt/LIBERO/libero/libero/../datasets does not exist!
[goal/lighting_1/aegis] [Warning]: datasets path /opt/LIBERO/libero/libero/../datasets does not exist!
[goal/lighting_1/aegis] [Warning]: datasets path /opt/LIBERO/libero/libero/../datasets does not exist!
[goal/lighting_1/aegis] [Warning]: datasets path /opt/LIBERO/libero/libero/../datasets does not exist!
[goal/lighting_1/aegis] [Warning]: datasets path /opt/LIBERO/libero/libero/../datasets does not exist!
[goal/lighting_1/aegis] [Warning]: datasets path /opt/LIBERO/libero/libero/../datasets does not exist!
[goal/lighting_1/aegis] [Warning]: datasets path /opt/LIBERO/libero/libero/../datasets does not exist!
[goal/lighting_1/aegis] [Warning]: datasets path /opt/LIBERO/libero/libero/../datasets does not exist!
[goal/lighting_1/aegis] [Warning]: datasets path /opt/LIBERO/libero/libero/../datasets does not exist!
[goal/lighting_1/aegis] Built vec env | suite=libero_goal | task_id=5 | n_envs=10
[goal/motion_blur_1/aegis] [libero_v] motion_blur_1 t9: 5/10
[goal/motion_blur_1/aegis] [libero_v] == motion_blur_1: SR=78.0% [68.9,85.0] n=100
[goal/motion_blur_1/aegis] 
[goal/motion_blur_1/aegis] ==== LIBERO-V summary (aegis) ====
[goal/motion_blur_1/aegis]   motion_blur_1       78.0%  [68.9,85.0]  n=100
[goal/motion_blur_1/aegis]   AVG across conditions  78.0%
[cell DONE] goal/motion_blur_1/aegis rc=0 sr=78.0
[cell START] goal/texture_1/aegis n_envs=10 tasks=0,1,2,3,4,5,6,7,8,9 ep=10 record=False
[goal/texture_1/aegis] Loading  HuggingFaceTB/SmolVLM2-500M-Instruct weights ...
[goal/texture_1/aegis] `torch_dtype` is deprecated! Use `dtype` instead!
[goal/texture_1/aegis] Reducing the number of VLM layers to 16 ...
[goal/texture_1/aegis] Loading weights from local directory
[goal/texture_1/aegis] [rib] injected RobustIB  params=2.56M  d_z=512  fusion_coeff init=0.500 (vanilla at init)
[goal/texture_1/aegis] [rib] loaded /assets/sib_vla/results/ib_on86/rib_on86.pt  fusion_coeff=0.500  step=3000
[goal/texture_1/aegis] [libero_v] method=aegis  TE=True  n_action_steps=1  H=50 d=7
[goal/texture_1/aegis] [robosuite WARNING] No private macro file found! (__init__.py:7)
[goal/texture_1/aegis] WARNING:robosuite_logs:No private macro file found!
[goal/texture_1/aegis] [robosuite WARNING] It is recommended to use a private macro file (__init__.py:8)
[goal/texture_1/aegis] WARNING:robosuite_logs:It is recommended to use a private macro file
[goal/texture_1/aegis] [robosuite WARNING] To setup, run: python /usr/local/lib/python3.11/site-packages/robosuite/scripts/setup_macros.py (__init__.py:9)
[goal/texture_1/aegis] WARNING:robosuite_logs:To setup, run: python /usr/local/lib/python3.11/site-packages/robosuite/scripts/setup_macros.py
[goal/texture_1/aegis] Gym has been unmaintained since 2022 and does not support NumPy 2.0 amongst other critical functionality.
[goal/texture_1/aegis] Please upgrade to Gymnasium, the maintained drop-in replacement of Gym, or contact the authors of your software and request that they upgrade.
[goal/texture_1/aegis] Users of this version of Gym should be able to simply replace 'import gym' with 'import gymnasium as gym' in the vast majority of cases.
[goal/texture_1/aegis] See the migration guide at https://gymnasium.farama.org/introduction/migration_guide/ for additional information.
[goal/texture_1/aegis] [info] using task orders [0, 1, 2, 3, 4, 5, 6, 7, 8, 9]
[goal/texture_1/aegis] Creating LIBERO envs | suites=['libero_goal'] | n_envs(per task)=10 | init_states=True
[goal/texture_1/aegis] Restricting to task_ids=[0]
[goal/texture_1/aegis] [info] using task orders [0, 1, 2, 3, 4, 5, 6, 7, 8, 9]
[goal/texture_1/aegis] [Warning]: datasets path /opt/LIBERO/libero/libero/../datasets does not exist!
[goal/texture_1/aegis] [Warning]: datasets path /opt/LIBERO/libero/libero/../datasets does not exist!
[goal/texture_1/aegis] [Warning]: datasets path /opt/LIBERO/libero/libero/../datasets does not exist!
[goal/texture_1/aegis] [Warning]: datasets path /opt/LIBERO/libero/libero/../datasets does not exist!
[goal/texture_1/aegis] [Warning]: datasets path /opt/LIBERO/libero/libero/../datasets does not exist!
[goal/texture_1/aegis] [Warning]: datasets path /opt/LIBERO/libero/libero/../datasets does not exist!
[goal/texture_1/aegis] [Warning]: datasets path /opt/LIBERO/libero/libero/../datasets does not exist!
[goal/texture_1/aegis] [Warning]: datasets path /opt/LIBERO/libero/libero/../datasets does not exist!
[goal/texture_1/aegis] [Warning]: datasets path /opt/LIBERO/libero/libero/../datasets does not exist!
[goal/texture_1/aegis] [Warning]: datasets path /opt/LIBERO/libero/libero/../datasets does not exist!
[goal/texture_1/aegis] [Warning]: datasets path /opt/LIBERO/libero/libero/../datasets does not exist!
[goal/texture_1/aegis] [Warning]: datasets path /opt/LIBERO/libero/libero/../datasets does not exist!
[goal/texture_1/aegis] [Warning]: datasets path /opt/LIBERO/libero/libero/../datasets does not exist!
[goal/texture_1/aegis] [Warning]: datasets path /opt/LIBERO/libero/libero/../datasets does not exist!
[goal/texture_1/aegis] [Warning]: datasets path /opt/LIBERO/libero/libero/../datasets does not exist!
[goal/texture_1/aegis] [Warning]: datasets path /opt/LIBERO/libero/libero/../datasets does not exist!
[goal/texture_1/aegis] [Warning]: datasets path /opt/LIBERO/libero/libero/../datasets does not exist!
[goal/texture_1/aegis] [Warning]: datasets path /opt/LIBERO/libero/libero/../datasets does not exist!
[goal/texture_1/aegis] [Warning]: datasets path /opt/LIBERO/libero/libero/../datasets does not exist!
[goal/texture_1/aegis] [Warning]: datasets path /opt/LIBERO/libero/libero/../datasets does not exist!
[goal/texture_1/aegis] Built vec env | suite=libero_goal | task_id=0 | n_envs=10
[goal/texture_1/baseline] [libero_v] texture_1 t6: 8/10
[goal/texture_1/baseline] Creating LIBERO envs | suites=['libero_goal'] | n_envs(per task)=10 | init_states=True
[goal/texture_1/baseline] Restricting to task_ids=[7]
[goal/texture_1/baseline] [info] using task orders [0, 1, 2, 3, 4, 5, 6, 7, 8, 9]
[goal/texture_1/baseline] [Warning]: datasets path /opt/LIBERO/libero/libero/../datasets does not exist!
[goal/texture_1/baseline] [Warning]: datasets path /opt/LIBERO/libero/libero/../datasets does not exist!
[goal/texture_1/baseline] [Warning]: datasets path /opt/LIBERO/libero/libero/../datasets does not exist!
[goal/texture_1/baseline] [Warning]: datasets path /opt/LIBERO/libero/libero/../datasets does not exist!
[goal/texture_1/baseline] [Warning]: datasets path /opt/LIBERO/libero/libero/../datasets does not exist!
[goal/texture_1/baseline] [Warning]: datasets path /opt/LIBERO/libero/libero/../datasets does not exist!
[goal/texture_1/baseline] [Warning]: datasets path /opt/LIBERO/libero/libero/../datasets does not exist!
[goal/texture_1/baseline] [Warning]: datasets path /opt/LIBERO/libero/libero/../datasets does not exist!
[goal/texture_1/baseline] [Warning]: datasets path /opt/LIBERO/libero/libero/../datasets does not exist!
[goal/texture_1/baseline] [Warning]: datasets path /opt/LIBERO/libero/libero/../datasets does not exist!
[goal/motion_blur_1/baseline] [libero_v] motion_blur_1 t8: 0/10
[goal/motion_blur_1/baseline] Creating LIBERO envs | suites=['libero_goal'] | n_envs(per task)=10 | init_states=True
[goal/motion_blur_1/baseline] Restricting to task_ids=[9]
[goal/motion_blur_1/baseline] [info] using task orders [0, 1, 2, 3, 4, 5, 6, 7, 8, 9]
[goal/motion_blur_1/baseline] [Warning]: datasets path /opt/LIBERO/libero/libero/../datasets does not exist!
[goal/motion_blur_1/baseline] [Warning]: datasets path /opt/LIBERO/libero/libero/../datasets does not exist!
[goal/texture_1/baseline] [Warning]: datasets path /opt/LIBERO/libero/libero/../datasets does not exist!
[goal/texture_1/baseline] [Warning]: datasets path /opt/LIBERO/libero/libero/../datasets does not exist!
[goal/motion_blur_1/baseline] [Warning]: datasets path /opt/LIBERO/libero/libero/../datasets does not exist!
[goal/motion_blur_1/baseline] [Warning]: datasets path /opt/LIBERO/libero/libero/../datasets does not exist!
[goal/texture_1/baseline] [Warning]: datasets path /opt/LIBERO/libero/libero/../datasets does not exist!
[goal/texture_1/baseline] [Warning]: datasets path /opt/LIBERO/libero/libero/../datasets does not exist!
[goal/motion_blur_1/baseline] [Warning]: datasets path /opt/LIBERO/libero/libero/../datasets does not exist!
[goal/motion_blur_1/baseline] [Warning]: datasets path /opt/LIBERO/libero/libero/../datasets does not exist!
[goal/texture_1/baseline] [Warning]: datasets path /opt/LIBERO/libero/libero/../datasets does not exist!
[goal/texture_1/baseline] [Warning]: datasets path /opt/LIBERO/libero/libero/../datasets does not exist!
[goal/motion_blur_1/baseline] [Warning]: datasets path /opt/LIBERO/libero/libero/../datasets does not exist!
[goal/motion_blur_1/baseline] [Warning]: datasets path /opt/LIBERO/libero/libero/../datasets does not exist!
[goal/texture_1/baseline] [Warning]: datasets path /opt/LIBERO/libero/libero/../datasets does not exist!
[goal/texture_1/baseline] [Warning]: datasets path /opt/LIBERO/libero/libero/../datasets does not exist!
[goal/motion_blur_1/baseline] [Warning]: datasets path /opt/LIBERO/libero/libero/../datasets does not exist!
[goal/motion_blur_1/baseline] [Warning]: datasets path /opt/LIBERO/libero/libero/../datasets does not exist!
[goal/texture_1/baseline] [Warning]: datasets path /opt/LIBERO/libero/libero/../datasets does not exist!
[goal/texture_1/baseline] [Warning]: datasets path /opt/LIBERO/libero/libero/../datasets does not exist!
[goal/motion_blur_1/baseline] [Warning]: datasets path /opt/LIBERO/libero/libero/../datasets does not exist!
[goal/motion_blur_1/baseline] [Warning]: datasets path /opt/LIBERO/libero/libero/../datasets does not exist!
[goal/texture_1/baseline] Built vec env | suite=libero_goal | task_id=7 | n_envs=10
[goal/motion_blur_1/baseline] [Warning]: datasets path /opt/LIBERO/libero/libero/../datasets does not exist!
[goal/motion_blur_1/baseline] [Warning]: datasets path /opt/LIBERO/libero/libero/../datasets does not exist!
[goal/motion_blur_1/baseline] [Warning]: datasets path /opt/LIBERO/libero/libero/../datasets does not exist!
[goal/motion_blur_1/baseline] [Warning]: datasets path /opt/LIBERO/libero/libero/../datasets does not exist!
[goal/motion_blur_1/baseline] [Warning]: datasets path /opt/LIBERO/libero/libero/../datasets does not exist!
[goal/motion_blur_1/baseline] [Warning]: datasets path /opt/LIBERO/libero/libero/../datasets does not exist!
[goal/motion_blur_1/baseline] [Warning]: datasets path /opt/LIBERO/libero/libero/../datasets does not exist!
[goal/motion_blur_1/baseline] [Warning]: datasets path /opt/LIBERO/libero/libero/../datasets does not exist!
[goal/motion_blur_1/baseline] Built vec env | suite=libero_goal | task_id=9 | n_envs=10
[goal/lighting_1/baseline] [libero_v] lighting_1 t6: 7/10
[goal/lighting_1/baseline] Creating LIBERO envs | suites=['libero_goal'] | n_envs(per task)=10 | init_states=True
[goal/lighting_1/baseline] Restricting to task_ids=[7]
[goal/lighting_1/baseline] [info] using task orders [0, 1, 2, 3, 4, 5, 6, 7, 8, 9]
[goal/lighting_1/baseline] [Warning]: datasets path /opt/LIBERO/libero/libero/../datasets does not exist!
[goal/lighting_1/baseline] [Warning]: datasets path /opt/LIBERO/libero/libero/../datasets does not exist!
[goal/lighting_1/baseline] [Warning]: datasets path /opt/LIBERO/libero/libero/../datasets does not exist!
[goal/lighting_1/baseline] [Warning]: datasets path /opt/LIBERO/libero/libero/../datasets does not exist!
[goal/lighting_1/baseline] [Warning]: datasets path /opt/LIBERO/libero/libero/../datasets does not exist!
[goal/lighting_1/baseline] [Warning]: datasets path /opt/LIBERO/libero/libero/../datasets does not exist!
[goal/texture_1/baseline] [libero_v] texture_1 t7: 10/10
[goal/texture_1/baseline] Creating LIBERO envs | suites=['libero_goal'] | n_envs(per task)=10 | init_states=True
[goal/texture_1/baseline] Restricting to task_ids=[8]
[goal/texture_1/baseline] [info] using task orders [0, 1, 2, 3, 4, 5, 6, 7, 8, 9]
[goal/texture_1/baseline] [Warning]: datasets path /opt/LIBERO/libero/libero/../datasets does not exist!
[goal/texture_1/baseline] [Warning]: datasets path /opt/LIBERO/libero/libero/../datasets does not exist!
[goal/lighting_1/baseline] [Warning]: datasets path /opt/LIBERO/libero/libero/../datasets does not exist!
[goal/lighting_1/baseline] [Warning]: datasets path /opt/LIBERO/libero/libero/../datasets does not exist!
[goal/texture_1/baseline] [Warning]: datasets path /opt/LIBERO/libero/libero/../datasets does not exist!
[goal/texture_1/baseline] [Warning]: datasets path /opt/LIBERO/libero/libero/../datasets does not exist!
[goal/lighting_1/baseline] [Warning]: datasets path /opt/LIBERO/libero/libero/../datasets does not exist!
[goal/lighting_1/baseline] [Warning]: datasets path /opt/LIBERO/libero/libero/../datasets does not exist!
[goal/texture_1/baseline] [Warning]: datasets path /opt/LIBERO/libero/libero/../datasets does not exist!
[goal/texture_1/baseline] [Warning]: datasets path /opt/LIBERO/libero/libero/../datasets does not exist!
[goal/lighting_1/baseline] [Warning]: datasets path /opt/LIBERO/libero/libero/../datasets does not exist!
[goal/lighting_1/baseline] [Warning]: datasets path /opt/LIBERO/libero/libero/../datasets does not exist!
[goal/texture_1/baseline] [Warning]: datasets path /opt/LIBERO/libero/libero/../datasets does not exist!
[goal/texture_1/baseline] [Warning]: datasets path /opt/LIBERO/libero/libero/../datasets does not exist!
[goal/lighting_1/baseline] [Warning]: datasets path /opt/LIBERO/libero/libero/../datasets does not exist!
[goal/lighting_1/baseline] [Warning]: datasets path /opt/LIBERO/libero/libero/../datasets does not exist!
[goal/texture_1/baseline] [Warning]: datasets path /opt/LIBERO/libero/libero/../datasets does not exist!
[goal/texture_1/baseline] [Warning]: datasets path /opt/LIBERO/libero/libero/../datasets does not exist!
[goal/lighting_1/baseline] [Warning]: datasets path /opt/LIBERO/libero/libero/../datasets does not exist!
[goal/lighting_1/baseline] [Warning]: datasets path /opt/LIBERO/libero/libero/../datasets does not exist!
[goal/texture_1/baseline] [Warning]: datasets path /opt/LIBERO/libero/libero/../datasets does not exist!
[goal/texture_1/baseline] [Warning]: datasets path /opt/LIBERO/libero/libero/../datasets does not exist!
[goal/lighting_1/baseline] [Warning]: datasets path /opt/LIBERO/libero/libero/../datasets does not exist!
[goal/lighting_1/baseline] [Warning]: datasets path /opt/LIBERO/libero/libero/../datasets does not exist!
[goal/texture_1/baseline] [Warning]: datasets path /opt/LIBERO/libero/libero/../datasets does not exist!
[goal/texture_1/baseline] [Warning]: datasets path /opt/LIBERO/libero/libero/../datasets does not exist!
[goal/lighting_1/baseline] [Warning]: datasets path /opt/LIBERO/libero/libero/../datasets does not exist!
[goal/lighting_1/baseline] [Warning]: datasets path /opt/LIBERO/libero/libero/../datasets does not exist!
[goal/texture_1/baseline] [Warning]: datasets path /opt/LIBERO/libero/libero/../datasets does not exist!
[goal/texture_1/baseline] [Warning]: datasets path /opt/LIBERO/libero/libero/../datasets does not exist!
[goal/lighting_1/baseline] Built vec env | suite=libero_goal | task_id=7 | n_envs=10
[goal/texture_1/baseline] [Warning]: datasets path /opt/LIBERO/libero/libero/../datasets does not exist!
[goal/texture_1/baseline] [Warning]: datasets path /opt/LIBERO/libero/libero/../datasets does not exist!
[goal/texture_1/baseline] [Warning]: datasets path /opt/LIBERO/libero/libero/../datasets does not exist!
[goal/texture_1/baseline] [Warning]: datasets path /opt/LIBERO/libero/libero/../datasets does not exist!
[goal/texture_1/baseline] Built vec env | suite=libero_goal | task_id=8 | n_envs=10
[object/lighting_1/baseline] [libero_v] lighting_1 t0: 1/10
[object/lighting_1/baseline] Creating LIBERO envs | suites=['libero_object'] | n_envs(per task)=10 | init_states=True
[object/lighting_1/baseline] Restricting to task_ids=[1]
[object/lighting_1/baseline] [info] using task orders [0, 1, 2, 3, 4, 5, 6, 7, 8, 9]
[object/lighting_1/baseline] [Warning]: datasets path /opt/LIBERO/libero/libero/../datasets does not exist!
[object/lighting_1/baseline] [Warning]: datasets path /opt/LIBERO/libero/libero/../datasets does not exist!
[object/lighting_1/baseline] [Warning]: datasets path /opt/LIBERO/libero/libero/../datasets does not exist!
[object/lighting_1/baseline] [Warning]: datasets path /opt/LIBERO/libero/libero/../datasets does not exist!
[object/lighting_1/baseline] [Warning]: datasets path /opt/LIBERO/libero/libero/../datasets does not exist!
[object/lighting_1/baseline] [Warning]: datasets path /opt/LIBERO/libero/libero/../datasets does not exist!
[object/lighting_1/baseline] [Warning]: datasets path /opt/LIBERO/libero/libero/../datasets does not exist!
[object/lighting_1/baseline] [Warning]: datasets path /opt/LIBERO/libero/libero/../datasets does not exist!
[object/lighting_1/baseline] [Warning]: datasets path /opt/LIBERO/libero/libero/../datasets does not exist!
[object/lighting_1/baseline] [Warning]: datasets path /opt/LIBERO/libero/libero/../datasets does not exist!
[object/lighting_1/baseline] [Warning]: datasets path /opt/LIBERO/libero/libero/../datasets does not exist!
[object/lighting_1/baseline] [Warning]: datasets path /opt/LIBERO/libero/libero/../datasets does not exist!
[object/lighting_1/baseline] [Warning]: datasets path /opt/LIBERO/libero/libero/../datasets does not exist!
[object/lighting_1/baseline] [Warning]: datasets path /opt/LIBERO/libero/libero/../datasets does not exist!
[object/lighting_1/baseline] [Warning]: datasets path /opt/LIBERO/libero/libero/../datasets does not exist!
[object/lighting_1/baseline] [Warning]: datasets path /opt/LIBERO/libero/libero/../datasets does not exist!
[object/lighting_1/baseline] [Warning]: datasets path /opt/LIBERO/libero/libero/../datasets does not exist!
[object/lighting_1/baseline] [Warning]: datasets path /opt/LIBERO/libero/libero/../datasets does not exist!
[object/lighting_1/baseline] [Warning]: datasets path /opt/LIBERO/libero/libero/../datasets does not exist!
[object/lighting_1/baseline] [Warning]: datasets path /opt/LIBERO/libero/libero/../datasets does not exist!
[object/lighting_1/baseline] Built vec env | suite=libero_object | task_id=1 | n_envs=10
[goal/lighting_1/aegis] [libero_v] lighting_1 t5: 9/10
[goal/lighting_1/aegis] Creating LIBERO envs | suites=['libero_goal'] | n_envs(per task)=10 | init_states=True
[goal/lighting_1/aegis] Restricting to task_ids=[6]
[goal/lighting_1/aegis] [info] using task orders [0, 1, 2, 3, 4, 5, 6, 7, 8, 9]
[goal/lighting_1/aegis] [Warning]: datasets path /opt/LIBERO/libero/libero/../datasets does not exist!
[goal/lighting_1/aegis] [Warning]: datasets path /opt/LIBERO/libero/libero/../datasets does not exist!
[goal/lighting_1/aegis] [Warning]: datasets path /opt/LIBERO/libero/libero/../datasets does not exist!
[goal/lighting_1/aegis] [Warning]: datasets path /opt/LIBERO/libero/libero/../datasets does not exist!
[goal/lighting_1/aegis] [Warning]: datasets path /opt/LIBERO/libero/libero/../datasets does not exist!
[goal/lighting_1/aegis] [Warning]: datasets path /opt/LIBERO/libero/libero/../datasets does not exist!
[goal/lighting_1/aegis] [Warning]: datasets path /opt/LIBERO/libero/libero/../datasets does not exist!
[goal/lighting_1/aegis] [Warning]: datasets path /opt/LIBERO/libero/libero/../datasets does not exist!
[goal/lighting_1/aegis] [Warning]: datasets path /opt/LIBERO/libero/libero/../datasets does not exist!
[goal/lighting_1/aegis] [Warning]: datasets path /opt/LIBERO/libero/libero/../datasets does not exist!
[goal/lighting_1/aegis] [Warning]: datasets path /opt/LIBERO/libero/libero/../datasets does not exist!
[goal/lighting_1/aegis] [Warning]: datasets path /opt/LIBERO/libero/libero/../datasets does not exist!
[goal/lighting_1/aegis] [Warning]: datasets path /opt/LIBERO/libero/libero/../datasets does not exist!
[goal/lighting_1/aegis] [Warning]: datasets path /opt/LIBERO/libero/libero/../datasets does not exist!
[goal/lighting_1/aegis] [Warning]: datasets path /opt/LIBERO/libero/libero/../datasets does not exist!
[goal/lighting_1/aegis] [Warning]: datasets path /opt/LIBERO/libero/libero/../datasets does not exist!
[goal/lighting_1/aegis] [Warning]: datasets path /opt/LIBERO/libero/libero/../datasets does not exist!
[goal/lighting_1/aegis] [Warning]: datasets path /opt/LIBERO/libero/libero/../datasets does not exist!
[goal/lighting_1/aegis] [Warning]: datasets path /opt/LIBERO/libero/libero/../datasets does not exist!
[goal/lighting_1/aegis] [Warning]: datasets path /opt/LIBERO/libero/libero/../datasets does not exist!
[goal/lighting_1/aegis] Built vec env | suite=libero_goal | task_id=6 | n_envs=10
[goal/texture_1/baseline] [libero_v] texture_1 t8: 10/10
[goal/texture_1/baseline] Creating LIBERO envs | suites=['libero_goal'] | n_envs(per task)=10 | init_states=True
[goal/texture_1/baseline] Restricting to task_ids=[9]
[goal/texture_1/baseline] [info] using task orders [0, 1, 2, 3, 4, 5, 6, 7, 8, 9]
[goal/texture_1/baseline] [Warning]: datasets path /opt/LIBERO/libero/libero/../datasets does not exist!
[goal/texture_1/baseline] [Warning]: datasets path /opt/LIBERO/libero/libero/../datasets does not exist!
[goal/texture_1/baseline] [Warning]: datasets path /opt/LIBERO/libero/libero/../datasets does not exist!
[goal/texture_1/baseline] [Warning]: datasets path /opt/LIBERO/libero/libero/../datasets does not exist!
[goal/texture_1/baseline] [Warning]: datasets path /opt/LIBERO/libero/libero/../datasets does not exist!
[goal/texture_1/baseline] [Warning]: datasets path /opt/LIBERO/libero/libero/../datasets does not exist!
[goal/texture_1/baseline] [Warning]: datasets path /opt/LIBERO/libero/libero/../datasets does not exist!
[goal/texture_1/baseline] [Warning]: datasets path /opt/LIBERO/libero/libero/../datasets does not exist!
[goal/texture_1/baseline] [Warning]: datasets path /opt/LIBERO/libero/libero/../datasets does not exist!
[goal/texture_1/baseline] [Warning]: datasets path /opt/LIBERO/libero/libero/../datasets does not exist!
[goal/texture_1/baseline] [Warning]: datasets path /opt/LIBERO/libero/libero/../datasets does not exist!
[goal/texture_1/baseline] [Warning]: datasets path /opt/LIBERO/libero/libero/../datasets does not exist!
[goal/texture_1/baseline] [Warning]: datasets path /opt/LIBERO/libero/libero/../datasets does not exist!
[goal/texture_1/baseline] [Warning]: datasets path /opt/LIBERO/libero/libero/../datasets does not exist!
[goal/texture_1/baseline] [Warning]: datasets path /opt/LIBERO/libero/libero/../datasets does not exist!
[goal/texture_1/aegis] [libero_v] texture_1 t0: 9/10
[goal/texture_1/aegis] Creating LIBERO envs | suites=['libero_goal'] | n_envs(per task)=10 | init_states=True
[goal/texture_1/aegis] Restricting to task_ids=[1]
[goal/texture_1/aegis] [info] using task orders [0, 1, 2, 3, 4, 5, 6, 7, 8, 9]
[goal/texture_1/aegis] [Warning]: datasets path /opt/LIBERO/libero/libero/../datasets does not exist!
[goal/texture_1/aegis] [Warning]: datasets path /opt/LIBERO/libero/libero/../datasets does not exist!
[goal/texture_1/baseline] [Warning]: datasets path /opt/LIBERO/libero/libero/../datasets does not exist!
[goal/texture_1/baseline] [Warning]: datasets path /opt/LIBERO/libero/libero/../datasets does not exist!
[goal/texture_1/aegis] [Warning]: datasets path /opt/LIBERO/libero/libero/../datasets does not exist!
[goal/texture_1/baseline] [Warning]: datasets path /opt/LIBERO/libero/libero/../datasets does not exist!
[goal/texture_1/aegis] [Warning]: datasets path /opt/LIBERO/libero/libero/../datasets does not exist!
[goal/texture_1/baseline] [Warning]: datasets path /opt/LIBERO/libero/libero/../datasets does not exist!
[goal/texture_1/aegis] [Warning]: datasets path /opt/LIBERO/libero/libero/../datasets does not exist!
[goal/texture_1/baseline] [Warning]: datasets path /opt/LIBERO/libero/libero/../datasets does not exist!
[goal/texture_1/aegis] [Warning]: datasets path /opt/LIBERO/libero/libero/../datasets does not exist!
[goal/texture_1/baseline] Built vec env | suite=libero_goal | task_id=9 | n_envs=10
[goal/texture_1/aegis] [Warning]: datasets path /opt/LIBERO/libero/libero/../datasets does not exist!
[goal/texture_1/aegis] [Warning]: datasets path /opt/LIBERO/libero/libero/../datasets does not exist!
[goal/motion_blur_1/baseline] [libero_v] motion_blur_1 t9: 0/10
[goal/motion_blur_1/baseline] [libero_v] == motion_blur_1: SR=19.0% [12.5,27.8] n=100
[goal/motion_blur_1/baseline] 
[goal/motion_blur_1/baseline] ==== LIBERO-V summary (baseline) ====
[goal/motion_blur_1/baseline]   motion_blur_1       19.0%  [12.5,27.8]  n=100
[goal/motion_blur_1/baseline]   AVG across conditions  19.0%
[goal/texture_1/aegis] [Warning]: datasets path /opt/LIBERO/libero/libero/../datasets does not exist!
[goal/texture_1/aegis] [Warning]: datasets path /opt/LIBERO/libero/libero/../datasets does not exist!
[cell DONE] goal/motion_blur_1/baseline rc=0 sr=19.0
[cell START] goal/viewpoint_medium/baseline n_envs=10 tasks=0,1,2,3,4,5,6,7,8,9 ep=10 record=False
[goal/texture_1/aegis] [Warning]: datasets path /opt/LIBERO/libero/libero/../datasets does not exist!
[goal/texture_1/aegis] [Warning]: datasets path /opt/LIBERO/libero/libero/../datasets does not exist!
[goal/texture_1/aegis] [Warning]: datasets path /opt/LIBERO/libero/libero/../datasets does not exist!
[goal/texture_1/aegis] [Warning]: datasets path /opt/LIBERO/libero/libero/../datasets does not exist!
[goal/texture_1/aegis] [Warning]: datasets path /opt/LIBERO/libero/libero/../datasets does not exist!
[goal/texture_1/aegis] [Warning]: datasets path /opt/LIBERO/libero/libero/../datasets does not exist!
[goal/texture_1/aegis] [Warning]: datasets path /opt/LIBERO/libero/libero/../datasets does not exist!
[goal/texture_1/aegis] [Warning]: datasets path /opt/LIBERO/libero/libero/../datasets does not exist!
[goal/viewpoint_medium/baseline] Loading  HuggingFaceTB/SmolVLM2-500M-Instruct weights ...
[goal/viewpoint_medium/baseline] `torch_dtype` is deprecated! Use `dtype` instead!
[goal/texture_1/aegis] [Warning]: datasets path /opt/LIBERO/libero/libero/../datasets does not exist!
[goal/texture_1/aegis] [Warning]: datasets path /opt/LIBERO/libero/libero/../datasets does not exist!
[goal/viewpoint_medium/baseline] Reducing the number of VLM layers to 16 ...
[goal/texture_1/aegis] Built vec env | suite=libero_goal | task_id=1 | n_envs=10
[goal/viewpoint_medium/baseline] Loading weights from local directory
[goal/viewpoint_medium/baseline] [libero_v] method=baseline  TE=True  n_action_steps=1  H=50 d=7
[goal/viewpoint_medium/baseline] [robosuite WARNING] No private macro file found! (__init__.py:7)
[goal/viewpoint_medium/baseline] WARNING:robosuite_logs:No private macro file found!
[goal/viewpoint_medium/baseline] [robosuite WARNING] It is recommended to use a private macro file (__init__.py:8)
[goal/viewpoint_medium/baseline] WARNING:robosuite_logs:It is recommended to use a private macro file
[goal/viewpoint_medium/baseline] [robosuite WARNING] To setup, run: python /usr/local/lib/python3.11/site-packages/robosuite/scripts/setup_macros.py (__init__.py:9)
[goal/viewpoint_medium/baseline] WARNING:robosuite_logs:To setup, run: python /usr/local/lib/python3.11/site-packages/robosuite/scripts/setup_macros.py
[goal/viewpoint_medium/baseline] Gym has been unmaintained since 2022 and does not support NumPy 2.0 amongst other critical functionality.
[goal/viewpoint_medium/baseline] Please upgrade to Gymnasium, the maintained drop-in replacement of Gym, or contact the authors of your software and request that they upgrade.
[goal/viewpoint_medium/baseline] Users of this version of Gym should be able to simply replace 'import gym' with 'import gymnasium as gym' in the vast majority of cases.
[goal/viewpoint_medium/baseline] See the migration guide at https://gymnasium.farama.org/introduction/migration_guide/ for additional information.
[goal/viewpoint_medium/baseline] [info] using task orders [0, 1, 2, 3, 4, 5, 6, 7, 8, 9]
[goal/viewpoint_medium/baseline] Creating LIBERO envs | suites=['libero_goal'] | n_envs(per task)=10 | init_states=True
[goal/viewpoint_medium/baseline] Restricting to task_ids=[0]
[goal/viewpoint_medium/baseline] [info] using task orders [0, 1, 2, 3, 4, 5, 6, 7, 8, 9]
[goal/viewpoint_medium/baseline] [Warning]: datasets path /opt/LIBERO/libero/libero/../datasets does not exist!
[goal/viewpoint_medium/baseline] [Warning]: datasets path /opt/LIBERO/libero/libero/../datasets does not exist!
[goal/viewpoint_medium/baseline] [Warning]: datasets path /opt/LIBERO/libero/libero/../datasets does not exist!
[goal/viewpoint_medium/baseline] [Warning]: datasets path /opt/LIBERO/libero/libero/../datasets does not exist!
[goal/viewpoint_medium/baseline] [Warning]: datasets path /opt/LIBERO/libero/libero/../datasets does not exist!
[goal/viewpoint_medium/baseline] [Warning]: datasets path /opt/LIBERO/libero/libero/../datasets does not exist!
[goal/viewpoint_medium/baseline] [Warning]: datasets path /opt/LIBERO/libero/libero/../datasets does not exist!
[goal/viewpoint_medium/baseline] [Warning]: datasets path /opt/LIBERO/libero/libero/../datasets does not exist!
[goal/viewpoint_medium/baseline] [Warning]: datasets path /opt/LIBERO/libero/libero/../datasets does not exist!
[goal/viewpoint_medium/baseline] [Warning]: datasets path /opt/LIBERO/libero/libero/../datasets does not exist!
[goal/viewpoint_medium/baseline] [Warning]: datasets path /opt/LIBERO/libero/libero/../datasets does not exist!
[goal/viewpoint_medium/baseline] [Warning]: datasets path /opt/LIBERO/libero/libero/../datasets does not exist!
[goal/viewpoint_medium/baseline] [Warning]: datasets path /opt/LIBERO/libero/libero/../datasets does not exist!
[goal/viewpoint_medium/baseline] [Warning]: datasets path /opt/LIBERO/libero/libero/../datasets does not exist!
[goal/viewpoint_medium/baseline] [Warning]: datasets path /opt/LIBERO/libero/libero/../datasets does not exist!
[goal/viewpoint_medium/baseline] [Warning]: datasets path /opt/LIBERO/libero/libero/../datasets does not exist!
[goal/viewpoint_medium/baseline] [Warning]: datasets path /opt/LIBERO/libero/libero/../datasets does not exist!
[goal/viewpoint_medium/baseline] [Warning]: datasets path /opt/LIBERO/libero/libero/../datasets does not exist!
[goal/viewpoint_medium/baseline] [Warning]: datasets path /opt/LIBERO/libero/libero/../datasets does not exist!
[goal/viewpoint_medium/baseline] [Warning]: datasets path /opt/LIBERO/libero/libero/../datasets does not exist!
[goal/viewpoint_medium/baseline] Built vec env | suite=libero_goal | task_id=0 | n_envs=10
[goal/lighting_1/baseline] [libero_v] lighting_1 t7: 10/10
[goal/lighting_1/baseline] Creating LIBERO envs | suites=['libero_goal'] | n_envs(per task)=10 | init_states=True
[goal/lighting_1/baseline] Restricting to task_ids=[8]
[goal/lighting_1/baseline] [info] using task orders [0, 1, 2, 3, 4, 5, 6, 7, 8, 9]
[goal/lighting_1/baseline] [Warning]: datasets path /opt/LIBERO/libero/libero/../datasets does not exist!
[goal/lighting_1/baseline] [Warning]: datasets path /opt/LIBERO/libero/libero/../datasets does not exist!
[goal/lighting_1/baseline] [Warning]: datasets path /opt/LIBERO/libero/libero/../datasets does not exist!
[goal/lighting_1/baseline] [Warning]: datasets path /opt/LIBERO/libero/libero/../datasets does not exist!
[goal/lighting_1/baseline] [Warning]: datasets path /opt/LIBERO/libero/libero/../datasets does not exist!
[goal/lighting_1/baseline] [Warning]: datasets path /opt/LIBERO/libero/libero/../datasets does not exist!
[goal/lighting_1/baseline] [Warning]: datasets path /opt/LIBERO/libero/libero/../datasets does not exist!
[goal/lighting_1/baseline] [Warning]: datasets path /opt/LIBERO/libero/libero/../datasets does not exist!
[goal/lighting_1/baseline] [Warning]: datasets path /opt/LIBERO/libero/libero/../datasets does not exist!
[goal/lighting_1/baseline] [Warning]: datasets path /opt/LIBERO/libero/libero/../datasets does not exist!
[goal/lighting_1/baseline] [Warning]: datasets path /opt/LIBERO/libero/libero/../datasets does not exist!
[goal/lighting_1/baseline] [Warning]: datasets path /opt/LIBERO/libero/libero/../datasets does not exist!
[goal/lighting_1/baseline] [Warning]: datasets path /opt/LIBERO/libero/libero/../datasets does not exist!
[goal/lighting_1/baseline] [Warning]: datasets path /opt/LIBERO/libero/libero/../datasets does not exist!
[goal/lighting_1/baseline] [Warning]: datasets path /opt/LIBERO/libero/libero/../datasets does not exist!
[goal/lighting_1/baseline] [Warning]: datasets path /opt/LIBERO/libero/libero/../datasets does not exist!
[goal/lighting_1/baseline] [Warning]: datasets path /opt/LIBERO/libero/libero/../datasets does not exist!
[goal/lighting_1/baseline] [Warning]: datasets path /opt/LIBERO/libero/libero/../datasets does not exist!
[goal/lighting_1/baseline] [Warning]: datasets path /opt/LIBERO/libero/libero/../datasets does not exist!
[goal/lighting_1/baseline] [Warning]: datasets path /opt/LIBERO/libero/libero/../datasets does not exist!
[goal/lighting_1/baseline] Built vec env | suite=libero_goal | task_id=8 | n_envs=10
[goal/texture_1/aegis] [libero_v] texture_1 t1: 10/10
[goal/texture_1/aegis] Creating LIBERO envs | suites=['libero_goal'] | n_envs(per task)=10 | init_states=True
[goal/texture_1/aegis] Restricting to task_ids=[2]
[goal/texture_1/aegis] [info] using task orders [0, 1, 2, 3, 4, 5, 6, 7, 8, 9]
[goal/texture_1/aegis] [Warning]: datasets path /opt/LIBERO/libero/libero/../datasets does not exist!
[goal/texture_1/aegis] [Warning]: datasets path /opt/LIBERO/libero/libero/../datasets does not exist!
[goal/texture_1/aegis] [Warning]: datasets path /opt/LIBERO/libero/libero/../datasets does not exist!
[goal/texture_1/aegis] [Warning]: datasets path /opt/LIBERO/libero/libero/../datasets does not exist!
[goal/texture_1/aegis] [Warning]: datasets path /opt/LIBERO/libero/libero/../datasets does not exist!
[goal/texture_1/aegis] [Warning]: datasets path /opt/LIBERO/libero/libero/../datasets does not exist!
[goal/texture_1/aegis] [Warning]: datasets path /opt/LIBERO/libero/libero/../datasets does not exist!
[goal/texture_1/aegis] [Warning]: datasets path /opt/LIBERO/libero/libero/../datasets does not exist!
[goal/texture_1/aegis] [Warning]: datasets path /opt/LIBERO/libero/libero/../datasets does not exist!
[goal/texture_1/aegis] [Warning]: datasets path /opt/LIBERO/libero/libero/../datasets does not exist!
[goal/texture_1/aegis] [Warning]: datasets path /opt/LIBERO/libero/libero/../datasets does not exist!
[goal/texture_1/aegis] [Warning]: datasets path /opt/LIBERO/libero/libero/../datasets does not exist!
[goal/texture_1/aegis] [Warning]: datasets path /opt/LIBERO/libero/libero/../datasets does not exist!
[goal/texture_1/aegis] [Warning]: datasets path /opt/LIBERO/libero/libero/../datasets does not exist!
[goal/texture_1/aegis] [Warning]: datasets path /opt/LIBERO/libero/libero/../datasets does not exist!
[goal/texture_1/aegis] [Warning]: datasets path /opt/LIBERO/libero/libero/../datasets does not exist!
[goal/texture_1/aegis] [Warning]: datasets path /opt/LIBERO/libero/libero/../datasets does not exist!
[goal/texture_1/aegis] [Warning]: datasets path /opt/LIBERO/libero/libero/../datasets does not exist!
[goal/texture_1/aegis] [Warning]: datasets path /opt/LIBERO/libero/libero/../datasets does not exist!
[goal/texture_1/aegis] [Warning]: datasets path /opt/LIBERO/libero/libero/../datasets does not exist!
[goal/texture_1/aegis] Built vec env | suite=libero_goal | task_id=2 | n_envs=10
[goal/texture_1/baseline] [libero_v] texture_1 t9: 10/10
[goal/texture_1/baseline] [libero_v] == texture_1: SR=90.0% [82.6,94.5] n=100
[goal/texture_1/baseline] 
[goal/texture_1/baseline] ==== LIBERO-V summary (baseline) ====
[goal/texture_1/baseline]   texture_1           90.0%  [82.6,94.5]  n=100
[goal/texture_1/baseline]   AVG across conditions  90.0%
[cell DONE] goal/texture_1/baseline rc=0 sr=90.0

==========
== CUDA ==
==========

CUDA Version 12.4.1

Container image Copyright (c) 2016-2023, NVIDIA CORPORATION & AFFILIATES. All rights reserved.

This container image and its contents are governed by the NVIDIA Deep Learning Container License.
By pulling and using the container, you accept the terms and conditions of this license:
https://developer.nvidia.com/ngc/nvidia-deep-learning-container-license

A copy of this license is made available in this container at /NGC-DL-CONTAINER-LICENSE for your convenience.

[cell START] goal/viewpoint_medium/aegis n_envs=10 tasks=0,1,2,3,4,5,6,7,8,9 ep=10 record=False
[goal/viewpoint_medium/aegis] Loading  HuggingFaceTB/SmolVLM2-500M-Instruct weights ...
[goal/viewpoint_medium/aegis] `torch_dtype` is deprecated! Use `dtype` instead!
[goal/viewpoint_medium/aegis] Reducing the number of VLM layers to 16 ...
[goal/viewpoint_medium/aegis] Loading weights from local directory
[goal/viewpoint_medium/aegis] [rib] injected RobustIB  params=2.56M  d_z=512  fusion_coeff init=0.500 (vanilla at init)
[goal/viewpoint_medium/aegis] [rib] loaded /assets/sib_vla/results/ib_on86/rib_on86.pt  fusion_coeff=0.500  step=3000
[goal/viewpoint_medium/aegis] [libero_v] method=aegis  TE=True  n_action_steps=1  H=50 d=7
[goal/viewpoint_medium/aegis] [robosuite WARNING] No private macro file found! (__init__.py:7)
[goal/viewpoint_medium/aegis] WARNING:robosuite_logs:No private macro file found!
[goal/viewpoint_medium/aegis] [robosuite WARNING] It is recommended to use a private macro file (__init__.py:8)
[goal/viewpoint_medium/aegis] WARNING:robosuite_logs:It is recommended to use a private macro file
[goal/viewpoint_medium/aegis] [robosuite WARNING] To setup, run: python /usr/local/lib/python3.11/site-packages/robosuite/scripts/setup_macros.py (__init__.py:9)
[goal/viewpoint_medium/aegis] WARNING:robosuite_logs:To setup, run: python /usr/local/lib/python3.11/site-packages/robosuite/scripts/setup_macros.py
[goal/viewpoint_medium/aegis] Gym has been unmaintained since 2022 and does not support NumPy 2.0 amongst other critical functionality.
[goal/viewpoint_medium/aegis] Please upgrade to Gymnasium, the maintained drop-in replacement of Gym, or contact the authors of your software and request that they upgrade.
[goal/viewpoint_medium/aegis] Users of this version of Gym should be able to simply replace 'import gym' with 'import gymnasium as gym' in the vast majority of cases.
[goal/viewpoint_medium/aegis] See the migration guide at https://gymnasium.farama.org/introduction/migration_guide/ for additional information.
[goal/viewpoint_medium/aegis] [info] using task orders [0, 1, 2, 3, 4, 5, 6, 7, 8, 9]
[goal/viewpoint_medium/aegis] Creating LIBERO envs | suites=['libero_goal'] | n_envs(per task)=10 | init_states=True
[goal/viewpoint_medium/aegis] Restricting to task_ids=[0]
[goal/viewpoint_medium/aegis] [info] using task orders [0, 1, 2, 3, 4, 5, 6, 7, 8, 9]
[goal/viewpoint_medium/aegis] [Warning]: datasets path /opt/LIBERO/libero/libero/../datasets does not exist!
[goal/viewpoint_medium/aegis] [Warning]: datasets path /opt/LIBERO/libero/libero/../datasets does not exist!
[goal/viewpoint_medium/aegis] [Warning]: datasets path /opt/LIBERO/libero/libero/../datasets does not exist!
[goal/viewpoint_medium/aegis] [Warning]: datasets path /opt/LIBERO/libero/libero/../datasets does not exist!
[goal/viewpoint_medium/aegis] [Warning]: datasets path /opt/LIBERO/libero/libero/../datasets does not exist!
[goal/viewpoint_medium/aegis] [Warning]: datasets path /opt/LIBERO/libero/libero/../datasets does not exist!
[goal/viewpoint_medium/aegis] [Warning]: datasets path /opt/LIBERO/libero/libero/../datasets does not exist!
[goal/viewpoint_medium/aegis] [Warning]: datasets path /opt/LIBERO/libero/libero/../datasets does not exist!
[goal/viewpoint_medium/aegis] [Warning]: datasets path /opt/LIBERO/libero/libero/../datasets does not exist!
[goal/viewpoint_medium/aegis] [Warning]: datasets path /opt/LIBERO/libero/libero/../datasets does not exist!
[goal/viewpoint_medium/aegis] [Warning]: datasets path /opt/LIBERO/libero/libero/../datasets does not exist!
[goal/viewpoint_medium/aegis] [Warning]: datasets path /opt/LIBERO/libero/libero/../datasets does not exist!
[goal/viewpoint_medium/aegis] [Warning]: datasets path /opt/LIBERO/libero/libero/../datasets does not exist!
[goal/viewpoint_medium/aegis] [Warning]: datasets path /opt/LIBERO/libero/libero/../datasets does not exist!
[goal/viewpoint_medium/aegis] [Warning]: datasets path /opt/LIBERO/libero/libero/../datasets does not exist!
[goal/viewpoint_medium/aegis] [Warning]: datasets path /opt/LIBERO/libero/libero/../datasets does not exist!
[goal/viewpoint_medium/aegis] [Warning]: datasets path /opt/LIBERO/libero/libero/../datasets does not exist!
[goal/viewpoint_medium/aegis] [Warning]: datasets path /opt/LIBERO/libero/libero/../datasets does not exist!
[goal/viewpoint_medium/aegis] [Warning]: datasets path /opt/LIBERO/libero/libero/../datasets does not exist!
[goal/viewpoint_medium/aegis] [Warning]: datasets path /opt/LIBERO/libero/libero/../datasets does not exist!
[goal/viewpoint_medium/aegis] Built vec env | suite=libero_goal | task_id=0 | n_envs=10
[goal/texture_1/aegis] [libero_v] texture_1 t2: 10/10
[goal/texture_1/aegis] Creating LIBERO envs | suites=['libero_goal'] | n_envs(per task)=10 | init_states=True
[goal/texture_1/aegis] Restricting to task_ids=[3]
[goal/texture_1/aegis] [info] using task orders [0, 1, 2, 3, 4, 5, 6, 7, 8, 9]
[goal/texture_1/aegis] [Warning]: datasets path /opt/LIBERO/libero/libero/../datasets does not exist!
[goal/texture_1/aegis] [Warning]: datasets path /opt/LIBERO/libero/libero/../datasets does not exist!
[goal/texture_1/aegis] [Warning]: datasets path /opt/LIBERO/libero/libero/../datasets does not exist!
[goal/texture_1/aegis] [Warning]: datasets path /opt/LIBERO/libero/libero/../datasets does not exist!
[goal/texture_1/aegis] [Warning]: datasets path /opt/LIBERO/libero/libero/../datasets does not exist!
[goal/texture_1/aegis] [Warning]: datasets path /opt/LIBERO/libero/libero/../datasets does not exist!
[goal/texture_1/aegis] [Warning]: datasets path /opt/LIBERO/libero/libero/../datasets does not exist!
[goal/texture_1/aegis] [Warning]: datasets path /opt/LIBERO/libero/libero/../datasets does not exist!
[goal/viewpoint_medium/baseline] [libero_v] viewpoint_medium t0: 0/10
[goal/viewpoint_medium/baseline] Creating LIBERO envs | suites=['libero_goal'] | n_envs(per task)=10 | init_states=True
[goal/viewpoint_medium/baseline] Restricting to task_ids=[1]
[goal/viewpoint_medium/baseline] [info] using task orders [0, 1, 2, 3, 4, 5, 6, 7, 8, 9]
[goal/viewpoint_medium/baseline] [Warning]: datasets path /opt/LIBERO/libero/libero/../datasets does not exist!
[goal/viewpoint_medium/baseline] [Warning]: datasets path /opt/LIBERO/libero/libero/../datasets does not exist!
[goal/texture_1/aegis] [Warning]: datasets path /opt/LIBERO/libero/libero/../datasets does not exist!
[goal/texture_1/aegis] [Warning]: datasets path /opt/LIBERO/libero/libero/../datasets does not exist!
[goal/texture_1/aegis] [Warning]: datasets path /opt/LIBERO/libero/libero/../datasets does not exist!
[goal/viewpoint_medium/baseline] [Warning]: datasets path /opt/LIBERO/libero/libero/../datasets does not exist!
[goal/texture_1/aegis] [Warning]: datasets path /opt/LIBERO/libero/libero/../datasets does not exist!
[goal/viewpoint_medium/baseline] [Warning]: datasets path /opt/LIBERO/libero/libero/../datasets does not exist!
[goal/viewpoint_medium/baseline] [Warning]: datasets path /opt/LIBERO/libero/libero/../datasets does not exist!
[goal/viewpoint_medium/baseline] [Warning]: datasets path /opt/LIBERO/libero/libero/../datasets does not exist!
[goal/texture_1/aegis] [Warning]: datasets path /opt/LIBERO/libero/libero/../datasets does not exist!
[goal/texture_1/aegis] [Warning]: datasets path /opt/LIBERO/libero/libero/../datasets does not exist!
[goal/viewpoint_medium/baseline] [Warning]: datasets path /opt/LIBERO/libero/libero/../datasets does not exist!
[goal/viewpoint_medium/baseline] [Warning]: datasets path /opt/LIBERO/libero/libero/../datasets does not exist!
[goal/texture_1/aegis] [Warning]: datasets path /opt/LIBERO/libero/libero/../datasets does not exist!
[goal/texture_1/aegis] [Warning]: datasets path /opt/LIBERO/libero/libero/../datasets does not exist!
[goal/viewpoint_medium/baseline] [Warning]: datasets path /opt/LIBERO/libero/libero/../datasets does not exist!
[goal/viewpoint_medium/baseline] [Warning]: datasets path /opt/LIBERO/libero/libero/../datasets does not exist!
[goal/texture_1/aegis] [Warning]: datasets path /opt/LIBERO/libero/libero/../datasets does not exist!
[goal/texture_1/aegis] [Warning]: datasets path /opt/LIBERO/libero/libero/../datasets does not exist!
[goal/viewpoint_medium/baseline] [Warning]: datasets path /opt/LIBERO/libero/libero/../datasets does not exist!
[goal/viewpoint_medium/baseline] [Warning]: datasets path /opt/LIBERO/libero/libero/../datasets does not exist!
[goal/texture_1/aegis] [Warning]: datasets path /opt/LIBERO/libero/libero/../datasets does not exist!
[goal/texture_1/aegis] [Warning]: datasets path /opt/LIBERO/libero/libero/../datasets does not exist!
[goal/viewpoint_medium/baseline] [Warning]: datasets path /opt/LIBERO/libero/libero/../datasets does not exist!
[goal/viewpoint_medium/baseline] [Warning]: datasets path /opt/LIBERO/libero/libero/../datasets does not exist!
[goal/texture_1/aegis] Built vec env | suite=libero_goal | task_id=3 | n_envs=10
[goal/viewpoint_medium/baseline] [Warning]: datasets path /opt/LIBERO/libero/libero/../datasets does not exist!
[goal/viewpoint_medium/baseline] [Warning]: datasets path /opt/LIBERO/libero/libero/../datasets does not exist!
[goal/viewpoint_medium/baseline] [Warning]: datasets path /opt/LIBERO/libero/libero/../datasets does not exist!
[goal/viewpoint_medium/baseline] [Warning]: datasets path /opt/LIBERO/libero/libero/../datasets does not exist!
[goal/viewpoint_medium/baseline] [Warning]: datasets path /opt/LIBERO/libero/libero/../datasets does not exist!
[goal/viewpoint_medium/baseline] [Warning]: datasets path /opt/LIBERO/libero/libero/../datasets does not exist!
[goal/viewpoint_medium/baseline] Built vec env | suite=libero_goal | task_id=1 | n_envs=10
[object/lighting_1/baseline] [libero_v] lighting_1 t1: 9/10
[object/lighting_1/baseline] Creating LIBERO envs | suites=['libero_object'] | n_envs(per task)=10 | init_states=True
[object/lighting_1/baseline] Restricting to task_ids=[2]
[object/lighting_1/baseline] [info] using task orders [0, 1, 2, 3, 4, 5, 6, 7, 8, 9]
[object/lighting_1/baseline] [Warning]: datasets path /opt/LIBERO/libero/libero/../datasets does not exist!
[object/lighting_1/baseline] [Warning]: datasets path /opt/LIBERO/libero/libero/../datasets does not exist!
[object/lighting_1/baseline] [Warning]: datasets path /opt/LIBERO/libero/libero/../datasets does not exist!
[object/lighting_1/baseline] [Warning]: datasets path /opt/LIBERO/libero/libero/../datasets does not exist!
[object/lighting_1/baseline] [Warning]: datasets path /opt/LIBERO/libero/libero/../datasets does not exist!
[object/lighting_1/baseline] [Warning]: datasets path /opt/LIBERO/libero/libero/../datasets does not exist!
[object/lighting_1/baseline] [Warning]: datasets path /opt/LIBERO/libero/libero/../datasets does not exist!
[object/lighting_1/baseline] [Warning]: datasets path /opt/LIBERO/libero/libero/../datasets does not exist!
[object/lighting_1/baseline] [Warning]: datasets path /opt/LIBERO/libero/libero/../datasets does not exist!
[object/lighting_1/baseline] [Warning]: datasets path /opt/LIBERO/libero/libero/../datasets does not exist!
[object/lighting_1/baseline] [Warning]: datasets path /opt/LIBERO/libero/libero/../datasets does not exist!
[object/lighting_1/baseline] [Warning]: datasets path /opt/LIBERO/libero/libero/../datasets does not exist!
[object/lighting_1/baseline] [Warning]: datasets path /opt/LIBERO/libero/libero/../datasets does not exist!
[object/lighting_1/baseline] [Warning]: datasets path /opt/LIBERO/libero/libero/../datasets does not exist!
[object/lighting_1/baseline] [Warning]: datasets path /opt/LIBERO/libero/libero/../datasets does not exist!
[object/lighting_1/baseline] [Warning]: datasets path /opt/LIBERO/libero/libero/../datasets does not exist!
[object/lighting_1/baseline] [Warning]: datasets path /opt/LIBERO/libero/libero/../datasets does not exist!
[object/lighting_1/baseline] [Warning]: datasets path /opt/LIBERO/libero/libero/../datasets does not exist!
[object/lighting_1/baseline] [Warning]: datasets path /opt/LIBERO/libero/libero/../datasets does not exist!
[object/lighting_1/baseline] [Warning]: datasets path /opt/LIBERO/libero/libero/../datasets does not exist!
[object/lighting_1/baseline] Built vec env | suite=libero_object | task_id=2 | n_envs=10
[goal/lighting_1/aegis] [libero_v] lighting_1 t6: 7/10
[goal/lighting_1/aegis] Creating LIBERO envs | suites=['libero_goal'] | n_envs(per task)=10 | init_states=True
[goal/lighting_1/aegis] Restricting to task_ids=[7]
[goal/lighting_1/aegis] [info] using task orders [0, 1, 2, 3, 4, 5, 6, 7, 8, 9]
[goal/lighting_1/aegis] [Warning]: datasets path /opt/LIBERO/libero/libero/../datasets does not exist!
[goal/lighting_1/aegis] [Warning]: datasets path /opt/LIBERO/libero/libero/../datasets does not exist!
[goal/lighting_1/aegis] [Warning]: datasets path /opt/LIBERO/libero/libero/../datasets does not exist!
[goal/lighting_1/aegis] [Warning]: datasets path /opt/LIBERO/libero/libero/../datasets does not exist!
[goal/lighting_1/aegis] [Warning]: datasets path /opt/LIBERO/libero/libero/../datasets does not exist!
[goal/lighting_1/aegis] [Warning]: datasets path /opt/LIBERO/libero/libero/../datasets does not exist!
[goal/lighting_1/aegis] [Warning]: datasets path /opt/LIBERO/libero/libero/../datasets does not exist!
[goal/lighting_1/aegis] [Warning]: datasets path /opt/LIBERO/libero/libero/../datasets does not exist!
[goal/lighting_1/aegis] [Warning]: datasets path /opt/LIBERO/libero/libero/../datasets does not exist!
[goal/lighting_1/aegis] [Warning]: datasets path /opt/LIBERO/libero/libero/../datasets does not exist!
[goal/lighting_1/aegis] [Warning]: datasets path /opt/LIBERO/libero/libero/../datasets does not exist!
[goal/lighting_1/aegis] [Warning]: datasets path /opt/LIBERO/libero/libero/../datasets does not exist!
[goal/lighting_1/aegis] [Warning]: datasets path /opt/LIBERO/libero/libero/../datasets does not exist!
[goal/lighting_1/aegis] [Warning]: datasets path /opt/LIBERO/libero/libero/../datasets does not exist!
[goal/lighting_1/aegis] [Warning]: datasets path /opt/LIBERO/libero/libero/../datasets does not exist!
[goal/lighting_1/aegis] [Warning]: datasets path /opt/LIBERO/libero/libero/../datasets does not exist!
[goal/lighting_1/aegis] [Warning]: datasets path /opt/LIBERO/libero/libero/../datasets does not exist!
[goal/lighting_1/aegis] [Warning]: datasets path /opt/LIBERO/libero/libero/../datasets does not exist!
[goal/lighting_1/aegis] [Warning]: datasets path /opt/LIBERO/libero/libero/../datasets does not exist!
[goal/lighting_1/aegis] [Warning]: datasets path /opt/LIBERO/libero/libero/../datasets does not exist!
[goal/lighting_1/aegis] Built vec env | suite=libero_goal | task_id=7 | n_envs=10
[goal/lighting_1/baseline] [libero_v] lighting_1 t8: 8/10
[goal/lighting_1/baseline] Creating LIBERO envs | suites=['libero_goal'] | n_envs(per task)=10 | init_states=True
[goal/lighting_1/baseline] Restricting to task_ids=[9]
[goal/lighting_1/baseline] [info] using task orders [0, 1, 2, 3, 4, 5, 6, 7, 8, 9]
[goal/lighting_1/baseline] [Warning]: datasets path /opt/LIBERO/libero/libero/../datasets does not exist!
[goal/lighting_1/baseline] [Warning]: datasets path /opt/LIBERO/libero/libero/../datasets does not exist!
[goal/lighting_1/baseline] [Warning]: datasets path /opt/LIBERO/libero/libero/../datasets does not exist!
[goal/lighting_1/baseline] [Warning]: datasets path /opt/LIBERO/libero/libero/../datasets does not exist!
[goal/lighting_1/baseline] [Warning]: datasets path /opt/LIBERO/libero/libero/../datasets does not exist!
[goal/lighting_1/baseline] [Warning]: datasets path /opt/LIBERO/libero/libero/../datasets does not exist!
[goal/lighting_1/baseline] [Warning]: datasets path /opt/LIBERO/libero/libero/../datasets does not exist!
[goal/lighting_1/baseline] [Warning]: datasets path /opt/LIBERO/libero/libero/../datasets does not exist!
[goal/lighting_1/baseline] [Warning]: datasets path /opt/LIBERO/libero/libero/../datasets does not exist!
[goal/lighting_1/baseline] [Warning]: datasets path /opt/LIBERO/libero/libero/../datasets does not exist!
[goal/lighting_1/baseline] [Warning]: datasets path /opt/LIBERO/libero/libero/../datasets does not exist!
[goal/lighting_1/baseline] [Warning]: datasets path /opt/LIBERO/libero/libero/../datasets does not exist!
[goal/lighting_1/baseline] [Warning]: datasets path /opt/LIBERO/libero/libero/../datasets does not exist!
[goal/lighting_1/baseline] [Warning]: datasets path /opt/LIBERO/libero/libero/../datasets does not exist!
[goal/lighting_1/baseline] [Warning]: datasets path /opt/LIBERO/libero/libero/../datasets does not exist!
[goal/lighting_1/baseline] [Warning]: datasets path /opt/LIBERO/libero/libero/../datasets does not exist!
[goal/lighting_1/baseline] [Warning]: datasets path /opt/LIBERO/libero/libero/../datasets does not exist!
[goal/lighting_1/baseline] [Warning]: datasets path /opt/LIBERO/libero/libero/../datasets does not exist!
[goal/lighting_1/baseline] [Warning]: datasets path /opt/LIBERO/libero/libero/../datasets does not exist!
[goal/lighting_1/baseline] [Warning]: datasets path /opt/LIBERO/libero/libero/../datasets does not exist!
[goal/lighting_1/baseline] Built vec env | suite=libero_goal | task_id=9 | n_envs=10
[goal/viewpoint_medium/baseline] [libero_v] viewpoint_medium t1: 0/10
[goal/viewpoint_medium/baseline] Creating LIBERO envs | suites=['libero_goal'] | n_envs(per task)=10 | init_states=True
[goal/viewpoint_medium/baseline] Restricting to task_ids=[2]
[goal/viewpoint_medium/baseline] [info] using task orders [0, 1, 2, 3, 4, 5, 6, 7, 8, 9]
[goal/viewpoint_medium/baseline] [Warning]: datasets path /opt/LIBERO/libero/libero/../datasets does not exist!
[goal/viewpoint_medium/baseline] [Warning]: datasets path /opt/LIBERO/libero/libero/../datasets does not exist!
[goal/viewpoint_medium/baseline] [Warning]: datasets path /opt/LIBERO/libero/libero/../datasets does not exist!
[goal/viewpoint_medium/baseline] [Warning]: datasets path /opt/LIBERO/libero/libero/../datasets does not exist!
[goal/viewpoint_medium/baseline] [Warning]: datasets path /opt/LIBERO/libero/libero/../datasets does not exist!
[goal/viewpoint_medium/baseline] [Warning]: datasets path /opt/LIBERO/libero/libero/../datasets does not exist!
[goal/viewpoint_medium/baseline] [Warning]: datasets path /opt/LIBERO/libero/libero/../datasets does not exist!
[goal/viewpoint_medium/baseline] [Warning]: datasets path /opt/LIBERO/libero/libero/../datasets does not exist!
[goal/viewpoint_medium/baseline] [Warning]: datasets path /opt/LIBERO/libero/libero/../datasets does not exist!
[goal/viewpoint_medium/baseline] [Warning]: datasets path /opt/LIBERO/libero/libero/../datasets does not exist!
[goal/viewpoint_medium/baseline] [Warning]: datasets path /opt/LIBERO/libero/libero/../datasets does not exist!
[goal/viewpoint_medium/baseline] [Warning]: datasets path /opt/LIBERO/libero/libero/../datasets does not exist!
[goal/viewpoint_medium/baseline] [Warning]: datasets path /opt/LIBERO/libero/libero/../datasets does not exist!
[goal/viewpoint_medium/baseline] [Warning]: datasets path /opt/LIBERO/libero/libero/../datasets does not exist!
[goal/viewpoint_medium/baseline] [Warning]: datasets path /opt/LIBERO/libero/libero/../datasets does not exist!
[goal/viewpoint_medium/baseline] [Warning]: datasets path /opt/LIBERO/libero/libero/../datasets does not exist!
[goal/viewpoint_medium/baseline] [Warning]: datasets path /opt/LIBERO/libero/libero/../datasets does not exist!
[goal/viewpoint_medium/baseline] [Warning]: datasets path /opt/LIBERO/libero/libero/../datasets does not exist!
[goal/viewpoint_medium/baseline] [Warning]: datasets path /opt/LIBERO/libero/libero/../datasets does not exist!
[goal/viewpoint_medium/baseline] [Warning]: datasets path /opt/LIBERO/libero/libero/../datasets does not exist!
[goal/viewpoint_medium/baseline] Built vec env | suite=libero_goal | task_id=2 | n_envs=10
[goal/texture_1/aegis] [libero_v] texture_1 t3: 7/10
[goal/texture_1/aegis] Creating LIBERO envs | suites=['libero_goal'] | n_envs(per task)=10 | init_states=True
[goal/texture_1/aegis] Restricting to task_ids=[4]
[goal/texture_1/aegis] [info] using task orders [0, 1, 2, 3, 4, 5, 6, 7, 8, 9]
[goal/texture_1/aegis] [Warning]: datasets path /opt/LIBERO/libero/libero/../datasets does not exist!
[goal/texture_1/aegis] [Warning]: datasets path /opt/LIBERO/libero/libero/../datasets does not exist!
[goal/texture_1/aegis] [Warning]: datasets path /opt/LIBERO/libero/libero/../datasets does not exist!
[goal/texture_1/aegis] [Warning]: datasets path /opt/LIBERO/libero/libero/../datasets does not exist!
[goal/texture_1/aegis] [Warning]: datasets path /opt/LIBERO/libero/libero/../datasets does not exist!
[goal/texture_1/aegis] [Warning]: datasets path /opt/LIBERO/libero/libero/../datasets does not exist!
[goal/texture_1/aegis] [Warning]: datasets path /opt/LIBERO/libero/libero/../datasets does not exist!
[goal/texture_1/aegis] [Warning]: datasets path /opt/LIBERO/libero/libero/../datasets does not exist!
[goal/texture_1/aegis] [Warning]: datasets path /opt/LIBERO/libero/libero/../datasets does not exist!
[goal/texture_1/aegis] [Warning]: datasets path /opt/LIBERO/libero/libero/../datasets does not exist!
[goal/texture_1/aegis] [Warning]: datasets path /opt/LIBERO/libero/libero/../datasets does not exist!
[goal/texture_1/aegis] [Warning]: datasets path /opt/LIBERO/libero/libero/../datasets does not exist!
[goal/texture_1/aegis] [Warning]: datasets path /opt/LIBERO/libero/libero/../datasets does not exist!
[goal/texture_1/aegis] [Warning]: datasets path /opt/LIBERO/libero/libero/../datasets does not exist!
[goal/texture_1/aegis] [Warning]: datasets path /opt/LIBERO/libero/libero/../datasets does not exist!
[goal/texture_1/aegis] [Warning]: datasets path /opt/LIBERO/libero/libero/../datasets does not exist!
[goal/texture_1/aegis] [Warning]: datasets path /opt/LIBERO/libero/libero/../datasets does not exist!
[goal/texture_1/aegis] [Warning]: datasets path /opt/LIBERO/libero/libero/../datasets does not exist!
[goal/texture_1/aegis] [Warning]: datasets path /opt/LIBERO/libero/libero/../datasets does not exist!
[goal/texture_1/aegis] [Warning]: datasets path /opt/LIBERO/libero/libero/../datasets does not exist!
[goal/texture_1/aegis] Built vec env | suite=libero_goal | task_id=4 | n_envs=10
[goal/lighting_1/aegis] [libero_v] lighting_1 t7: 10/10
[goal/lighting_1/aegis] Creating LIBERO envs | suites=['libero_goal'] | n_envs(per task)=10 | init_states=True
[goal/lighting_1/aegis] Restricting to task_ids=[8]
[goal/lighting_1/aegis] [info] using task orders [0, 1, 2, 3, 4, 5, 6, 7, 8, 9]
[goal/lighting_1/aegis] [Warning]: datasets path /opt/LIBERO/libero/libero/../datasets does not exist!
[goal/lighting_1/aegis] [Warning]: datasets path /opt/LIBERO/libero/libero/../datasets does not exist!
[goal/lighting_1/aegis] [Warning]: datasets path /opt/LIBERO/libero/libero/../datasets does not exist!
[goal/lighting_1/aegis] [Warning]: datasets path /opt/LIBERO/libero/libero/../datasets does not exist!
[goal/lighting_1/aegis] [Warning]: datasets path /opt/LIBERO/libero/libero/../datasets does not exist!
[goal/lighting_1/aegis] [Warning]: datasets path /opt/LIBERO/libero/libero/../datasets does not exist!
[goal/lighting_1/aegis] [Warning]: datasets path /opt/LIBERO/libero/libero/../datasets does not exist!
[goal/lighting_1/aegis] [Warning]: datasets path /opt/LIBERO/libero/libero/../datasets does not exist!
[goal/lighting_1/aegis] [Warning]: datasets path /opt/LIBERO/libero/libero/../datasets does not exist!
[goal/lighting_1/aegis] [Warning]: datasets path /opt/LIBERO/libero/libero/../datasets does not exist!
[goal/lighting_1/aegis] [Warning]: datasets path /opt/LIBERO/libero/libero/../datasets does not exist!
[goal/lighting_1/aegis] [Warning]: datasets path /opt/LIBERO/libero/libero/../datasets does not exist!
[goal/lighting_1/aegis] [Warning]: datasets path /opt/LIBERO/libero/libero/../datasets does not exist!
[goal/lighting_1/aegis] [Warning]: datasets path /opt/LIBERO/libero/libero/../datasets does not exist!
[goal/lighting_1/aegis] [Warning]: datasets path /opt/LIBERO/libero/libero/../datasets does not exist!
[goal/lighting_1/aegis] [Warning]: datasets path /opt/LIBERO/libero/libero/../datasets does not exist!
[goal/lighting_1/aegis] [Warning]: datasets path /opt/LIBERO/libero/libero/../datasets does not exist!
[goal/lighting_1/aegis] [Warning]: datasets path /opt/LIBERO/libero/libero/../datasets does not exist!
[goal/viewpoint_medium/aegis] [libero_v] viewpoint_medium t0: 0/10
[goal/viewpoint_medium/aegis] Creating LIBERO envs | suites=['libero_goal'] | n_envs(per task)=10 | init_states=True
[goal/viewpoint_medium/aegis] Restricting to task_ids=[1]
[goal/viewpoint_medium/aegis] [info] using task orders [0, 1, 2, 3, 4, 5, 6, 7, 8, 9]
[goal/viewpoint_medium/aegis] [Warning]: datasets path /opt/LIBERO/libero/libero/../datasets does not exist!
[goal/viewpoint_medium/aegis] [Warning]: datasets path /opt/LIBERO/libero/libero/../datasets does not exist!
[goal/lighting_1/aegis] [Warning]: datasets path /opt/LIBERO/libero/libero/../datasets does not exist!
[goal/lighting_1/aegis] [Warning]: datasets path /opt/LIBERO/libero/libero/../datasets does not exist!
[goal/viewpoint_medium/aegis] [Warning]: datasets path /opt/LIBERO/libero/libero/../datasets does not exist!
[goal/viewpoint_medium/aegis] [Warning]: datasets path /opt/LIBERO/libero/libero/../datasets does not exist!
[goal/lighting_1/aegis] Built vec env | suite=libero_goal | task_id=8 | n_envs=10
[goal/viewpoint_medium/aegis] [Warning]: datasets path /opt/LIBERO/libero/libero/../datasets does not exist!
[goal/viewpoint_medium/aegis] [Warning]: datasets path /opt/LIBERO/libero/libero/../datasets does not exist!
[goal/viewpoint_medium/aegis] [Warning]: datasets path /opt/LIBERO/libero/libero/../datasets does not exist!
[goal/viewpoint_medium/aegis] [Warning]: datasets path /opt/LIBERO/libero/libero/../datasets does not exist!
[goal/viewpoint_medium/aegis] [Warning]: datasets path /opt/LIBERO/libero/libero/../datasets does not exist!
[goal/viewpoint_medium/aegis] [Warning]: datasets path /opt/LIBERO/libero/libero/../datasets does not exist!
[goal/viewpoint_medium/aegis] [Warning]: datasets path /opt/LIBERO/libero/libero/../datasets does not exist!
[goal/viewpoint_medium/aegis] [Warning]: datasets path /opt/LIBERO/libero/libero/../datasets does not exist!
[goal/viewpoint_medium/aegis] [Warning]: datasets path /opt/LIBERO/libero/libero/../datasets does not exist!
[goal/viewpoint_medium/aegis] [Warning]: datasets path /opt/LIBERO/libero/libero/../datasets does not exist!
[goal/viewpoint_medium/aegis] [Warning]: datasets path /opt/LIBERO/libero/libero/../datasets does not exist!
[goal/viewpoint_medium/aegis] [Warning]: datasets path /opt/LIBERO/libero/libero/../datasets does not exist!
[goal/viewpoint_medium/aegis] [Warning]: datasets path /opt/LIBERO/libero/libero/../datasets does not exist!
[goal/viewpoint_medium/aegis] [Warning]: datasets path /opt/LIBERO/libero/libero/../datasets does not exist!
[goal/viewpoint_medium/aegis] [Warning]: datasets path /opt/LIBERO/libero/libero/../datasets does not exist!
[goal/viewpoint_medium/aegis] [Warning]: datasets path /opt/LIBERO/libero/libero/../datasets does not exist!
[goal/viewpoint_medium/aegis] Built vec env | suite=libero_goal | task_id=1 | n_envs=10
[goal/texture_1/aegis] [libero_v] texture_1 t4: 10/10
[goal/texture_1/aegis] Creating LIBERO envs | suites=['libero_goal'] | n_envs(per task)=10 | init_states=True
[goal/texture_1/aegis] Restricting to task_ids=[5]
[goal/texture_1/aegis] [info] using task orders [0, 1, 2, 3, 4, 5, 6, 7, 8, 9]
[goal/texture_1/aegis] [Warning]: datasets path /opt/LIBERO/libero/libero/../datasets does not exist!
[goal/texture_1/aegis] [Warning]: datasets path /opt/LIBERO/libero/libero/../datasets does not exist!
[goal/texture_1/aegis] [Warning]: datasets path /opt/LIBERO/libero/libero/../datasets does not exist!
[goal/texture_1/aegis] [Warning]: datasets path /opt/LIBERO/libero/libero/../datasets does not exist!
[goal/texture_1/aegis] [Warning]: datasets path /opt/LIBERO/libero/libero/../datasets does not exist!
[goal/texture_1/aegis] [Warning]: datasets path /opt/LIBERO/libero/libero/../datasets does not exist!
[goal/texture_1/aegis] [Warning]: datasets path /opt/LIBERO/libero/libero/../datasets does not exist!
[goal/texture_1/aegis] [Warning]: datasets path /opt/LIBERO/libero/libero/../datasets does not exist!
[goal/texture_1/aegis] [Warning]: datasets path /opt/LIBERO/libero/libero/../datasets does not exist!
[goal/texture_1/aegis] [Warning]: datasets path /opt/LIBERO/libero/libero/../datasets does not exist!
[goal/texture_1/aegis] [Warning]: datasets path /opt/LIBERO/libero/libero/../datasets does not exist!
[goal/texture_1/aegis] [Warning]: datasets path /opt/LIBERO/libero/libero/../datasets does not exist!
[goal/texture_1/aegis] [Warning]: datasets path /opt/LIBERO/libero/libero/../datasets does not exist!
[goal/texture_1/aegis] [Warning]: datasets path /opt/LIBERO/libero/libero/../datasets does not exist!
[goal/texture_1/aegis] [Warning]: datasets path /opt/LIBERO/libero/libero/../datasets does not exist!
[goal/texture_1/aegis] [Warning]: datasets path /opt/LIBERO/libero/libero/../datasets does not exist!
[goal/texture_1/aegis] [Warning]: datasets path /opt/LIBERO/libero/libero/../datasets does not exist!
[goal/texture_1/aegis] [Warning]: datasets path /opt/LIBERO/libero/libero/../datasets does not exist!
[goal/texture_1/aegis] [Warning]: datasets path /opt/LIBERO/libero/libero/../datasets does not exist!
[goal/texture_1/aegis] [Warning]: datasets path /opt/LIBERO/libero/libero/../datasets does not exist!
[goal/texture_1/aegis] Built vec env | suite=libero_goal | task_id=5 | n_envs=10
[goal/viewpoint_medium/baseline] [libero_v] viewpoint_medium t2: 0/10
[goal/viewpoint_medium/baseline] Creating LIBERO envs | suites=['libero_goal'] | n_envs(per task)=10 | init_states=True
[goal/viewpoint_medium/baseline] Restricting to task_ids=[3]
[goal/viewpoint_medium/baseline] [info] using task orders [0, 1, 2, 3, 4, 5, 6, 7, 8, 9]
[goal/viewpoint_medium/baseline] [Warning]: datasets path /opt/LIBERO/libero/libero/../datasets does not exist!
[goal/viewpoint_medium/baseline] [Warning]: datasets path /opt/LIBERO/libero/libero/../datasets does not exist!
[goal/viewpoint_medium/baseline] [Warning]: datasets path /opt/LIBERO/libero/libero/../datasets does not exist!
[goal/viewpoint_medium/baseline] [Warning]: datasets path /opt/LIBERO/libero/libero/../datasets does not exist!
[goal/viewpoint_medium/baseline] [Warning]: datasets path /opt/LIBERO/libero/libero/../datasets does not exist!
[goal/viewpoint_medium/baseline] [Warning]: datasets path /opt/LIBERO/libero/libero/../datasets does not exist!
[goal/viewpoint_medium/baseline] [Warning]: datasets path /opt/LIBERO/libero/libero/../datasets does not exist!
[goal/viewpoint_medium/baseline] [Warning]: datasets path /opt/LIBERO/libero/libero/../datasets does not exist!
[goal/viewpoint_medium/baseline] [Warning]: datasets path /opt/LIBERO/libero/libero/../datasets does not exist!
[goal/viewpoint_medium/baseline] [Warning]: datasets path /opt/LIBERO/libero/libero/../datasets does not exist!
[goal/viewpoint_medium/baseline] [Warning]: datasets path /opt/LIBERO/libero/libero/../datasets does not exist!
[goal/viewpoint_medium/baseline] [Warning]: datasets path /opt/LIBERO/libero/libero/../datasets does not exist!
[goal/viewpoint_medium/baseline] [Warning]: datasets path /opt/LIBERO/libero/libero/../datasets does not exist!
[goal/viewpoint_medium/baseline] [Warning]: datasets path /opt/LIBERO/libero/libero/../datasets does not exist!
[goal/viewpoint_medium/baseline] [Warning]: datasets path /opt/LIBERO/libero/libero/../datasets does not exist!
[goal/viewpoint_medium/baseline] [Warning]: datasets path /opt/LIBERO/libero/libero/../datasets does not exist!
[goal/viewpoint_medium/baseline] [Warning]: datasets path /opt/LIBERO/libero/libero/../datasets does not exist!
[goal/viewpoint_medium/baseline] [Warning]: datasets path /opt/LIBERO/libero/libero/../datasets does not exist!
[goal/viewpoint_medium/baseline] [Warning]: datasets path /opt/LIBERO/libero/libero/../datasets does not exist!
[goal/viewpoint_medium/baseline] [Warning]: datasets path /opt/LIBERO/libero/libero/../datasets does not exist!
[object/lighting_1/baseline] [libero_v] lighting_1 t2: 7/10
[object/lighting_1/baseline] Creating LIBERO envs | suites=['libero_object'] | n_envs(per task)=10 | init_states=True
[object/lighting_1/baseline] Restricting to task_ids=[3]
[object/lighting_1/baseline] [info] using task orders [0, 1, 2, 3, 4, 5, 6, 7, 8, 9]
[object/lighting_1/baseline] [Warning]: datasets path /opt/LIBERO/libero/libero/../datasets does not exist!
[object/lighting_1/baseline] [Warning]: datasets path /opt/LIBERO/libero/libero/../datasets does not exist!
[goal/viewpoint_medium/baseline] Built vec env | suite=libero_goal | task_id=3 | n_envs=10
[object/lighting_1/baseline] [Warning]: datasets path /opt/LIBERO/libero/libero/../datasets does not exist!
[object/lighting_1/baseline] [Warning]: datasets path /opt/LIBERO/libero/libero/../datasets does not exist!
[object/lighting_1/baseline] [Warning]: datasets path /opt/LIBERO/libero/libero/../datasets does not exist!
[object/lighting_1/baseline] [Warning]: datasets path /opt/LIBERO/libero/libero/../datasets does not exist!
[object/lighting_1/baseline] [Warning]: datasets path /opt/LIBERO/libero/libero/../datasets does not exist!
[object/lighting_1/baseline] [Warning]: datasets path /opt/LIBERO/libero/libero/../datasets does not exist!
[object/lighting_1/baseline] [Warning]: datasets path /opt/LIBERO/libero/libero/../datasets does not exist!
[object/lighting_1/baseline] [Warning]: datasets path /opt/LIBERO/libero/libero/../datasets does not exist!
[object/lighting_1/baseline] [Warning]: datasets path /opt/LIBERO/libero/libero/../datasets does not exist!
[object/lighting_1/baseline] [Warning]: datasets path /opt/LIBERO/libero/libero/../datasets does not exist!
[object/lighting_1/baseline] [Warning]: datasets path /opt/LIBERO/libero/libero/../datasets does not exist!
[object/lighting_1/baseline] [Warning]: datasets path /opt/LIBERO/libero/libero/../datasets does not exist!
[object/lighting_1/baseline] [Warning]: datasets path /opt/LIBERO/libero/libero/../datasets does not exist!
[object/lighting_1/baseline] [Warning]: datasets path /opt/LIBERO/libero/libero/../datasets does not exist!
[object/lighting_1/baseline] [Warning]: datasets path /opt/LIBERO/libero/libero/../datasets does not exist!
[object/lighting_1/baseline] [Warning]: datasets path /opt/LIBERO/libero/libero/../datasets does not exist!
[object/lighting_1/baseline] [Warning]: datasets path /opt/LIBERO/libero/libero/../datasets does not exist!
[object/lighting_1/baseline] [Warning]: datasets path /opt/LIBERO/libero/libero/../datasets does not exist!
[object/lighting_1/baseline] Built vec env | suite=libero_object | task_id=3 | n_envs=10
[goal/lighting_1/baseline] [libero_v] lighting_1 t9: 3/10
[goal/lighting_1/baseline] [libero_v] == lighting_1: SR=80.0% [71.1,86.7] n=100
[goal/lighting_1/baseline] 
[goal/lighting_1/baseline] ==== LIBERO-V summary (baseline) ====
[goal/lighting_1/baseline]   lighting_1          80.0%  [71.1,86.7]  n=100
[goal/lighting_1/baseline]   AVG across conditions  80.0%
[cell DONE] goal/lighting_1/baseline rc=0 sr=80.0
[cell START] goal/viewpoint_large/baseline n_envs=10 tasks=0,1,2,3,4,5,6,7,8,9 ep=10 record=False
[goal/viewpoint_large/baseline] Loading  HuggingFaceTB/SmolVLM2-500M-Instruct weights ...
[goal/viewpoint_large/baseline] `torch_dtype` is deprecated! Use `dtype` instead!
[goal/texture_1/aegis] [libero_v] texture_1 t5: 8/10
[goal/texture_1/aegis] Creating LIBERO envs | suites=['libero_goal'] | n_envs(per task)=10 | init_states=True
[goal/texture_1/aegis] Restricting to task_ids=[6]
[goal/texture_1/aegis] [info] using task orders [0, 1, 2, 3, 4, 5, 6, 7, 8, 9]
[goal/texture_1/aegis] [Warning]: datasets path /opt/LIBERO/libero/libero/../datasets does not exist!
[goal/texture_1/aegis] [Warning]: datasets path /opt/LIBERO/libero/libero/../datasets does not exist!
[goal/viewpoint_large/baseline] Reducing the number of VLM layers to 16 ...
[goal/texture_1/aegis] [Warning]: datasets path /opt/LIBERO/libero/libero/../datasets does not exist!
[goal/texture_1/aegis] [Warning]: datasets path /opt/LIBERO/libero/libero/../datasets does not exist!
[goal/texture_1/aegis] [Warning]: datasets path /opt/LIBERO/libero/libero/../datasets does not exist!
[goal/texture_1/aegis] [Warning]: datasets path /opt/LIBERO/libero/libero/../datasets does not exist!
[goal/viewpoint_large/baseline] Loading weights from local directory
[goal/viewpoint_large/baseline] [libero_v] method=baseline  TE=True  n_action_steps=1  H=50 d=7
[goal/viewpoint_large/baseline] [robosuite WARNING] No private macro file found! (__init__.py:7)
[goal/viewpoint_large/baseline] WARNING:robosuite_logs:No private macro file found!
[goal/viewpoint_large/baseline] [robosuite WARNING] It is recommended to use a private macro file (__init__.py:8)
[goal/viewpoint_large/baseline] WARNING:robosuite_logs:It is recommended to use a private macro file
[goal/viewpoint_large/baseline] [robosuite WARNING] To setup, run: python /usr/local/lib/python3.11/site-packages/robosuite/scripts/setup_macros.py (__init__.py:9)
[goal/viewpoint_large/baseline] WARNING:robosuite_logs:To setup, run: python /usr/local/lib/python3.11/site-packages/robosuite/scripts/setup_macros.py
[goal/viewpoint_large/baseline] Gym has been unmaintained since 2022 and does not support NumPy 2.0 amongst other critical functionality.
[goal/viewpoint_large/baseline] Please upgrade to Gymnasium, the maintained drop-in replacement of Gym, or contact the authors of your software and request that they upgrade.
[goal/viewpoint_large/baseline] Users of this version of Gym should be able to simply replace 'import gym' with 'import gymnasium as gym' in the vast majority of cases.
[goal/viewpoint_large/baseline] See the migration guide at https://gymnasium.farama.org/introduction/migration_guide/ for additional information.
[goal/viewpoint_large/baseline] [info] using task orders [0, 1, 2, 3, 4, 5, 6, 7, 8, 9]
[goal/viewpoint_large/baseline] Creating LIBERO envs | suites=['libero_goal'] | n_envs(per task)=10 | init_states=True
[goal/viewpoint_large/baseline] Restricting to task_ids=[0]
[goal/viewpoint_large/baseline] [info] using task orders [0, 1, 2, 3, 4, 5, 6, 7, 8, 9]
[goal/viewpoint_large/baseline] [Warning]: datasets path /opt/LIBERO/libero/libero/../datasets does not exist!
[goal/viewpoint_large/baseline] [Warning]: datasets path /opt/LIBERO/libero/libero/../datasets does not exist!
[goal/texture_1/aegis] [Warning]: datasets path /opt/LIBERO/libero/libero/../datasets does not exist!
[goal/texture_1/aegis] [Warning]: datasets path /opt/LIBERO/libero/libero/../datasets does not exist!
[goal/texture_1/aegis] [Warning]: datasets path /opt/LIBERO/libero/libero/../datasets does not exist!
[goal/texture_1/aegis] [Warning]: datasets path /opt/LIBERO/libero/libero/../datasets does not exist!
[goal/viewpoint_large/baseline] [Warning]: datasets path /opt/LIBERO/libero/libero/../datasets does not exist!
[goal/viewpoint_large/baseline] [Warning]: datasets path /opt/LIBERO/libero/libero/../datasets does not exist!
[goal/texture_1/aegis] [Warning]: datasets path /opt/LIBERO/libero/libero/../datasets does not exist!
[goal/texture_1/aegis] [Warning]: datasets path /opt/LIBERO/libero/libero/../datasets does not exist!
[goal/viewpoint_large/baseline] [Warning]: datasets path /opt/LIBERO/libero/libero/../datasets does not exist!
[goal/viewpoint_large/baseline] [Warning]: datasets path /opt/LIBERO/libero/libero/../datasets does not exist!
[goal/texture_1/aegis] [Warning]: datasets path /opt/LIBERO/libero/libero/../datasets does not exist!
[goal/texture_1/aegis] [Warning]: datasets path /opt/LIBERO/libero/libero/../datasets does not exist!
[goal/viewpoint_large/baseline] [Warning]: datasets path /opt/LIBERO/libero/libero/../datasets does not exist!
[goal/viewpoint_large/baseline] [Warning]: datasets path /opt/LIBERO/libero/libero/../datasets does not exist!
[goal/texture_1/aegis] [Warning]: datasets path /opt/LIBERO/libero/libero/../datasets does not exist!
[goal/texture_1/aegis] [Warning]: datasets path /opt/LIBERO/libero/libero/../datasets does not exist!
[goal/viewpoint_large/baseline] [Warning]: datasets path /opt/LIBERO/libero/libero/../datasets does not exist!
[goal/viewpoint_large/baseline] [Warning]: datasets path /opt/LIBERO/libero/libero/../datasets does not exist!
[goal/texture_1/aegis] [Warning]: datasets path /opt/LIBERO/libero/libero/../datasets does not exist!
[goal/texture_1/aegis] [Warning]: datasets path /opt/LIBERO/libero/libero/../datasets does not exist!
[goal/viewpoint_large/baseline] [Warning]: datasets path /opt/LIBERO/libero/libero/../datasets does not exist!
[goal/viewpoint_large/baseline] [Warning]: datasets path /opt/LIBERO/libero/libero/../datasets does not exist!
[goal/texture_1/aegis] [Warning]: datasets path /opt/LIBERO/libero/libero/../datasets does not exist!
[goal/texture_1/aegis] [Warning]: datasets path /opt/LIBERO/libero/libero/../datasets does not exist!
[goal/viewpoint_large/baseline] [Warning]: datasets path /opt/LIBERO/libero/libero/../datasets does not exist!
[goal/viewpoint_large/baseline] [Warning]: datasets path /opt/LIBERO/libero/libero/../datasets does not exist!
[goal/texture_1/aegis] Built vec env | suite=libero_goal | task_id=6 | n_envs=10
[goal/viewpoint_large/baseline] [Warning]: datasets path /opt/LIBERO/libero/libero/../datasets does not exist!
[goal/viewpoint_large/baseline] [Warning]: datasets path /opt/LIBERO/libero/libero/../datasets does not exist!
[goal/viewpoint_large/baseline] [Warning]: datasets path /opt/LIBERO/libero/libero/../datasets does not exist!
[goal/viewpoint_large/baseline] [Warning]: datasets path /opt/LIBERO/libero/libero/../datasets does not exist!
[goal/viewpoint_large/baseline] [Warning]: datasets path /opt/LIBERO/libero/libero/../datasets does not exist!
[goal/viewpoint_large/baseline] [Warning]: datasets path /opt/LIBERO/libero/libero/../datasets does not exist!
[goal/viewpoint_large/baseline] Built vec env | suite=libero_goal | task_id=0 | n_envs=10
[goal/viewpoint_medium/aegis] [libero_v] viewpoint_medium t1: 5/10
[goal/viewpoint_medium/aegis] Creating LIBERO envs | suites=['libero_goal'] | n_envs(per task)=10 | init_states=True
[goal/viewpoint_medium/aegis] Restricting to task_ids=[2]
[goal/viewpoint_medium/aegis] [info] using task orders [0, 1, 2, 3, 4, 5, 6, 7, 8, 9]
[goal/viewpoint_medium/aegis] [Warning]: datasets path /opt/LIBERO/libero/libero/../datasets does not exist!
[goal/viewpoint_medium/aegis] [Warning]: datasets path /opt/LIBERO/libero/libero/../datasets does not exist!
[goal/viewpoint_medium/aegis] [Warning]: datasets path /opt/LIBERO/libero/libero/../datasets does not exist!
[goal/viewpoint_medium/aegis] [Warning]: datasets path /opt/LIBERO/libero/libero/../datasets does not exist!
[goal/viewpoint_medium/aegis] [Warning]: datasets path /opt/LIBERO/libero/libero/../datasets does not exist!
[goal/viewpoint_medium/aegis] [Warning]: datasets path /opt/LIBERO/libero/libero/../datasets does not exist!
[goal/viewpoint_medium/aegis] [Warning]: datasets path /opt/LIBERO/libero/libero/../datasets does not exist!
[goal/viewpoint_medium/aegis] [Warning]: datasets path /opt/LIBERO/libero/libero/../datasets does not exist!
[goal/viewpoint_medium/aegis] [Warning]: datasets path /opt/LIBERO/libero/libero/../datasets does not exist!
[goal/viewpoint_medium/aegis] [Warning]: datasets path /opt/LIBERO/libero/libero/../datasets does not exist!
[goal/viewpoint_medium/aegis] [Warning]: datasets path /opt/LIBERO/libero/libero/../datasets does not exist!
[goal/viewpoint_medium/aegis] [Warning]: datasets path /opt/LIBERO/libero/libero/../datasets does not exist!
[goal/viewpoint_medium/aegis] [Warning]: datasets path /opt/LIBERO/libero/libero/../datasets does not exist!
[goal/viewpoint_medium/aegis] [Warning]: datasets path /opt/LIBERO/libero/libero/../datasets does not exist!
[goal/viewpoint_medium/aegis] [Warning]: datasets path /opt/LIBERO/libero/libero/../datasets does not exist!
[goal/viewpoint_medium/aegis] [Warning]: datasets path /opt/LIBERO/libero/libero/../datasets does not exist!
[goal/viewpoint_medium/aegis] [Warning]: datasets path /opt/LIBERO/libero/libero/../datasets does not exist!
[goal/viewpoint_medium/aegis] [Warning]: datasets path /opt/LIBERO/libero/libero/../datasets does not exist!
[goal/viewpoint_medium/aegis] [Warning]: datasets path /opt/LIBERO/libero/libero/../datasets does not exist!
[goal/viewpoint_medium/aegis] [Warning]: datasets path /opt/LIBERO/libero/libero/../datasets does not exist!
[goal/viewpoint_medium/aegis] Built vec env | suite=libero_goal | task_id=2 | n_envs=10
[goal/lighting_1/aegis] [libero_v] lighting_1 t8: 7/10
[goal/lighting_1/aegis] Creating LIBERO envs | suites=['libero_goal'] | n_envs(per task)=10 | init_states=True
[goal/lighting_1/aegis] Restricting to task_ids=[9]
[goal/lighting_1/aegis] [info] using task orders [0, 1, 2, 3, 4, 5, 6, 7, 8, 9]
[goal/lighting_1/aegis] [Warning]: datasets path /opt/LIBERO/libero/libero/../datasets does not exist!
[goal/lighting_1/aegis] [Warning]: datasets path /opt/LIBERO/libero/libero/../datasets does not exist!
[goal/lighting_1/aegis] [Warning]: datasets path /opt/LIBERO/libero/libero/../datasets does not exist!
[goal/lighting_1/aegis] [Warning]: datasets path /opt/LIBERO/libero/libero/../datasets does not exist!
[goal/lighting_1/aegis] [Warning]: datasets path /opt/LIBERO/libero/libero/../datasets does not exist!
[goal/lighting_1/aegis] [Warning]: datasets path /opt/LIBERO/libero/libero/../datasets does not exist!
[goal/lighting_1/aegis] [Warning]: datasets path /opt/LIBERO/libero/libero/../datasets does not exist!
[goal/lighting_1/aegis] [Warning]: datasets path /opt/LIBERO/libero/libero/../datasets does not exist!
[goal/lighting_1/aegis] [Warning]: datasets path /opt/LIBERO/libero/libero/../datasets does not exist!
[goal/lighting_1/aegis] [Warning]: datasets path /opt/LIBERO/libero/libero/../datasets does not exist!
[goal/lighting_1/aegis] [Warning]: datasets path /opt/LIBERO/libero/libero/../datasets does not exist!
[goal/lighting_1/aegis] [Warning]: datasets path /opt/LIBERO/libero/libero/../datasets does not exist!
[goal/lighting_1/aegis] [Warning]: datasets path /opt/LIBERO/libero/libero/../datasets does not exist!
[goal/lighting_1/aegis] [Warning]: datasets path /opt/LIBERO/libero/libero/../datasets does not exist!
[goal/lighting_1/aegis] [Warning]: datasets path /opt/LIBERO/libero/libero/../datasets does not exist!
[goal/lighting_1/aegis] [Warning]: datasets path /opt/LIBERO/libero/libero/../datasets does not exist!
[goal/lighting_1/aegis] [Warning]: datasets path /opt/LIBERO/libero/libero/../datasets does not exist!
[goal/lighting_1/aegis] [Warning]: datasets path /opt/LIBERO/libero/libero/../datasets does not exist!
[goal/lighting_1/aegis] [Warning]: datasets path /opt/LIBERO/libero/libero/../datasets does not exist!
[goal/lighting_1/aegis] [Warning]: datasets path /opt/LIBERO/libero/libero/../datasets does not exist!
[goal/lighting_1/aegis] Built vec env | suite=libero_goal | task_id=9 | n_envs=10
[goal/viewpoint_medium/baseline] [libero_v] viewpoint_medium t3: 2/10
[goal/viewpoint_medium/baseline] Creating LIBERO envs | suites=['libero_goal'] | n_envs(per task)=10 | init_states=True
[goal/viewpoint_medium/baseline] Restricting to task_ids=[4]
[goal/viewpoint_medium/baseline] [info] using task orders [0, 1, 2, 3, 4, 5, 6, 7, 8, 9]
[goal/viewpoint_medium/baseline] [Warning]: datasets path /opt/LIBERO/libero/libero/../datasets does not exist!
[goal/viewpoint_medium/baseline] [Warning]: datasets path /opt/LIBERO/libero/libero/../datasets does not exist!
[goal/viewpoint_medium/baseline] [Warning]: datasets path /opt/LIBERO/libero/libero/../datasets does not exist!
[goal/viewpoint_medium/baseline] [Warning]: datasets path /opt/LIBERO/libero/libero/../datasets does not exist!
[goal/viewpoint_medium/baseline] [Warning]: datasets path /opt/LIBERO/libero/libero/../datasets does not exist!
[goal/viewpoint_medium/baseline] [Warning]: datasets path /opt/LIBERO/libero/libero/../datasets does not exist!
[goal/viewpoint_medium/baseline] [Warning]: datasets path /opt/LIBERO/libero/libero/../datasets does not exist!
[goal/viewpoint_medium/baseline] [Warning]: datasets path /opt/LIBERO/libero/libero/../datasets does not exist!
[goal/viewpoint_medium/baseline] [Warning]: datasets path /opt/LIBERO/libero/libero/../datasets does not exist!
[goal/viewpoint_medium/baseline] [Warning]: datasets path /opt/LIBERO/libero/libero/../datasets does not exist!
[goal/viewpoint_medium/baseline] [Warning]: datasets path /opt/LIBERO/libero/libero/../datasets does not exist!
[goal/viewpoint_medium/baseline] [Warning]: datasets path /opt/LIBERO/libero/libero/../datasets does not exist!
[goal/viewpoint_medium/baseline] [Warning]: datasets path /opt/LIBERO/libero/libero/../datasets does not exist!
[goal/viewpoint_medium/baseline] [Warning]: datasets path /opt/LIBERO/libero/libero/../datasets does not exist!
[goal/viewpoint_medium/baseline] [Warning]: datasets path /opt/LIBERO/libero/libero/../datasets does not exist!
[goal/viewpoint_medium/baseline] [Warning]: datasets path /opt/LIBERO/libero/libero/../datasets does not exist!
[goal/viewpoint_medium/baseline] [Warning]: datasets path /opt/LIBERO/libero/libero/../datasets does not exist!
[goal/viewpoint_medium/baseline] [Warning]: datasets path /opt/LIBERO/libero/libero/../datasets does not exist!
[goal/viewpoint_medium/baseline] [Warning]: datasets path /opt/LIBERO/libero/libero/../datasets does not exist!
[goal/viewpoint_medium/baseline] [Warning]: datasets path /opt/LIBERO/libero/libero/../datasets does not exist!
[goal/viewpoint_medium/baseline] Built vec env | suite=libero_goal | task_id=4 | n_envs=10
[goal/viewpoint_large/baseline] [libero_v] viewpoint_large t0: 0/10
[goal/viewpoint_large/baseline] Creating LIBERO envs | suites=['libero_goal'] | n_envs(per task)=10 | init_states=True
[goal/viewpoint_large/baseline] Restricting to task_ids=[1]
[goal/viewpoint_large/baseline] [info] using task orders [0, 1, 2, 3, 4, 5, 6, 7, 8, 9]
[goal/viewpoint_large/baseline] [Warning]: datasets path /opt/LIBERO/libero/libero/../datasets does not exist!
[goal/viewpoint_large/baseline] [Warning]: datasets path /opt/LIBERO/libero/libero/../datasets does not exist!
[goal/viewpoint_large/baseline] [Warning]: datasets path /opt/LIBERO/libero/libero/../datasets does not exist!
[goal/viewpoint_large/baseline] [Warning]: datasets path /opt/LIBERO/libero/libero/../datasets does not exist!
[goal/viewpoint_large/baseline] [Warning]: datasets path /opt/LIBERO/libero/libero/../datasets does not exist!
[goal/viewpoint_large/baseline] [Warning]: datasets path /opt/LIBERO/libero/libero/../datasets does not exist!
[goal/viewpoint_large/baseline] [Warning]: datasets path /opt/LIBERO/libero/libero/../datasets does not exist!
[goal/viewpoint_large/baseline] [Warning]: datasets path /opt/LIBERO/libero/libero/../datasets does not exist!
[goal/viewpoint_large/baseline] [Warning]: datasets path /opt/LIBERO/libero/libero/../datasets does not exist!
[goal/viewpoint_large/baseline] [Warning]: datasets path /opt/LIBERO/libero/libero/../datasets does not exist!
[goal/viewpoint_large/baseline] [Warning]: datasets path /opt/LIBERO/libero/libero/../datasets does not exist!
[goal/viewpoint_large/baseline] [Warning]: datasets path /opt/LIBERO/libero/libero/../datasets does not exist!
[goal/viewpoint_large/baseline] [Warning]: datasets path /opt/LIBERO/libero/libero/../datasets does not exist!
[goal/viewpoint_large/baseline] [Warning]: datasets path /opt/LIBERO/libero/libero/../datasets does not exist!
[goal/viewpoint_large/baseline] [Warning]: datasets path /opt/LIBERO/libero/libero/../datasets does not exist!
[goal/viewpoint_large/baseline] [Warning]: datasets path /opt/LIBERO/libero/libero/../datasets does not exist!
[goal/viewpoint_large/baseline] [Warning]: datasets path /opt/LIBERO/libero/libero/../datasets does not exist!
[goal/viewpoint_large/baseline] [Warning]: datasets path /opt/LIBERO/libero/libero/../datasets does not exist!
[goal/viewpoint_large/baseline] [Warning]: datasets path /opt/LIBERO/libero/libero/../datasets does not exist!
[goal/viewpoint_large/baseline] [Warning]: datasets path /opt/LIBERO/libero/libero/../datasets does not exist!
[goal/viewpoint_large/baseline] Built vec env | suite=libero_goal | task_id=1 | n_envs=10
[goal/texture_1/aegis] [libero_v] texture_1 t6: 9/10
[goal/texture_1/aegis] Creating LIBERO envs | suites=['libero_goal'] | n_envs(per task)=10 | init_states=True
[goal/texture_1/aegis] Restricting to task_ids=[7]
[goal/texture_1/aegis] [info] using task orders [0, 1, 2, 3, 4, 5, 6, 7, 8, 9]
[goal/texture_1/aegis] [Warning]: datasets path /opt/LIBERO/libero/libero/../datasets does not exist!
[goal/texture_1/aegis] [Warning]: datasets path /opt/LIBERO/libero/libero/../datasets does not exist!
[goal/texture_1/aegis] [Warning]: datasets path /opt/LIBERO/libero/libero/../datasets does not exist!
[goal/texture_1/aegis] [Warning]: datasets path /opt/LIBERO/libero/libero/../datasets does not exist!
[goal/texture_1/aegis] [Warning]: datasets path /opt/LIBERO/libero/libero/../datasets does not exist!
[goal/texture_1/aegis] [Warning]: datasets path /opt/LIBERO/libero/libero/../datasets does not exist!
[goal/texture_1/aegis] [Warning]: datasets path /opt/LIBERO/libero/libero/../datasets does not exist!
[goal/texture_1/aegis] [Warning]: datasets path /opt/LIBERO/libero/libero/../datasets does not exist!
[goal/texture_1/aegis] [Warning]: datasets path /opt/LIBERO/libero/libero/../datasets does not exist!
[goal/texture_1/aegis] [Warning]: datasets path /opt/LIBERO/libero/libero/../datasets does not exist!
[goal/texture_1/aegis] [Warning]: datasets path /opt/LIBERO/libero/libero/../datasets does not exist!
[goal/texture_1/aegis] [Warning]: datasets path /opt/LIBERO/libero/libero/../datasets does not exist!
[goal/texture_1/aegis] [Warning]: datasets path /opt/LIBERO/libero/libero/../datasets does not exist!
[goal/texture_1/aegis] [Warning]: datasets path /opt/LIBERO/libero/libero/../datasets does not exist!
[goal/texture_1/aegis] [Warning]: datasets path /opt/LIBERO/libero/libero/../datasets does not exist!
[goal/texture_1/aegis] [Warning]: datasets path /opt/LIBERO/libero/libero/../datasets does not exist!
[goal/texture_1/aegis] [Warning]: datasets path /opt/LIBERO/libero/libero/../datasets does not exist!
[goal/texture_1/aegis] [Warning]: datasets path /opt/LIBERO/libero/libero/../datasets does not exist!
[object/lighting_1/baseline] [libero_v] lighting_1 t3: 5/10
[object/lighting_1/baseline] Creating LIBERO envs | suites=['libero_object'] | n_envs(per task)=10 | init_states=True
[object/lighting_1/baseline] Restricting to task_ids=[4]
[object/lighting_1/baseline] [info] using task orders [0, 1, 2, 3, 4, 5, 6, 7, 8, 9]
[object/lighting_1/baseline] [Warning]: datasets path /opt/LIBERO/libero/libero/../datasets does not exist!
[object/lighting_1/baseline] [Warning]: datasets path /opt/LIBERO/libero/libero/../datasets does not exist!
[goal/texture_1/aegis] [Warning]: datasets path /opt/LIBERO/libero/libero/../datasets does not exist!
[goal/texture_1/aegis] [Warning]: datasets path /opt/LIBERO/libero/libero/../datasets does not exist!
[object/lighting_1/baseline] [Warning]: datasets path /opt/LIBERO/libero/libero/../datasets does not exist!
[object/lighting_1/baseline] [Warning]: datasets path /opt/LIBERO/libero/libero/../datasets does not exist!
[goal/texture_1/aegis] Built vec env | suite=libero_goal | task_id=7 | n_envs=10
[object/lighting_1/baseline] [Warning]: datasets path /opt/LIBERO/libero/libero/../datasets does not exist!
[object/lighting_1/baseline] [Warning]: datasets path /opt/LIBERO/libero/libero/../datasets does not exist!
[object/lighting_1/baseline] [Warning]: datasets path /opt/LIBERO/libero/libero/../datasets does not exist!
[object/lighting_1/baseline] [Warning]: datasets path /opt/LIBERO/libero/libero/../datasets does not exist!
[object/lighting_1/baseline] [Warning]: datasets path /opt/LIBERO/libero/libero/../datasets does not exist!
[object/lighting_1/baseline] [Warning]: datasets path /opt/LIBERO/libero/libero/../datasets does not exist!
[object/lighting_1/baseline] [Warning]: datasets path /opt/LIBERO/libero/libero/../datasets does not exist!
[object/lighting_1/baseline] [Warning]: datasets path /opt/LIBERO/libero/libero/../datasets does not exist!
[object/lighting_1/baseline] [Warning]: datasets path /opt/LIBERO/libero/libero/../datasets does not exist!
[object/lighting_1/baseline] [Warning]: datasets path /opt/LIBERO/libero/libero/../datasets does not exist!
[object/lighting_1/baseline] [Warning]: datasets path /opt/LIBERO/libero/libero/../datasets does not exist!
[object/lighting_1/baseline] [Warning]: datasets path /opt/LIBERO/libero/libero/../datasets does not exist!
[object/lighting_1/baseline] [Warning]: datasets path /opt/LIBERO/libero/libero/../datasets does not exist!
[object/lighting_1/baseline] [Warning]: datasets path /opt/LIBERO/libero/libero/../datasets does not exist!
[object/lighting_1/baseline] [Warning]: datasets path /opt/LIBERO/libero/libero/../datasets does not exist!
[object/lighting_1/baseline] [Warning]: datasets path /opt/LIBERO/libero/libero/../datasets does not exist!
[object/lighting_1/baseline] Built vec env | suite=libero_object | task_id=4 | n_envs=10
[goal/viewpoint_medium/baseline] [libero_v] viewpoint_medium t4: 3/10
[goal/viewpoint_medium/baseline] Creating LIBERO envs | suites=['libero_goal'] | n_envs(per task)=10 | init_states=True
[goal/viewpoint_medium/baseline] Restricting to task_ids=[5]
[goal/viewpoint_medium/baseline] [info] using task orders [0, 1, 2, 3, 4, 5, 6, 7, 8, 9]
[goal/viewpoint_medium/baseline] [Warning]: datasets path /opt/LIBERO/libero/libero/../datasets does not exist!
[goal/viewpoint_medium/baseline] [Warning]: datasets path /opt/LIBERO/libero/libero/../datasets does not exist!
[goal/viewpoint_medium/baseline] [Warning]: datasets path /opt/LIBERO/libero/libero/../datasets does not exist!
[goal/viewpoint_medium/baseline] [Warning]: datasets path /opt/LIBERO/libero/libero/../datasets does not exist!
[goal/viewpoint_medium/baseline] [Warning]: datasets path /opt/LIBERO/libero/libero/../datasets does not exist!
[goal/viewpoint_medium/baseline] [Warning]: datasets path /opt/LIBERO/libero/libero/../datasets does not exist!
[goal/viewpoint_medium/baseline] [Warning]: datasets path /opt/LIBERO/libero/libero/../datasets does not exist!
[goal/viewpoint_medium/baseline] [Warning]: datasets path /opt/LIBERO/libero/libero/../datasets does not exist!
[goal/viewpoint_medium/baseline] [Warning]: datasets path /opt/LIBERO/libero/libero/../datasets does not exist!
[goal/viewpoint_medium/baseline] [Warning]: datasets path /opt/LIBERO/libero/libero/../datasets does not exist!
[goal/viewpoint_medium/baseline] [Warning]: datasets path /opt/LIBERO/libero/libero/../datasets does not exist!
[goal/viewpoint_medium/baseline] [Warning]: datasets path /opt/LIBERO/libero/libero/../datasets does not exist!
[goal/viewpoint_medium/baseline] [Warning]: datasets path /opt/LIBERO/libero/libero/../datasets does not exist!
[goal/viewpoint_medium/baseline] [Warning]: datasets path /opt/LIBERO/libero/libero/../datasets does not exist!
[goal/viewpoint_medium/baseline] [Warning]: datasets path /opt/LIBERO/libero/libero/../datasets does not exist!
[goal/viewpoint_medium/baseline] [Warning]: datasets path /opt/LIBERO/libero/libero/../datasets does not exist!
[goal/texture_1/aegis] [libero_v] texture_1 t7: 10/10
[goal/texture_1/aegis] Creating LIBERO envs | suites=['libero_goal'] | n_envs(per task)=10 | init_states=True
[goal/texture_1/aegis] Restricting to task_ids=[8]
[goal/texture_1/aegis] [info] using task orders [0, 1, 2, 3, 4, 5, 6, 7, 8, 9]
[goal/texture_1/aegis] [Warning]: datasets path /opt/LIBERO/libero/libero/../datasets does not exist!
[goal/texture_1/aegis] [Warning]: datasets path /opt/LIBERO/libero/libero/../datasets does not exist!
[goal/viewpoint_medium/baseline] [Warning]: datasets path /opt/LIBERO/libero/libero/../datasets does not exist!
[goal/viewpoint_medium/baseline] [Warning]: datasets path /opt/LIBERO/libero/libero/../datasets does not exist!
[goal/texture_1/aegis] [Warning]: datasets path /opt/LIBERO/libero/libero/../datasets does not exist!
[goal/texture_1/aegis] [Warning]: datasets path /opt/LIBERO/libero/libero/../datasets does not exist!
[goal/viewpoint_medium/baseline] [Warning]: datasets path /opt/LIBERO/libero/libero/../datasets does not exist!
[goal/viewpoint_medium/baseline] [Warning]: datasets path /opt/LIBERO/libero/libero/../datasets does not exist!
[goal/texture_1/aegis] [Warning]: datasets path /opt/LIBERO/libero/libero/../datasets does not exist!
[goal/texture_1/aegis] [Warning]: datasets path /opt/LIBERO/libero/libero/../datasets does not exist!
[goal/viewpoint_medium/baseline] Built vec env | suite=libero_goal | task_id=5 | n_envs=10
[goal/texture_1/aegis] [Warning]: datasets path /opt/LIBERO/libero/libero/../datasets does not exist!
[goal/texture_1/aegis] [Warning]: datasets path /opt/LIBERO/libero/libero/../datasets does not exist!
[goal/texture_1/aegis] [Warning]: datasets path /opt/LIBERO/libero/libero/../datasets does not exist!
[goal/texture_1/aegis] [Warning]: datasets path /opt/LIBERO/libero/libero/../datasets does not exist!
[goal/texture_1/aegis] [Warning]: datasets path /opt/LIBERO/libero/libero/../datasets does not exist!
[goal/texture_1/aegis] [Warning]: datasets path /opt/LIBERO/libero/libero/../datasets does not exist!
[goal/texture_1/aegis] [Warning]: datasets path /opt/LIBERO/libero/libero/../datasets does not exist!
[goal/texture_1/aegis] [Warning]: datasets path /opt/LIBERO/libero/libero/../datasets does not exist!
[goal/texture_1/aegis] [Warning]: datasets path /opt/LIBERO/libero/libero/../datasets does not exist!
[goal/texture_1/aegis] [Warning]: datasets path /opt/LIBERO/libero/libero/../datasets does not exist!
[goal/texture_1/aegis] [Warning]: datasets path /opt/LIBERO/libero/libero/../datasets does not exist!
[goal/texture_1/aegis] [Warning]: datasets path /opt/LIBERO/libero/libero/../datasets does not exist!
[goal/texture_1/aegis] [Warning]: datasets path /opt/LIBERO/libero/libero/../datasets does not exist!
[goal/texture_1/aegis] [Warning]: datasets path /opt/LIBERO/libero/libero/../datasets does not exist!
[goal/texture_1/aegis] Built vec env | suite=libero_goal | task_id=8 | n_envs=10
[goal/viewpoint_large/baseline] [libero_v] viewpoint_large t1: 0/10
[goal/viewpoint_large/baseline] Creating LIBERO envs | suites=['libero_goal'] | n_envs(per task)=10 | init_states=True
[goal/viewpoint_large/baseline] Restricting to task_ids=[2]
[goal/viewpoint_large/baseline] [info] using task orders [0, 1, 2, 3, 4, 5, 6, 7, 8, 9]
[goal/viewpoint_large/baseline] [Warning]: datasets path /opt/LIBERO/libero/libero/../datasets does not exist!
[goal/viewpoint_large/baseline] [Warning]: datasets path /opt/LIBERO/libero/libero/../datasets does not exist!
[goal/viewpoint_large/baseline] [Warning]: datasets path /opt/LIBERO/libero/libero/../datasets does not exist!
[goal/viewpoint_large/baseline] [Warning]: datasets path /opt/LIBERO/libero/libero/../datasets does not exist!
[goal/viewpoint_large/baseline] [Warning]: datasets path /opt/LIBERO/libero/libero/../datasets does not exist!
[goal/viewpoint_large/baseline] [Warning]: datasets path /opt/LIBERO/libero/libero/../datasets does not exist!
[goal/viewpoint_large/baseline] [Warning]: datasets path /opt/LIBERO/libero/libero/../datasets does not exist!
[goal/viewpoint_large/baseline] [Warning]: datasets path /opt/LIBERO/libero/libero/../datasets does not exist!
[goal/viewpoint_large/baseline] [Warning]: datasets path /opt/LIBERO/libero/libero/../datasets does not exist!
[goal/viewpoint_large/baseline] [Warning]: datasets path /opt/LIBERO/libero/libero/../datasets does not exist!
[goal/viewpoint_large/baseline] [Warning]: datasets path /opt/LIBERO/libero/libero/../datasets does not exist!
[goal/viewpoint_large/baseline] [Warning]: datasets path /opt/LIBERO/libero/libero/../datasets does not exist!
[goal/viewpoint_large/baseline] [Warning]: datasets path /opt/LIBERO/libero/libero/../datasets does not exist!
[goal/viewpoint_large/baseline] [Warning]: datasets path /opt/LIBERO/libero/libero/../datasets does not exist!
[goal/viewpoint_large/baseline] [Warning]: datasets path /opt/LIBERO/libero/libero/../datasets does not exist!
[goal/viewpoint_large/baseline] [Warning]: datasets path /opt/LIBERO/libero/libero/../datasets does not exist!
[goal/viewpoint_large/baseline] [Warning]: datasets path /opt/LIBERO/libero/libero/../datasets does not exist!
[goal/viewpoint_large/baseline] [Warning]: datasets path /opt/LIBERO/libero/libero/../datasets does not exist!
[goal/viewpoint_large/baseline] [Warning]: datasets path /opt/LIBERO/libero/libero/../datasets does not exist!
[goal/viewpoint_large/baseline] [Warning]: datasets path /opt/LIBERO/libero/libero/../datasets does not exist!
[goal/viewpoint_medium/aegis] [libero_v] viewpoint_medium t2: 6/10
[goal/viewpoint_medium/aegis] Creating LIBERO envs | suites=['libero_goal'] | n_envs(per task)=10 | init_states=True
[goal/viewpoint_medium/aegis] Restricting to task_ids=[3]
[goal/viewpoint_medium/aegis] [info] using task orders [0, 1, 2, 3, 4, 5, 6, 7, 8, 9]
[goal/viewpoint_medium/aegis] [Warning]: datasets path /opt/LIBERO/libero/libero/../datasets does not exist!
[goal/viewpoint_medium/aegis] [Warning]: datasets path /opt/LIBERO/libero/libero/../datasets does not exist!
[goal/viewpoint_large/baseline] Built vec env | suite=libero_goal | task_id=2 | n_envs=10
[goal/viewpoint_medium/aegis] [Warning]: datasets path /opt/LIBERO/libero/libero/../datasets does not exist!
[goal/viewpoint_medium/aegis] [Warning]: datasets path /opt/LIBERO/libero/libero/../datasets does not exist!
[goal/viewpoint_medium/aegis] [Warning]: datasets path /opt/LIBERO/libero/libero/../datasets does not exist!
[goal/viewpoint_medium/aegis] [Warning]: datasets path /opt/LIBERO/libero/libero/../datasets does not exist!
[goal/viewpoint_medium/aegis] [Warning]: datasets path /opt/LIBERO/libero/libero/../datasets does not exist!
[goal/viewpoint_medium/aegis] [Warning]: datasets path /opt/LIBERO/libero/libero/../datasets does not exist!
[goal/texture_1/aegis] [libero_v] texture_1 t8: 10/10
[goal/texture_1/aegis] Creating LIBERO envs | suites=['libero_goal'] | n_envs(per task)=10 | init_states=True
[goal/texture_1/aegis] Restricting to task_ids=[9]
[goal/texture_1/aegis] [info] using task orders [0, 1, 2, 3, 4, 5, 6, 7, 8, 9]
[goal/texture_1/aegis] [Warning]: datasets path /opt/LIBERO/libero/libero/../datasets does not exist!
[goal/texture_1/aegis] [Warning]: datasets path /opt/LIBERO/libero/libero/../datasets does not exist!
[goal/viewpoint_medium/aegis] [Warning]: datasets path /opt/LIBERO/libero/libero/../datasets does not exist!
[goal/viewpoint_medium/aegis] [Warning]: datasets path /opt/LIBERO/libero/libero/../datasets does not exist!
[goal/texture_1/aegis] [Warning]: datasets path /opt/LIBERO/libero/libero/../datasets does not exist!
[goal/texture_1/aegis] [Warning]: datasets path /opt/LIBERO/libero/libero/../datasets does not exist!
[goal/texture_1/aegis] [Warning]: datasets path /opt/LIBERO/libero/libero/../datasets does not exist!
[goal/texture_1/aegis] [Warning]: datasets path /opt/LIBERO/libero/libero/../datasets does not exist!
[goal/viewpoint_medium/aegis] [Warning]: datasets path /opt/LIBERO/libero/libero/../datasets does not exist!
[goal/viewpoint_medium/aegis] [Warning]: datasets path /opt/LIBERO/libero/libero/../datasets does not exist!
[goal/texture_1/aegis] [Warning]: datasets path /opt/LIBERO/libero/libero/../datasets does not exist!
[goal/texture_1/aegis] [Warning]: datasets path /opt/LIBERO/libero/libero/../datasets does not exist!
[goal/viewpoint_medium/aegis] [Warning]: datasets path /opt/LIBERO/libero/libero/../datasets does not exist!
[goal/viewpoint_medium/aegis] [Warning]: datasets path /opt/LIBERO/libero/libero/../datasets does not exist!
[goal/texture_1/aegis] [Warning]: datasets path /opt/LIBERO/libero/libero/../datasets does not exist!
[goal/texture_1/aegis] [Warning]: datasets path /opt/LIBERO/libero/libero/../datasets does not exist!
[goal/texture_1/aegis] [Warning]: datasets path /opt/LIBERO/libero/libero/../datasets does not exist!
[goal/texture_1/aegis] [Warning]: datasets path /opt/LIBERO/libero/libero/../datasets does not exist!
[goal/viewpoint_medium/aegis] [Warning]: datasets path /opt/LIBERO/libero/libero/../datasets does not exist!
[goal/viewpoint_medium/aegis] [Warning]: datasets path /opt/LIBERO/libero/libero/../datasets does not exist!
[goal/texture_1/aegis] [Warning]: datasets path /opt/LIBERO/libero/libero/../datasets does not exist!
[goal/texture_1/aegis] [Warning]: datasets path /opt/LIBERO/libero/libero/../datasets does not exist!
[goal/viewpoint_medium/aegis] [Warning]: datasets path /opt/LIBERO/libero/libero/../datasets does not exist!
[goal/viewpoint_medium/aegis] [Warning]: datasets path /opt/LIBERO/libero/libero/../datasets does not exist!
[goal/texture_1/aegis] [Warning]: datasets path /opt/LIBERO/libero/libero/../datasets does not exist!
[goal/texture_1/aegis] [Warning]: datasets path /opt/LIBERO/libero/libero/../datasets does not exist!
[goal/texture_1/aegis] [Warning]: datasets path /opt/LIBERO/libero/libero/../datasets does not exist!
[goal/texture_1/aegis] [Warning]: datasets path /opt/LIBERO/libero/libero/../datasets does not exist!
[goal/viewpoint_medium/aegis] [Warning]: datasets path /opt/LIBERO/libero/libero/../datasets does not exist!
[goal/viewpoint_medium/aegis] [Warning]: datasets path /opt/LIBERO/libero/libero/../datasets does not exist!
[goal/texture_1/aegis] [Warning]: datasets path /opt/LIBERO/libero/libero/../datasets does not exist!
[goal/texture_1/aegis] [Warning]: datasets path /opt/LIBERO/libero/libero/../datasets does not exist!
[goal/viewpoint_medium/aegis] Built vec env | suite=libero_goal | task_id=3 | n_envs=10
[goal/texture_1/aegis] Built vec env | suite=libero_goal | task_id=9 | n_envs=10
[goal/lighting_1/aegis] [libero_v] lighting_1 t9: 8/10
[goal/lighting_1/aegis] [libero_v] == lighting_1: SR=82.0% [73.3,88.3] n=100
[goal/lighting_1/aegis] 
[goal/lighting_1/aegis] ==== LIBERO-V summary (aegis) ====
[goal/lighting_1/aegis]   lighting_1          82.0%  [73.3,88.3]  n=100
[goal/lighting_1/aegis]   AVG across conditions  82.0%
[cell DONE] goal/lighting_1/aegis rc=0 sr=82.0
[cell START] goal/viewpoint_large/aegis n_envs=10 tasks=0,1,2,3,4,5,6,7,8,9 ep=10 record=False
[goal/viewpoint_large/aegis] Loading  HuggingFaceTB/SmolVLM2-500M-Instruct weights ...
[goal/viewpoint_large/aegis] `torch_dtype` is deprecated! Use `dtype` instead!
[goal/viewpoint_large/aegis] Reducing the number of VLM layers to 16 ...
[goal/viewpoint_large/aegis] Loading weights from local directory
[goal/viewpoint_large/aegis] [rib] injected RobustIB  params=2.56M  d_z=512  fusion_coeff init=0.500 (vanilla at init)
[goal/viewpoint_large/aegis] [rib] loaded /assets/sib_vla/results/ib_on86/rib_on86.pt  fusion_coeff=0.500  step=3000
[goal/viewpoint_large/aegis] [libero_v] method=aegis  TE=True  n_action_steps=1  H=50 d=7
[goal/viewpoint_large/aegis] [robosuite WARNING] No private macro file found! (__init__.py:7)
[goal/viewpoint_large/aegis] WARNING:robosuite_logs:No private macro file found!
[goal/viewpoint_large/aegis] [robosuite WARNING] It is recommended to use a private macro file (__init__.py:8)
[goal/viewpoint_large/aegis] WARNING:robosuite_logs:It is recommended to use a private macro file
[goal/viewpoint_large/aegis] [robosuite WARNING] To setup, run: python /usr/local/lib/python3.11/site-packages/robosuite/scripts/setup_macros.py (__init__.py:9)
[goal/viewpoint_large/aegis] WARNING:robosuite_logs:To setup, run: python /usr/local/lib/python3.11/site-packages/robosuite/scripts/setup_macros.py
[goal/viewpoint_large/aegis] Gym has been unmaintained since 2022 and does not support NumPy 2.0 amongst other critical functionality.
[goal/viewpoint_large/aegis] Please upgrade to Gymnasium, the maintained drop-in replacement of Gym, or contact the authors of your software and request that they upgrade.
[goal/viewpoint_large/aegis] Users of this version of Gym should be able to simply replace 'import gym' with 'import gymnasium as gym' in the vast majority of cases.
[goal/viewpoint_large/aegis] See the migration guide at https://gymnasium.farama.org/introduction/migration_guide/ for additional information.
[goal/viewpoint_large/aegis] [info] using task orders [0, 1, 2, 3, 4, 5, 6, 7, 8, 9]
[goal/viewpoint_large/aegis] Creating LIBERO envs | suites=['libero_goal'] | n_envs(per task)=10 | init_states=True
[goal/viewpoint_large/aegis] Restricting to task_ids=[0]
[goal/viewpoint_large/aegis] [info] using task orders [0, 1, 2, 3, 4, 5, 6, 7, 8, 9]
[goal/viewpoint_large/aegis] [Warning]: datasets path /opt/LIBERO/libero/libero/../datasets does not exist!
[goal/viewpoint_large/aegis] [Warning]: datasets path /opt/LIBERO/libero/libero/../datasets does not exist!
[goal/viewpoint_large/aegis] [Warning]: datasets path /opt/LIBERO/libero/libero/../datasets does not exist!
[goal/viewpoint_large/aegis] [Warning]: datasets path /opt/LIBERO/libero/libero/../datasets does not exist!
[goal/viewpoint_large/aegis] [Warning]: datasets path /opt/LIBERO/libero/libero/../datasets does not exist!
[goal/viewpoint_large/aegis] [Warning]: datasets path /opt/LIBERO/libero/libero/../datasets does not exist!
[goal/viewpoint_large/aegis] [Warning]: datasets path /opt/LIBERO/libero/libero/../datasets does not exist!
[goal/viewpoint_large/aegis] [Warning]: datasets path /opt/LIBERO/libero/libero/../datasets does not exist!
[goal/viewpoint_large/aegis] [Warning]: datasets path /opt/LIBERO/libero/libero/../datasets does not exist!
[goal/viewpoint_large/aegis] [Warning]: datasets path /opt/LIBERO/libero/libero/../datasets does not exist!
[goal/viewpoint_large/aegis] [Warning]: datasets path /opt/LIBERO/libero/libero/../datasets does not exist!
[goal/viewpoint_large/aegis] [Warning]: datasets path /opt/LIBERO/libero/libero/../datasets does not exist!
[goal/viewpoint_large/aegis] [Warning]: datasets path /opt/LIBERO/libero/libero/../datasets does not exist!
[goal/viewpoint_large/aegis] [Warning]: datasets path /opt/LIBERO/libero/libero/../datasets does not exist!
[goal/viewpoint_large/aegis] [Warning]: datasets path /opt/LIBERO/libero/libero/../datasets does not exist!
[goal/viewpoint_large/aegis] [Warning]: datasets path /opt/LIBERO/libero/libero/../datasets does not exist!
[goal/viewpoint_large/aegis] [Warning]: datasets path /opt/LIBERO/libero/libero/../datasets does not exist!
[goal/viewpoint_large/aegis] [Warning]: datasets path /opt/LIBERO/libero/libero/../datasets does not exist!
[goal/viewpoint_large/aegis] [Warning]: datasets path /opt/LIBERO/libero/libero/../datasets does not exist!
[goal/viewpoint_large/aegis] [Warning]: datasets path /opt/LIBERO/libero/libero/../datasets does not exist!
[goal/viewpoint_large/aegis] Built vec env | suite=libero_goal | task_id=0 | n_envs=10
[goal/viewpoint_medium/baseline] [libero_v] viewpoint_medium t5: 2/10
[goal/viewpoint_medium/baseline] Creating LIBERO envs | suites=['libero_goal'] | n_envs(per task)=10 | init_states=True
[goal/viewpoint_medium/baseline] Restricting to task_ids=[6]
[goal/viewpoint_medium/baseline] [info] using task orders [0, 1, 2, 3, 4, 5, 6, 7, 8, 9]
[goal/viewpoint_medium/baseline] [Warning]: datasets path /opt/LIBERO/libero/libero/../datasets does not exist!
[goal/viewpoint_medium/baseline] [Warning]: datasets path /opt/LIBERO/libero/libero/../datasets does not exist!
[goal/viewpoint_medium/baseline] [Warning]: datasets path /opt/LIBERO/libero/libero/../datasets does not exist!
[goal/viewpoint_medium/baseline] [Warning]: datasets path /opt/LIBERO/libero/libero/../datasets does not exist!
[goal/viewpoint_medium/baseline] [Warning]: datasets path /opt/LIBERO/libero/libero/../datasets does not exist!
[goal/viewpoint_medium/baseline] [Warning]: datasets path /opt/LIBERO/libero/libero/../datasets does not exist!
[goal/viewpoint_medium/baseline] [Warning]: datasets path /opt/LIBERO/libero/libero/../datasets does not exist!
[goal/viewpoint_medium/baseline] [Warning]: datasets path /opt/LIBERO/libero/libero/../datasets does not exist!
[goal/viewpoint_medium/baseline] [Warning]: datasets path /opt/LIBERO/libero/libero/../datasets does not exist!
[goal/viewpoint_medium/baseline] [Warning]: datasets path /opt/LIBERO/libero/libero/../datasets does not exist!
[goal/viewpoint_medium/baseline] [Warning]: datasets path /opt/LIBERO/libero/libero/../datasets does not exist!
[goal/viewpoint_medium/baseline] [Warning]: datasets path /opt/LIBERO/libero/libero/../datasets does not exist!
[goal/viewpoint_medium/baseline] [Warning]: datasets path /opt/LIBERO/libero/libero/../datasets does not exist!
[goal/viewpoint_medium/baseline] [Warning]: datasets path /opt/LIBERO/libero/libero/../datasets does not exist!
[goal/viewpoint_medium/baseline] [Warning]: datasets path /opt/LIBERO/libero/libero/../datasets does not exist!
[goal/viewpoint_medium/baseline] [Warning]: datasets path /opt/LIBERO/libero/libero/../datasets does not exist!
[goal/viewpoint_medium/baseline] [Warning]: datasets path /opt/LIBERO/libero/libero/../datasets does not exist!
[goal/viewpoint_medium/baseline] [Warning]: datasets path /opt/LIBERO/libero/libero/../datasets does not exist!
[goal/viewpoint_medium/baseline] [Warning]: datasets path /opt/LIBERO/libero/libero/../datasets does not exist!
[goal/viewpoint_medium/baseline] [Warning]: datasets path /opt/LIBERO/libero/libero/../datasets does not exist!
[goal/viewpoint_medium/baseline] Built vec env | suite=libero_goal | task_id=6 | n_envs=10
[goal/texture_1/aegis] [libero_v] texture_1 t9: 10/10
[goal/texture_1/aegis] [libero_v] == texture_1: SR=93.0% [86.3,96.6] n=100
[goal/texture_1/aegis] 
[goal/texture_1/aegis] ==== LIBERO-V summary (aegis) ====
[goal/texture_1/aegis]   texture_1           93.0%  [86.3,96.6]  n=100
[goal/texture_1/aegis]   AVG across conditions  93.0%
[cell DONE] goal/texture_1/aegis rc=0 sr=93.0
[object/lighting_1/baseline] [libero_v] lighting_1 t4: 5/10
[object/lighting_1/baseline] Creating LIBERO envs | suites=['libero_object'] | n_envs(per task)=10 | init_states=True
[object/lighting_1/baseline] Restricting to task_ids=[5]
[object/lighting_1/baseline] [info] using task orders [0, 1, 2, 3, 4, 5, 6, 7, 8, 9]
[object/lighting_1/baseline] [Warning]: datasets path /opt/LIBERO/libero/libero/../datasets does not exist!
[object/lighting_1/baseline] [Warning]: datasets path /opt/LIBERO/libero/libero/../datasets does not exist!
[object/lighting_1/baseline] [Warning]: datasets path /opt/LIBERO/libero/libero/../datasets does not exist!
[object/lighting_1/baseline] [Warning]: datasets path /opt/LIBERO/libero/libero/../datasets does not exist!
[object/lighting_1/baseline] [Warning]: datasets path /opt/LIBERO/libero/libero/../datasets does not exist!
[object/lighting_1/baseline] [Warning]: datasets path /opt/LIBERO/libero/libero/../datasets does not exist!
[object/lighting_1/baseline] [Warning]: datasets path /opt/LIBERO/libero/libero/../datasets does not exist!
[object/lighting_1/baseline] [Warning]: datasets path /opt/LIBERO/libero/libero/../datasets does not exist!
[object/lighting_1/baseline] [Warning]: datasets path /opt/LIBERO/libero/libero/../datasets does not exist!
[object/lighting_1/baseline] [Warning]: datasets path /opt/LIBERO/libero/libero/../datasets does not exist!
[object/lighting_1/baseline] [Warning]: datasets path /opt/LIBERO/libero/libero/../datasets does not exist!
[object/lighting_1/baseline] [Warning]: datasets path /opt/LIBERO/libero/libero/../datasets does not exist!
[object/lighting_1/baseline] [Warning]: datasets path /opt/LIBERO/libero/libero/../datasets does not exist!
[object/lighting_1/baseline] [Warning]: datasets path /opt/LIBERO/libero/libero/../datasets does not exist!
[object/lighting_1/baseline] [Warning]: datasets path /opt/LIBERO/libero/libero/../datasets does not exist!
[object/lighting_1/baseline] [Warning]: datasets path /opt/LIBERO/libero/libero/../datasets does not exist!
[object/lighting_1/baseline] [Warning]: datasets path /opt/LIBERO/libero/libero/../datasets does not exist!
[object/lighting_1/baseline] [Warning]: datasets path /opt/LIBERO/libero/libero/../datasets does not exist!
[object/lighting_1/baseline] [Warning]: datasets path /opt/LIBERO/libero/libero/../datasets does not exist!
[object/lighting_1/baseline] [Warning]: datasets path /opt/LIBERO/libero/libero/../datasets does not exist!
[object/lighting_1/baseline] Built vec env | suite=libero_object | task_id=5 | n_envs=10
[goal/viewpoint_large/baseline] [libero_v] viewpoint_large t2: 0/10
[goal/viewpoint_large/baseline] Creating LIBERO envs | suites=['libero_goal'] | n_envs(per task)=10 | init_states=True
[goal/viewpoint_large/baseline] Restricting to task_ids=[3]
[goal/viewpoint_large/baseline] [info] using task orders [0, 1, 2, 3, 4, 5, 6, 7, 8, 9]
[goal/viewpoint_large/baseline] [Warning]: datasets path /opt/LIBERO/libero/libero/../datasets does not exist!
[goal/viewpoint_large/baseline] [Warning]: datasets path /opt/LIBERO/libero/libero/../datasets does not exist!
[goal/viewpoint_large/baseline] [Warning]: datasets path /opt/LIBERO/libero/libero/../datasets does not exist!
[goal/viewpoint_large/baseline] [Warning]: datasets path /opt/LIBERO/libero/libero/../datasets does not exist!
[goal/viewpoint_large/baseline] [Warning]: datasets path /opt/LIBERO/libero/libero/../datasets does not exist!
[goal/viewpoint_large/baseline] [Warning]: datasets path /opt/LIBERO/libero/libero/../datasets does not exist!
[goal/viewpoint_large/baseline] [Warning]: datasets path /opt/LIBERO/libero/libero/../datasets does not exist!
[goal/viewpoint_large/baseline] [Warning]: datasets path /opt/LIBERO/libero/libero/../datasets does not exist!
[goal/viewpoint_large/baseline] [Warning]: datasets path /opt/LIBERO/libero/libero/../datasets does not exist!
[goal/viewpoint_large/baseline] [Warning]: datasets path /opt/LIBERO/libero/libero/../datasets does not exist!
[goal/viewpoint_large/baseline] [Warning]: datasets path /opt/LIBERO/libero/libero/../datasets does not exist!
[goal/viewpoint_large/baseline] [Warning]: datasets path /opt/LIBERO/libero/libero/../datasets does not exist!
[goal/viewpoint_large/baseline] [Warning]: datasets path /opt/LIBERO/libero/libero/../datasets does not exist!
[goal/viewpoint_large/baseline] [Warning]: datasets path /opt/LIBERO/libero/libero/../datasets does not exist!
[goal/viewpoint_large/baseline] [Warning]: datasets path /opt/LIBERO/libero/libero/../datasets does not exist!
[goal/viewpoint_large/baseline] [Warning]: datasets path /opt/LIBERO/libero/libero/../datasets does not exist!
[goal/viewpoint_large/baseline] [Warning]: datasets path /opt/LIBERO/libero/libero/../datasets does not exist!
[goal/viewpoint_large/baseline] [Warning]: datasets path /opt/LIBERO/libero/libero/../datasets does not exist!
[goal/viewpoint_large/baseline] [Warning]: datasets path /opt/LIBERO/libero/libero/../datasets does not exist!
[goal/viewpoint_large/baseline] [Warning]: datasets path /opt/LIBERO/libero/libero/../datasets does not exist!
[goal/viewpoint_large/baseline] Built vec env | suite=libero_goal | task_id=3 | n_envs=10
[goal/viewpoint_large/aegis] [libero_v] viewpoint_large t0: 0/10
[goal/viewpoint_large/aegis] Creating LIBERO envs | suites=['libero_goal'] | n_envs(per task)=10 | init_states=True
[goal/viewpoint_large/aegis] Restricting to task_ids=[1]
[goal/viewpoint_large/aegis] [info] using task orders [0, 1, 2, 3, 4, 5, 6, 7, 8, 9]
[goal/viewpoint_large/aegis] [Warning]: datasets path /opt/LIBERO/libero/libero/../datasets does not exist!
[goal/viewpoint_large/aegis] [Warning]: datasets path /opt/LIBERO/libero/libero/../datasets does not exist!
[goal/viewpoint_large/aegis] [Warning]: datasets path /opt/LIBERO/libero/libero/../datasets does not exist!
[goal/viewpoint_large/aegis] [Warning]: datasets path /opt/LIBERO/libero/libero/../datasets does not exist!
[goal/viewpoint_large/aegis] [Warning]: datasets path /opt/LIBERO/libero/libero/../datasets does not exist!
[goal/viewpoint_large/aegis] [Warning]: datasets path /opt/LIBERO/libero/libero/../datasets does not exist!
[goal/viewpoint_large/aegis] [Warning]: datasets path /opt/LIBERO/libero/libero/../datasets does not exist!
[goal/viewpoint_large/aegis] [Warning]: datasets path /opt/LIBERO/libero/libero/../datasets does not exist!
[goal/viewpoint_large/aegis] [Warning]: datasets path /opt/LIBERO/libero/libero/../datasets does not exist!
[goal/viewpoint_large/aegis] [Warning]: datasets path /opt/LIBERO/libero/libero/../datasets does not exist!
[goal/viewpoint_large/aegis] [Warning]: datasets path /opt/LIBERO/libero/libero/../datasets does not exist!
[goal/viewpoint_large/aegis] [Warning]: datasets path /opt/LIBERO/libero/libero/../datasets does not exist!
[goal/viewpoint_large/aegis] [Warning]: datasets path /opt/LIBERO/libero/libero/../datasets does not exist!
[goal/viewpoint_large/aegis] [Warning]: datasets path /opt/LIBERO/libero/libero/../datasets does not exist!
[goal/viewpoint_large/aegis] [Warning]: datasets path /opt/LIBERO/libero/libero/../datasets does not exist!
[goal/viewpoint_large/aegis] [Warning]: datasets path /opt/LIBERO/libero/libero/../datasets does not exist!
[goal/viewpoint_large/aegis] [Warning]: datasets path /opt/LIBERO/libero/libero/../datasets does not exist!
[goal/viewpoint_large/aegis] [Warning]: datasets path /opt/LIBERO/libero/libero/../datasets does not exist!
[goal/viewpoint_large/aegis] [Warning]: datasets path /opt/LIBERO/libero/libero/../datasets does not exist!
[goal/viewpoint_large/aegis] [Warning]: datasets path /opt/LIBERO/libero/libero/../datasets does not exist!
[goal/viewpoint_large/aegis] Built vec env | suite=libero_goal | task_id=1 | n_envs=10
[goal/viewpoint_medium/baseline] [libero_v] viewpoint_medium t6: 0/10
[goal/viewpoint_medium/baseline] Creating LIBERO envs | suites=['libero_goal'] | n_envs(per task)=10 | init_states=True
[goal/viewpoint_medium/baseline] Restricting to task_ids=[7]
[goal/viewpoint_medium/baseline] [info] using task orders [0, 1, 2, 3, 4, 5, 6, 7, 8, 9]
[goal/viewpoint_medium/baseline] [Warning]: datasets path /opt/LIBERO/libero/libero/../datasets does not exist!
[goal/viewpoint_medium/baseline] [Warning]: datasets path /opt/LIBERO/libero/libero/../datasets does not exist!
[goal/viewpoint_medium/baseline] [Warning]: datasets path /opt/LIBERO/libero/libero/../datasets does not exist!
[goal/viewpoint_medium/baseline] [Warning]: datasets path /opt/LIBERO/libero/libero/../datasets does not exist!
[goal/viewpoint_medium/baseline] [Warning]: datasets path /opt/LIBERO/libero/libero/../datasets does not exist!
[goal/viewpoint_medium/baseline] [Warning]: datasets path /opt/LIBERO/libero/libero/../datasets does not exist!
[goal/viewpoint_medium/baseline] [Warning]: datasets path /opt/LIBERO/libero/libero/../datasets does not exist!
[goal/viewpoint_medium/baseline] [Warning]: datasets path /opt/LIBERO/libero/libero/../datasets does not exist!
[goal/viewpoint_medium/baseline] [Warning]: datasets path /opt/LIBERO/libero/libero/../datasets does not exist!
[goal/viewpoint_medium/baseline] [Warning]: datasets path /opt/LIBERO/libero/libero/../datasets does not exist!
[goal/viewpoint_medium/baseline] [Warning]: datasets path /opt/LIBERO/libero/libero/../datasets does not exist!
[goal/viewpoint_medium/baseline] [Warning]: datasets path /opt/LIBERO/libero/libero/../datasets does not exist!
[goal/viewpoint_medium/baseline] [Warning]: datasets path /opt/LIBERO/libero/libero/../datasets does not exist!
[goal/viewpoint_medium/baseline] [Warning]: datasets path /opt/LIBERO/libero/libero/../datasets does not exist!
[goal/viewpoint_medium/aegis] [libero_v] viewpoint_medium t3: 2/10
[goal/viewpoint_medium/aegis] Creating LIBERO envs | suites=['libero_goal'] | n_envs(per task)=10 | init_states=True
[goal/viewpoint_medium/aegis] Restricting to task_ids=[4]
[goal/viewpoint_medium/aegis] [info] using task orders [0, 1, 2, 3, 4, 5, 6, 7, 8, 9]
[goal/viewpoint_medium/aegis] [Warning]: datasets path /opt/LIBERO/libero/libero/../datasets does not exist!
[goal/viewpoint_medium/aegis] [Warning]: datasets path /opt/LIBERO/libero/libero/../datasets does not exist!
[goal/viewpoint_medium/baseline] [Warning]: datasets path /opt/LIBERO/libero/libero/../datasets does not exist!
[goal/viewpoint_medium/baseline] [Warning]: datasets path /opt/LIBERO/libero/libero/../datasets does not exist!
[goal/viewpoint_medium/baseline] [Warning]: datasets path /opt/LIBERO/libero/libero/../datasets does not exist!
[goal/viewpoint_medium/baseline] [Warning]: datasets path /opt/LIBERO/libero/libero/../datasets does not exist!
[goal/viewpoint_medium/aegis] [Warning]: datasets path /opt/LIBERO/libero/libero/../datasets does not exist!
[goal/viewpoint_medium/aegis] [Warning]: datasets path /opt/LIBERO/libero/libero/../datasets does not exist!
[goal/viewpoint_medium/baseline] [Warning]: datasets path /opt/LIBERO/libero/libero/../datasets does not exist!
[goal/viewpoint_medium/baseline] [Warning]: datasets path /opt/LIBERO/libero/libero/../datasets does not exist!
[goal/viewpoint_medium/aegis] [Warning]: datasets path /opt/LIBERO/libero/libero/../datasets does not exist!
[goal/viewpoint_medium/aegis] [Warning]: datasets path /opt/LIBERO/libero/libero/../datasets does not exist!
[goal/viewpoint_medium/baseline] Built vec env | suite=libero_goal | task_id=7 | n_envs=10
[goal/viewpoint_medium/aegis] [Warning]: datasets path /opt/LIBERO/libero/libero/../datasets does not exist!
[goal/viewpoint_medium/aegis] [Warning]: datasets path /opt/LIBERO/libero/libero/../datasets does not exist!
[goal/viewpoint_medium/aegis] [Warning]: datasets path /opt/LIBERO/libero/libero/../datasets does not exist!
[goal/viewpoint_medium/aegis] [Warning]: datasets path /opt/LIBERO/libero/libero/../datasets does not exist!
[goal/viewpoint_medium/aegis] [Warning]: datasets path /opt/LIBERO/libero/libero/../datasets does not exist!
[goal/viewpoint_medium/aegis] [Warning]: datasets path /opt/LIBERO/libero/libero/../datasets does not exist!
[goal/viewpoint_medium/aegis] [Warning]: datasets path /opt/LIBERO/libero/libero/../datasets does not exist!
[goal/viewpoint_medium/aegis] [Warning]: datasets path /opt/LIBERO/libero/libero/../datasets does not exist!
[goal/viewpoint_medium/aegis] [Warning]: datasets path /opt/LIBERO/libero/libero/../datasets does not exist!
[goal/viewpoint_medium/aegis] [Warning]: datasets path /opt/LIBERO/libero/libero/../datasets does not exist!
[goal/viewpoint_medium/aegis] [Warning]: datasets path /opt/LIBERO/libero/libero/../datasets does not exist!
[goal/viewpoint_medium/aegis] [Warning]: datasets path /opt/LIBERO/libero/libero/../datasets does not exist!
[goal/viewpoint_medium/aegis] [Warning]: datasets path /opt/LIBERO/libero/libero/../datasets does not exist!
[goal/viewpoint_medium/aegis] [Warning]: datasets path /opt/LIBERO/libero/libero/../datasets does not exist!
[goal/viewpoint_medium/aegis] Built vec env | suite=libero_goal | task_id=4 | n_envs=10
[goal/viewpoint_large/baseline] [libero_v] viewpoint_large t3: 0/10
[goal/viewpoint_large/baseline] Creating LIBERO envs | suites=['libero_goal'] | n_envs(per task)=10 | init_states=True
[goal/viewpoint_large/baseline] Restricting to task_ids=[4]
[goal/viewpoint_large/baseline] [info] using task orders [0, 1, 2, 3, 4, 5, 6, 7, 8, 9]
[goal/viewpoint_large/baseline] [Warning]: datasets path /opt/LIBERO/libero/libero/../datasets does not exist!
[goal/viewpoint_large/baseline] [Warning]: datasets path /opt/LIBERO/libero/libero/../datasets does not exist!
[goal/viewpoint_large/baseline] [Warning]: datasets path /opt/LIBERO/libero/libero/../datasets does not exist!
[goal/viewpoint_large/baseline] [Warning]: datasets path /opt/LIBERO/libero/libero/../datasets does not exist!
[goal/viewpoint_large/baseline] [Warning]: datasets path /opt/LIBERO/libero/libero/../datasets does not exist!
[goal/viewpoint_large/baseline] [Warning]: datasets path /opt/LIBERO/libero/libero/../datasets does not exist!
[goal/viewpoint_large/baseline] [Warning]: datasets path /opt/LIBERO/libero/libero/../datasets does not exist!
[goal/viewpoint_large/baseline] [Warning]: datasets path /opt/LIBERO/libero/libero/../datasets does not exist!
[goal/viewpoint_large/baseline] [Warning]: datasets path /opt/LIBERO/libero/libero/../datasets does not exist!
[goal/viewpoint_large/baseline] [Warning]: datasets path /opt/LIBERO/libero/libero/../datasets does not exist!
[goal/viewpoint_large/baseline] [Warning]: datasets path /opt/LIBERO/libero/libero/../datasets does not exist!
[goal/viewpoint_large/baseline] [Warning]: datasets path /opt/LIBERO/libero/libero/../datasets does not exist!
[goal/viewpoint_large/baseline] [Warning]: datasets path /opt/LIBERO/libero/libero/../datasets does not exist!
[goal/viewpoint_large/baseline] [Warning]: datasets path /opt/LIBERO/libero/libero/../datasets does not exist!
[goal/viewpoint_large/baseline] [Warning]: datasets path /opt/LIBERO/libero/libero/../datasets does not exist!
[goal/viewpoint_large/baseline] [Warning]: datasets path /opt/LIBERO/libero/libero/../datasets does not exist!
[goal/viewpoint_large/baseline] [Warning]: datasets path /opt/LIBERO/libero/libero/../datasets does not exist!
[goal/viewpoint_large/baseline] [Warning]: datasets path /opt/LIBERO/libero/libero/../datasets does not exist!
[goal/viewpoint_large/baseline] [Warning]: datasets path /opt/LIBERO/libero/libero/../datasets does not exist!
[goal/viewpoint_large/baseline] [Warning]: datasets path /opt/LIBERO/libero/libero/../datasets does not exist!
[goal/viewpoint_large/baseline] Built vec env | suite=libero_goal | task_id=4 | n_envs=10
[goal/viewpoint_large/aegis] [libero_v] viewpoint_large t1: 2/10
[goal/viewpoint_large/aegis] Creating LIBERO envs | suites=['libero_goal'] | n_envs(per task)=10 | init_states=True
[goal/viewpoint_large/aegis] Restricting to task_ids=[2]
[goal/viewpoint_large/aegis] [info] using task orders [0, 1, 2, 3, 4, 5, 6, 7, 8, 9]
[goal/viewpoint_large/aegis] [Warning]: datasets path /opt/LIBERO/libero/libero/../datasets does not exist!
[goal/viewpoint_large/aegis] [Warning]: datasets path /opt/LIBERO/libero/libero/../datasets does not exist!
[goal/viewpoint_large/aegis] [Warning]: datasets path /opt/LIBERO/libero/libero/../datasets does not exist!
[goal/viewpoint_large/aegis] [Warning]: datasets path /opt/LIBERO/libero/libero/../datasets does not exist!
[goal/viewpoint_large/aegis] [Warning]: datasets path /opt/LIBERO/libero/libero/../datasets does not exist!
[goal/viewpoint_large/aegis] [Warning]: datasets path /opt/LIBERO/libero/libero/../datasets does not exist!
[goal/viewpoint_large/aegis] [Warning]: datasets path /opt/LIBERO/libero/libero/../datasets does not exist!
[goal/viewpoint_large/aegis] [Warning]: datasets path /opt/LIBERO/libero/libero/../datasets does not exist!
[goal/viewpoint_large/aegis] [Warning]: datasets path /opt/LIBERO/libero/libero/../datasets does not exist!
[goal/viewpoint_large/aegis] [Warning]: datasets path /opt/LIBERO/libero/libero/../datasets does not exist!
[goal/viewpoint_large/aegis] [Warning]: datasets path /opt/LIBERO/libero/libero/../datasets does not exist!
[goal/viewpoint_large/aegis] [Warning]: datasets path /opt/LIBERO/libero/libero/../datasets does not exist!
[goal/viewpoint_large/aegis] [Warning]: datasets path /opt/LIBERO/libero/libero/../datasets does not exist!
[goal/viewpoint_large/aegis] [Warning]: datasets path /opt/LIBERO/libero/libero/../datasets does not exist!
[goal/viewpoint_large/aegis] [Warning]: datasets path /opt/LIBERO/libero/libero/../datasets does not exist!
[goal/viewpoint_large/aegis] [Warning]: datasets path /opt/LIBERO/libero/libero/../datasets does not exist!
[goal/viewpoint_large/aegis] [Warning]: datasets path /opt/LIBERO/libero/libero/../datasets does not exist!
[goal/viewpoint_large/aegis] [Warning]: datasets path /opt/LIBERO/libero/libero/../datasets does not exist!
[goal/viewpoint_large/aegis] [Warning]: datasets path /opt/LIBERO/libero/libero/../datasets does not exist!
[goal/viewpoint_large/aegis] [Warning]: datasets path /opt/LIBERO/libero/libero/../datasets does not exist!
[goal/viewpoint_large/aegis] Built vec env | suite=libero_goal | task_id=2 | n_envs=10
[goal/viewpoint_medium/aegis] [libero_v] viewpoint_medium t4: 10/10
[goal/viewpoint_medium/aegis] Creating LIBERO envs | suites=['libero_goal'] | n_envs(per task)=10 | init_states=True
[goal/viewpoint_medium/aegis] Restricting to task_ids=[5]
[goal/viewpoint_medium/aegis] [info] using task orders [0, 1, 2, 3, 4, 5, 6, 7, 8, 9]
[goal/viewpoint_medium/aegis] [Warning]: datasets path /opt/LIBERO/libero/libero/../datasets does not exist!
[goal/viewpoint_medium/aegis] [Warning]: datasets path /opt/LIBERO/libero/libero/../datasets does not exist!
[goal/viewpoint_medium/aegis] [Warning]: datasets path /opt/LIBERO/libero/libero/../datasets does not exist!
[goal/viewpoint_medium/aegis] [Warning]: datasets path /opt/LIBERO/libero/libero/../datasets does not exist!
[goal/viewpoint_medium/aegis] [Warning]: datasets path /opt/LIBERO/libero/libero/../datasets does not exist!
[goal/viewpoint_medium/aegis] [Warning]: datasets path /opt/LIBERO/libero/libero/../datasets does not exist!
[goal/viewpoint_medium/baseline] [libero_v] viewpoint_medium t7: 10/10
[goal/viewpoint_medium/baseline] Creating LIBERO envs | suites=['libero_goal'] | n_envs(per task)=10 | init_states=True
[goal/viewpoint_medium/baseline] Restricting to task_ids=[8]
[goal/viewpoint_medium/baseline] [info] using task orders [0, 1, 2, 3, 4, 5, 6, 7, 8, 9]
[goal/viewpoint_medium/baseline] [Warning]: datasets path /opt/LIBERO/libero/libero/../datasets does not exist!
[goal/viewpoint_medium/baseline] [Warning]: datasets path /opt/LIBERO/libero/libero/../datasets does not exist!
[object/lighting_1/baseline] [libero_v] lighting_1 t5: 5/10
[object/lighting_1/baseline] Creating LIBERO envs | suites=['libero_object'] | n_envs(per task)=10 | init_states=True
[object/lighting_1/baseline] Restricting to task_ids=[6]
[object/lighting_1/baseline] [info] using task orders [0, 1, 2, 3, 4, 5, 6, 7, 8, 9]
[object/lighting_1/baseline] [Warning]: datasets path /opt/LIBERO/libero/libero/../datasets does not exist!
[object/lighting_1/baseline] [Warning]: datasets path /opt/LIBERO/libero/libero/../datasets does not exist!
[goal/viewpoint_medium/aegis] [Warning]: datasets path /opt/LIBERO/libero/libero/../datasets does not exist!
[goal/viewpoint_medium/aegis] [Warning]: datasets path /opt/LIBERO/libero/libero/../datasets does not exist!
[goal/viewpoint_medium/baseline] [Warning]: datasets path /opt/LIBERO/libero/libero/../datasets does not exist!
[goal/viewpoint_medium/baseline] [Warning]: datasets path /opt/LIBERO/libero/libero/../datasets does not exist!
[object/lighting_1/baseline] [Warning]: datasets path /opt/LIBERO/libero/libero/../datasets does not exist!
[object/lighting_1/baseline] [Warning]: datasets path /opt/LIBERO/libero/libero/../datasets does not exist!
[goal/viewpoint_medium/baseline] [Warning]: datasets path /opt/LIBERO/libero/libero/../datasets does not exist!
[goal/viewpoint_medium/baseline] [Warning]: datasets path /opt/LIBERO/libero/libero/../datasets does not exist!
[object/lighting_1/baseline] [Warning]: datasets path /opt/LIBERO/libero/libero/../datasets does not exist!
[object/lighting_1/baseline] [Warning]: datasets path /opt/LIBERO/libero/libero/../datasets does not exist!
[goal/viewpoint_medium/aegis] [Warning]: datasets path /opt/LIBERO/libero/libero/../datasets does not exist!
[goal/viewpoint_medium/aegis] [Warning]: datasets path /opt/LIBERO/libero/libero/../datasets does not exist!
[goal/viewpoint_medium/baseline] [Warning]: datasets path /opt/LIBERO/libero/libero/../datasets does not exist!
[goal/viewpoint_medium/baseline] [Warning]: datasets path /opt/LIBERO/libero/libero/../datasets does not exist!
[object/lighting_1/baseline] [Warning]: datasets path /opt/LIBERO/libero/libero/../datasets does not exist!
[object/lighting_1/baseline] [Warning]: datasets path /opt/LIBERO/libero/libero/../datasets does not exist!
[goal/viewpoint_medium/aegis] [Warning]: datasets path /opt/LIBERO/libero/libero/../datasets does not exist!
[goal/viewpoint_medium/aegis] [Warning]: datasets path /opt/LIBERO/libero/libero/../datasets does not exist!
[goal/viewpoint_medium/baseline] [Warning]: datasets path /opt/LIBERO/libero/libero/../datasets does not exist!
[goal/viewpoint_medium/baseline] [Warning]: datasets path /opt/LIBERO/libero/libero/../datasets does not exist!
[object/lighting_1/baseline] [Warning]: datasets path /opt/LIBERO/libero/libero/../datasets does not exist!
[object/lighting_1/baseline] [Warning]: datasets path /opt/LIBERO/libero/libero/../datasets does not exist!
[goal/viewpoint_medium/baseline] [Warning]: datasets path /opt/LIBERO/libero/libero/../datasets does not exist!
[goal/viewpoint_medium/baseline] [Warning]: datasets path /opt/LIBERO/libero/libero/../datasets does not exist!
[object/lighting_1/baseline] [Warning]: datasets path /opt/LIBERO/libero/libero/../datasets does not exist!
[object/lighting_1/baseline] [Warning]: datasets path /opt/LIBERO/libero/libero/../datasets does not exist!
[goal/viewpoint_medium/aegis] [Warning]: datasets path /opt/LIBERO/libero/libero/../datasets does not exist!
[goal/viewpoint_medium/aegis] [Warning]: datasets path /opt/LIBERO/libero/libero/../datasets does not exist!
[goal/viewpoint_medium/baseline] [Warning]: datasets path /opt/LIBERO/libero/libero/../datasets does not exist!
[goal/viewpoint_medium/baseline] [Warning]: datasets path /opt/LIBERO/libero/libero/../datasets does not exist!
[object/lighting_1/baseline] [Warning]: datasets path /opt/LIBERO/libero/libero/../datasets does not exist!
[object/lighting_1/baseline] [Warning]: datasets path /opt/LIBERO/libero/libero/../datasets does not exist!
[goal/viewpoint_medium/aegis] [Warning]: datasets path /opt/LIBERO/libero/libero/../datasets does not exist!
[goal/viewpoint_medium/aegis] [Warning]: datasets path /opt/LIBERO/libero/libero/../datasets does not exist!
[goal/viewpoint_medium/baseline] [Warning]: datasets path /opt/LIBERO/libero/libero/../datasets does not exist!
[goal/viewpoint_medium/baseline] [Warning]: datasets path /opt/LIBERO/libero/libero/../datasets does not exist!
[object/lighting_1/baseline] [Warning]: datasets path /opt/LIBERO/libero/libero/../datasets does not exist!
[object/lighting_1/baseline] [Warning]: datasets path /opt/LIBERO/libero/libero/../datasets does not exist!
[goal/viewpoint_medium/baseline] [Warning]: datasets path /opt/LIBERO/libero/libero/../datasets does not exist!
[goal/viewpoint_medium/baseline] [Warning]: datasets path /opt/LIBERO/libero/libero/../datasets does not exist!
[object/lighting_1/baseline] [Warning]: datasets path /opt/LIBERO/libero/libero/../datasets does not exist!
[object/lighting_1/baseline] [Warning]: datasets path /opt/LIBERO/libero/libero/../datasets does not exist!
[goal/viewpoint_medium/aegis] [Warning]: datasets path /opt/LIBERO/libero/libero/../datasets does not exist!
[goal/viewpoint_medium/aegis] [Warning]: datasets path /opt/LIBERO/libero/libero/../datasets does not exist!
[goal/viewpoint_medium/baseline] [Warning]: datasets path /opt/LIBERO/libero/libero/../datasets does not exist!
[goal/viewpoint_medium/baseline] [Warning]: datasets path /opt/LIBERO/libero/libero/../datasets does not exist!
[object/lighting_1/baseline] [Warning]: datasets path /opt/LIBERO/libero/libero/../datasets does not exist!
[object/lighting_1/baseline] [Warning]: datasets path /opt/LIBERO/libero/libero/../datasets does not exist!
[goal/viewpoint_medium/aegis] [Warning]: datasets path /opt/LIBERO/libero/libero/../datasets does not exist!
[goal/viewpoint_medium/aegis] [Warning]: datasets path /opt/LIBERO/libero/libero/../datasets does not exist!
[goal/viewpoint_medium/baseline] Built vec env | suite=libero_goal | task_id=8 | n_envs=10
[object/lighting_1/baseline] Built vec env | suite=libero_object | task_id=6 | n_envs=10
[goal/viewpoint_medium/aegis] Built vec env | suite=libero_goal | task_id=5 | n_envs=10
[goal/viewpoint_large/baseline] [libero_v] viewpoint_large t4: 2/10
[goal/viewpoint_large/baseline] Creating LIBERO envs | suites=['libero_goal'] | n_envs(per task)=10 | init_states=True
[goal/viewpoint_large/baseline] Restricting to task_ids=[5]
[goal/viewpoint_large/baseline] [info] using task orders [0, 1, 2, 3, 4, 5, 6, 7, 8, 9]
[goal/viewpoint_large/baseline] [Warning]: datasets path /opt/LIBERO/libero/libero/../datasets does not exist!
[goal/viewpoint_large/baseline] [Warning]: datasets path /opt/LIBERO/libero/libero/../datasets does not exist!
[goal/viewpoint_large/baseline] [Warning]: datasets path /opt/LIBERO/libero/libero/../datasets does not exist!
[goal/viewpoint_large/baseline] [Warning]: datasets path /opt/LIBERO/libero/libero/../datasets does not exist!
[goal/viewpoint_large/baseline] [Warning]: datasets path /opt/LIBERO/libero/libero/../datasets does not exist!
[goal/viewpoint_large/baseline] [Warning]: datasets path /opt/LIBERO/libero/libero/../datasets does not exist!
[goal/viewpoint_large/baseline] [Warning]: datasets path /opt/LIBERO/libero/libero/../datasets does not exist!
[goal/viewpoint_large/baseline] [Warning]: datasets path /opt/LIBERO/libero/libero/../datasets does not exist!
[goal/viewpoint_large/baseline] [Warning]: datasets path /opt/LIBERO/libero/libero/../datasets does not exist!
[goal/viewpoint_large/baseline] [Warning]: datasets path /opt/LIBERO/libero/libero/../datasets does not exist!
[goal/viewpoint_large/baseline] [Warning]: datasets path /opt/LIBERO/libero/libero/../datasets does not exist!
[goal/viewpoint_large/baseline] [Warning]: datasets path /opt/LIBERO/libero/libero/../datasets does not exist!
[goal/viewpoint_large/baseline] [Warning]: datasets path /opt/LIBERO/libero/libero/../datasets does not exist!
[goal/viewpoint_large/baseline] [Warning]: datasets path /opt/LIBERO/libero/libero/../datasets does not exist!
[goal/viewpoint_large/baseline] [Warning]: datasets path /opt/LIBERO/libero/libero/../datasets does not exist!
[goal/viewpoint_large/baseline] [Warning]: datasets path /opt/LIBERO/libero/libero/../datasets does not exist!
[goal/viewpoint_large/baseline] [Warning]: datasets path /opt/LIBERO/libero/libero/../datasets does not exist!
[goal/viewpoint_large/baseline] [Warning]: datasets path /opt/LIBERO/libero/libero/../datasets does not exist!
[goal/viewpoint_large/baseline] [Warning]: datasets path /opt/LIBERO/libero/libero/../datasets does not exist!
[goal/viewpoint_large/baseline] [Warning]: datasets path /opt/LIBERO/libero/libero/../datasets does not exist!
[goal/viewpoint_large/baseline] Built vec env | suite=libero_goal | task_id=5 | n_envs=10
[goal/viewpoint_large/aegis] [libero_v] viewpoint_large t2: 1/10
[goal/viewpoint_large/aegis] Creating LIBERO envs | suites=['libero_goal'] | n_envs(per task)=10 | init_states=True
[goal/viewpoint_large/aegis] Restricting to task_ids=[3]
[goal/viewpoint_large/aegis] [info] using task orders [0, 1, 2, 3, 4, 5, 6, 7, 8, 9]
[goal/viewpoint_large/aegis] [Warning]: datasets path /opt/LIBERO/libero/libero/../datasets does not exist!
[goal/viewpoint_large/aegis] [Warning]: datasets path /opt/LIBERO/libero/libero/../datasets does not exist!
[goal/viewpoint_large/aegis] [Warning]: datasets path /opt/LIBERO/libero/libero/../datasets does not exist!
[goal/viewpoint_large/aegis] [Warning]: datasets path /opt/LIBERO/libero/libero/../datasets does not exist!
[goal/viewpoint_large/aegis] [Warning]: datasets path /opt/LIBERO/libero/libero/../datasets does not exist!
[goal/viewpoint_large/aegis] [Warning]: datasets path /opt/LIBERO/libero/libero/../datasets does not exist!
[goal/viewpoint_large/aegis] [Warning]: datasets path /opt/LIBERO/libero/libero/../datasets does not exist!
[goal/viewpoint_large/aegis] [Warning]: datasets path /opt/LIBERO/libero/libero/../datasets does not exist!
[goal/viewpoint_large/aegis] [Warning]: datasets path /opt/LIBERO/libero/libero/../datasets does not exist!
[goal/viewpoint_large/aegis] [Warning]: datasets path /opt/LIBERO/libero/libero/../datasets does not exist!
[goal/viewpoint_large/aegis] [Warning]: datasets path /opt/LIBERO/libero/libero/../datasets does not exist!
[goal/viewpoint_large/aegis] [Warning]: datasets path /opt/LIBERO/libero/libero/../datasets does not exist!
[goal/viewpoint_large/aegis] [Warning]: datasets path /opt/LIBERO/libero/libero/../datasets does not exist!
[goal/viewpoint_large/aegis] [Warning]: datasets path /opt/LIBERO/libero/libero/../datasets does not exist!
[goal/viewpoint_large/aegis] [Warning]: datasets path /opt/LIBERO/libero/libero/../datasets does not exist!
[goal/viewpoint_large/aegis] [Warning]: datasets path /opt/LIBERO/libero/libero/../datasets does not exist!
[goal/viewpoint_large/aegis] [Warning]: datasets path /opt/LIBERO/libero/libero/../datasets does not exist!
[goal/viewpoint_large/aegis] [Warning]: datasets path /opt/LIBERO/libero/libero/../datasets does not exist!
[goal/viewpoint_large/aegis] [Warning]: datasets path /opt/LIBERO/libero/libero/../datasets does not exist!
[goal/viewpoint_large/aegis] [Warning]: datasets path /opt/LIBERO/libero/libero/../datasets does not exist!
[goal/viewpoint_large/aegis] Built vec env | suite=libero_goal | task_id=3 | n_envs=10
[object/lighting_1/baseline] [libero_v] lighting_1 t6: 10/10
[object/lighting_1/baseline] Creating LIBERO envs | suites=['libero_object'] | n_envs(per task)=10 | init_states=True
[object/lighting_1/baseline] Restricting to task_ids=[7]
[object/lighting_1/baseline] [info] using task orders [0, 1, 2, 3, 4, 5, 6, 7, 8, 9]
[object/lighting_1/baseline] [Warning]: datasets path /opt/LIBERO/libero/libero/../datasets does not exist!
[object/lighting_1/baseline] [Warning]: datasets path /opt/LIBERO/libero/libero/../datasets does not exist!
[object/lighting_1/baseline] [Warning]: datasets path /opt/LIBERO/libero/libero/../datasets does not exist!
[object/lighting_1/baseline] [Warning]: datasets path /opt/LIBERO/libero/libero/../datasets does not exist!
[object/lighting_1/baseline] [Warning]: datasets path /opt/LIBERO/libero/libero/../datasets does not exist!
[object/lighting_1/baseline] [Warning]: datasets path /opt/LIBERO/libero/libero/../datasets does not exist!
[object/lighting_1/baseline] [Warning]: datasets path /opt/LIBERO/libero/libero/../datasets does not exist!
[object/lighting_1/baseline] [Warning]: datasets path /opt/LIBERO/libero/libero/../datasets does not exist!
[goal/viewpoint_medium/baseline] [libero_v] viewpoint_medium t8: 0/10
[goal/viewpoint_medium/baseline] Creating LIBERO envs | suites=['libero_goal'] | n_envs(per task)=10 | init_states=True
[goal/viewpoint_medium/baseline] Restricting to task_ids=[9]
[goal/viewpoint_medium/baseline] [info] using task orders [0, 1, 2, 3, 4, 5, 6, 7, 8, 9]
[goal/viewpoint_medium/baseline] [Warning]: datasets path /opt/LIBERO/libero/libero/../datasets does not exist!
[goal/viewpoint_medium/baseline] [Warning]: datasets path /opt/LIBERO/libero/libero/../datasets does not exist!
[object/lighting_1/baseline] [Warning]: datasets path /opt/LIBERO/libero/libero/../datasets does not exist!
[object/lighting_1/baseline] [Warning]: datasets path /opt/LIBERO/libero/libero/../datasets does not exist!
[goal/viewpoint_medium/baseline] [Warning]: datasets path /opt/LIBERO/libero/libero/../datasets does not exist!
[goal/viewpoint_medium/baseline] [Warning]: datasets path /opt/LIBERO/libero/libero/../datasets does not exist!
[object/lighting_1/baseline] [Warning]: datasets path /opt/LIBERO/libero/libero/../datasets does not exist!
[object/lighting_1/baseline] [Warning]: datasets path /opt/LIBERO/libero/libero/../datasets does not exist!
[goal/viewpoint_medium/baseline] [Warning]: datasets path /opt/LIBERO/libero/libero/../datasets does not exist!
[goal/viewpoint_medium/baseline] [Warning]: datasets path /opt/LIBERO/libero/libero/../datasets does not exist!
[object/lighting_1/baseline] [Warning]: datasets path /opt/LIBERO/libero/libero/../datasets does not exist!
[object/lighting_1/baseline] [Warning]: datasets path /opt/LIBERO/libero/libero/../datasets does not exist!
[goal/viewpoint_medium/baseline] [Warning]: datasets path /opt/LIBERO/libero/libero/../datasets does not exist!
[goal/viewpoint_medium/baseline] [Warning]: datasets path /opt/LIBERO/libero/libero/../datasets does not exist!
[object/lighting_1/baseline] [Warning]: datasets path /opt/LIBERO/libero/libero/../datasets does not exist!
[object/lighting_1/baseline] [Warning]: datasets path /opt/LIBERO/libero/libero/../datasets does not exist!
[goal/viewpoint_medium/baseline] [Warning]: datasets path /opt/LIBERO/libero/libero/../datasets does not exist!
[goal/viewpoint_medium/baseline] [Warning]: datasets path /opt/LIBERO/libero/libero/../datasets does not exist!
[object/lighting_1/baseline] [Warning]: datasets path /opt/LIBERO/libero/libero/../datasets does not exist!
[object/lighting_1/baseline] [Warning]: datasets path /opt/LIBERO/libero/libero/../datasets does not exist!
[goal/viewpoint_medium/baseline] [Warning]: datasets path /opt/LIBERO/libero/libero/../datasets does not exist!
[goal/viewpoint_medium/baseline] [Warning]: datasets path /opt/LIBERO/libero/libero/../datasets does not exist!
[object/lighting_1/baseline] [Warning]: datasets path /opt/LIBERO/libero/libero/../datasets does not exist!
[object/lighting_1/baseline] [Warning]: datasets path /opt/LIBERO/libero/libero/../datasets does not exist!
[goal/viewpoint_medium/baseline] [Warning]: datasets path /opt/LIBERO/libero/libero/../datasets does not exist!
[goal/viewpoint_medium/baseline] [Warning]: datasets path /opt/LIBERO/libero/libero/../datasets does not exist!
[object/lighting_1/baseline] Built vec env | suite=libero_object | task_id=7 | n_envs=10
[goal/viewpoint_medium/baseline] [Warning]: datasets path /opt/LIBERO/libero/libero/../datasets does not exist!
[goal/viewpoint_medium/baseline] [Warning]: datasets path /opt/LIBERO/libero/libero/../datasets does not exist!
[goal/viewpoint_medium/baseline] [Warning]: datasets path /opt/LIBERO/libero/libero/../datasets does not exist!
[goal/viewpoint_medium/baseline] [Warning]: datasets path /opt/LIBERO/libero/libero/../datasets does not exist!
[goal/viewpoint_medium/baseline] [Warning]: datasets path /opt/LIBERO/libero/libero/../datasets does not exist!
[goal/viewpoint_medium/baseline] [Warning]: datasets path /opt/LIBERO/libero/libero/../datasets does not exist!
[goal/viewpoint_medium/baseline] Built vec env | suite=libero_goal | task_id=9 | n_envs=10
[goal/viewpoint_medium/aegis] [libero_v] viewpoint_medium t5: 1/10
[goal/viewpoint_medium/aegis] Creating LIBERO envs | suites=['libero_goal'] | n_envs(per task)=10 | init_states=True
[goal/viewpoint_medium/aegis] Restricting to task_ids=[6]
[goal/viewpoint_medium/aegis] [info] using task orders [0, 1, 2, 3, 4, 5, 6, 7, 8, 9]
[goal/viewpoint_medium/aegis] [Warning]: datasets path /opt/LIBERO/libero/libero/../datasets does not exist!
[goal/viewpoint_medium/aegis] [Warning]: datasets path /opt/LIBERO/libero/libero/../datasets does not exist!
[goal/viewpoint_medium/aegis] [Warning]: datasets path /opt/LIBERO/libero/libero/../datasets does not exist!
[goal/viewpoint_medium/aegis] [Warning]: datasets path /opt/LIBERO/libero/libero/../datasets does not exist!
[goal/viewpoint_medium/aegis] [Warning]: datasets path /opt/LIBERO/libero/libero/../datasets does not exist!
[goal/viewpoint_medium/aegis] [Warning]: datasets path /opt/LIBERO/libero/libero/../datasets does not exist!
[goal/viewpoint_medium/aegis] [Warning]: datasets path /opt/LIBERO/libero/libero/../datasets does not exist!
[goal/viewpoint_medium/aegis] [Warning]: datasets path /opt/LIBERO/libero/libero/../datasets does not exist!
[goal/viewpoint_medium/aegis] [Warning]: datasets path /opt/LIBERO/libero/libero/../datasets does not exist!
[goal/viewpoint_medium/aegis] [Warning]: datasets path /opt/LIBERO/libero/libero/../datasets does not exist!
[goal/viewpoint_medium/aegis] [Warning]: datasets path /opt/LIBERO/libero/libero/../datasets does not exist!
[goal/viewpoint_medium/aegis] [Warning]: datasets path /opt/LIBERO/libero/libero/../datasets does not exist!
[goal/viewpoint_medium/aegis] [Warning]: datasets path /opt/LIBERO/libero/libero/../datasets does not exist!
[goal/viewpoint_medium/aegis] [Warning]: datasets path /opt/LIBERO/libero/libero/../datasets does not exist!
[goal/viewpoint_medium/aegis] [Warning]: datasets path /opt/LIBERO/libero/libero/../datasets does not exist!
[goal/viewpoint_medium/aegis] [Warning]: datasets path /opt/LIBERO/libero/libero/../datasets does not exist!
[goal/viewpoint_medium/aegis] [Warning]: datasets path /opt/LIBERO/libero/libero/../datasets does not exist!
[goal/viewpoint_medium/aegis] [Warning]: datasets path /opt/LIBERO/libero/libero/../datasets does not exist!
[goal/viewpoint_medium/aegis] [Warning]: datasets path /opt/LIBERO/libero/libero/../datasets does not exist!
[goal/viewpoint_medium/aegis] [Warning]: datasets path /opt/LIBERO/libero/libero/../datasets does not exist!
[goal/viewpoint_medium/aegis] Built vec env | suite=libero_goal | task_id=6 | n_envs=10
[goal/viewpoint_large/baseline] [libero_v] viewpoint_large t5: 1/10
[goal/viewpoint_large/baseline] Creating LIBERO envs | suites=['libero_goal'] | n_envs(per task)=10 | init_states=True
[goal/viewpoint_large/baseline] Restricting to task_ids=[6]
[goal/viewpoint_large/baseline] [info] using task orders [0, 1, 2, 3, 4, 5, 6, 7, 8, 9]
[goal/viewpoint_large/baseline] [Warning]: datasets path /opt/LIBERO/libero/libero/../datasets does not exist!
[goal/viewpoint_large/baseline] [Warning]: datasets path /opt/LIBERO/libero/libero/../datasets does not exist!
[goal/viewpoint_large/baseline] [Warning]: datasets path /opt/LIBERO/libero/libero/../datasets does not exist!
[goal/viewpoint_large/baseline] [Warning]: datasets path /opt/LIBERO/libero/libero/../datasets does not exist!
[goal/viewpoint_large/baseline] [Warning]: datasets path /opt/LIBERO/libero/libero/../datasets does not exist!
[goal/viewpoint_large/baseline] [Warning]: datasets path /opt/LIBERO/libero/libero/../datasets does not exist!
[goal/viewpoint_large/baseline] [Warning]: datasets path /opt/LIBERO/libero/libero/../datasets does not exist!
[goal/viewpoint_large/baseline] [Warning]: datasets path /opt/LIBERO/libero/libero/../datasets does not exist!
[goal/viewpoint_large/baseline] [Warning]: datasets path /opt/LIBERO/libero/libero/../datasets does not exist!
[goal/viewpoint_large/baseline] [Warning]: datasets path /opt/LIBERO/libero/libero/../datasets does not exist!
[goal/viewpoint_large/baseline] [Warning]: datasets path /opt/LIBERO/libero/libero/../datasets does not exist!
[goal/viewpoint_large/baseline] [Warning]: datasets path /opt/LIBERO/libero/libero/../datasets does not exist!
[goal/viewpoint_large/baseline] [Warning]: datasets path /opt/LIBERO/libero/libero/../datasets does not exist!
[goal/viewpoint_large/baseline] [Warning]: datasets path /opt/LIBERO/libero/libero/../datasets does not exist!
[goal/viewpoint_large/baseline] [Warning]: datasets path /opt/LIBERO/libero/libero/../datasets does not exist!
[goal/viewpoint_large/baseline] [Warning]: datasets path /opt/LIBERO/libero/libero/../datasets does not exist!
[goal/viewpoint_large/baseline] [Warning]: datasets path /opt/LIBERO/libero/libero/../datasets does not exist!
[goal/viewpoint_large/baseline] [Warning]: datasets path /opt/LIBERO/libero/libero/../datasets does not exist!
[goal/viewpoint_large/baseline] [Warning]: datasets path /opt/LIBERO/libero/libero/../datasets does not exist!
[goal/viewpoint_large/baseline] [Warning]: datasets path /opt/LIBERO/libero/libero/../datasets does not exist!
[goal/viewpoint_large/baseline] Built vec env | suite=libero_goal | task_id=6 | n_envs=10
[goal/viewpoint_large/aegis] [libero_v] viewpoint_large t3: 0/10
[goal/viewpoint_large/aegis] Creating LIBERO envs | suites=['libero_goal'] | n_envs(per task)=10 | init_states=True
[goal/viewpoint_large/aegis] Restricting to task_ids=[4]
[goal/viewpoint_large/aegis] [info] using task orders [0, 1, 2, 3, 4, 5, 6, 7, 8, 9]
[goal/viewpoint_large/aegis] [Warning]: datasets path /opt/LIBERO/libero/libero/../datasets does not exist!
[goal/viewpoint_large/aegis] [Warning]: datasets path /opt/LIBERO/libero/libero/../datasets does not exist!
[goal/viewpoint_large/aegis] [Warning]: datasets path /opt/LIBERO/libero/libero/../datasets does not exist!
[goal/viewpoint_large/aegis] [Warning]: datasets path /opt/LIBERO/libero/libero/../datasets does not exist!
[goal/viewpoint_large/aegis] [Warning]: datasets path /opt/LIBERO/libero/libero/../datasets does not exist!
[goal/viewpoint_large/aegis] [Warning]: datasets path /opt/LIBERO/libero/libero/../datasets does not exist!
[goal/viewpoint_large/aegis] [Warning]: datasets path /opt/LIBERO/libero/libero/../datasets does not exist!
[goal/viewpoint_large/aegis] [Warning]: datasets path /opt/LIBERO/libero/libero/../datasets does not exist!
[goal/viewpoint_large/aegis] [Warning]: datasets path /opt/LIBERO/libero/libero/../datasets does not exist!
[goal/viewpoint_large/aegis] [Warning]: datasets path /opt/LIBERO/libero/libero/../datasets does not exist!
[goal/viewpoint_large/aegis] [Warning]: datasets path /opt/LIBERO/libero/libero/../datasets does not exist!
[goal/viewpoint_large/aegis] [Warning]: datasets path /opt/LIBERO/libero/libero/../datasets does not exist!
[goal/viewpoint_large/aegis] [Warning]: datasets path /opt/LIBERO/libero/libero/../datasets does not exist!
[goal/viewpoint_large/aegis] [Warning]: datasets path /opt/LIBERO/libero/libero/../datasets does not exist!
[goal/viewpoint_large/aegis] [Warning]: datasets path /opt/LIBERO/libero/libero/../datasets does not exist!
[goal/viewpoint_large/aegis] [Warning]: datasets path /opt/LIBERO/libero/libero/../datasets does not exist!
[goal/viewpoint_large/aegis] [Warning]: datasets path /opt/LIBERO/libero/libero/../datasets does not exist!
[goal/viewpoint_large/aegis] [Warning]: datasets path /opt/LIBERO/libero/libero/../datasets does not exist!
[goal/viewpoint_large/aegis] [Warning]: datasets path /opt/LIBERO/libero/libero/../datasets does not exist!
[goal/viewpoint_large/aegis] [Warning]: datasets path /opt/LIBERO/libero/libero/../datasets does not exist!
[goal/viewpoint_large/aegis] Built vec env | suite=libero_goal | task_id=4 | n_envs=10
[goal/viewpoint_medium/baseline] [libero_v] viewpoint_medium t9: 0/10
[goal/viewpoint_medium/baseline] [libero_v] == viewpoint_medium: SR=17.0% [10.9,25.5] n=100
[goal/viewpoint_medium/baseline] 
[goal/viewpoint_medium/baseline] ==== LIBERO-V summary (baseline) ====
[goal/viewpoint_medium/baseline]   viewpoint_medium    17.0%  [10.9,25.5]  n=100
[goal/viewpoint_medium/baseline]   AVG across conditions  17.0%
[cell DONE] goal/viewpoint_medium/baseline rc=0 sr=17.0
[object/lighting_1/baseline] [libero_v] lighting_1 t7: 9/10
[object/lighting_1/baseline] Creating LIBERO envs | suites=['libero_object'] | n_envs(per task)=10 | init_states=True
[object/lighting_1/baseline] Restricting to task_ids=[8]
[object/lighting_1/baseline] [info] using task orders [0, 1, 2, 3, 4, 5, 6, 7, 8, 9]
[object/lighting_1/baseline] [Warning]: datasets path /opt/LIBERO/libero/libero/../datasets does not exist!
[object/lighting_1/baseline] [Warning]: datasets path /opt/LIBERO/libero/libero/../datasets does not exist!
[object/lighting_1/baseline] [Warning]: datasets path /opt/LIBERO/libero/libero/../datasets does not exist!
[object/lighting_1/baseline] [Warning]: datasets path /opt/LIBERO/libero/libero/../datasets does not exist!
[object/lighting_1/baseline] [Warning]: datasets path /opt/LIBERO/libero/libero/../datasets does not exist!
[object/lighting_1/baseline] [Warning]: datasets path /opt/LIBERO/libero/libero/../datasets does not exist!
[object/lighting_1/baseline] [Warning]: datasets path /opt/LIBERO/libero/libero/../datasets does not exist!
[object/lighting_1/baseline] [Warning]: datasets path /opt/LIBERO/libero/libero/../datasets does not exist!
[object/lighting_1/baseline] [Warning]: datasets path /opt/LIBERO/libero/libero/../datasets does not exist!
[object/lighting_1/baseline] [Warning]: datasets path /opt/LIBERO/libero/libero/../datasets does not exist!
[object/lighting_1/baseline] [Warning]: datasets path /opt/LIBERO/libero/libero/../datasets does not exist!
[object/lighting_1/baseline] [Warning]: datasets path /opt/LIBERO/libero/libero/../datasets does not exist!
[object/lighting_1/baseline] [Warning]: datasets path /opt/LIBERO/libero/libero/../datasets does not exist!
[object/lighting_1/baseline] [Warning]: datasets path /opt/LIBERO/libero/libero/../datasets does not exist!
[object/lighting_1/baseline] [Warning]: datasets path /opt/LIBERO/libero/libero/../datasets does not exist!
[object/lighting_1/baseline] [Warning]: datasets path /opt/LIBERO/libero/libero/../datasets does not exist!
[object/lighting_1/baseline] [Warning]: datasets path /opt/LIBERO/libero/libero/../datasets does not exist!
[object/lighting_1/baseline] [Warning]: datasets path /opt/LIBERO/libero/libero/../datasets does not exist!
[object/lighting_1/baseline] [Warning]: datasets path /opt/LIBERO/libero/libero/../datasets does not exist!
[object/lighting_1/baseline] [Warning]: datasets path /opt/LIBERO/libero/libero/../datasets does not exist!
[object/lighting_1/baseline] Built vec env | suite=libero_object | task_id=8 | n_envs=10
[goal/viewpoint_large/baseline] [libero_v] viewpoint_large t6: 0/10
[goal/viewpoint_large/baseline] Creating LIBERO envs | suites=['libero_goal'] | n_envs(per task)=10 | init_states=True
[goal/viewpoint_large/baseline] Restricting to task_ids=[7]
[goal/viewpoint_large/baseline] [info] using task orders [0, 1, 2, 3, 4, 5, 6, 7, 8, 9]
[goal/viewpoint_large/baseline] [Warning]: datasets path /opt/LIBERO/libero/libero/../datasets does not exist!
[goal/viewpoint_large/baseline] [Warning]: datasets path /opt/LIBERO/libero/libero/../datasets does not exist!
[goal/viewpoint_large/baseline] [Warning]: datasets path /opt/LIBERO/libero/libero/../datasets does not exist!
[goal/viewpoint_large/baseline] [Warning]: datasets path /opt/LIBERO/libero/libero/../datasets does not exist!
[goal/viewpoint_large/baseline] [Warning]: datasets path /opt/LIBERO/libero/libero/../datasets does not exist!
[goal/viewpoint_large/baseline] [Warning]: datasets path /opt/LIBERO/libero/libero/../datasets does not exist!
[goal/viewpoint_large/baseline] [Warning]: datasets path /opt/LIBERO/libero/libero/../datasets does not exist!
[goal/viewpoint_large/baseline] [Warning]: datasets path /opt/LIBERO/libero/libero/../datasets does not exist!
[goal/viewpoint_large/baseline] [Warning]: datasets path /opt/LIBERO/libero/libero/../datasets does not exist!
[goal/viewpoint_large/baseline] [Warning]: datasets path /opt/LIBERO/libero/libero/../datasets does not exist!
[goal/viewpoint_large/baseline] [Warning]: datasets path /opt/LIBERO/libero/libero/../datasets does not exist!
[goal/viewpoint_large/baseline] [Warning]: datasets path /opt/LIBERO/libero/libero/../datasets does not exist!
[goal/viewpoint_large/baseline] [Warning]: datasets path /opt/LIBERO/libero/libero/../datasets does not exist!
[goal/viewpoint_large/baseline] [Warning]: datasets path /opt/LIBERO/libero/libero/../datasets does not exist!
[goal/viewpoint_large/baseline] [Warning]: datasets path /opt/LIBERO/libero/libero/../datasets does not exist!
[goal/viewpoint_large/baseline] [Warning]: datasets path /opt/LIBERO/libero/libero/../datasets does not exist!
[goal/viewpoint_large/baseline] [Warning]: datasets path /opt/LIBERO/libero/libero/../datasets does not exist!
[goal/viewpoint_large/baseline] [Warning]: datasets path /opt/LIBERO/libero/libero/../datasets does not exist!
[goal/viewpoint_large/baseline] [Warning]: datasets path /opt/LIBERO/libero/libero/../datasets does not exist!
[goal/viewpoint_large/baseline] [Warning]: datasets path /opt/LIBERO/libero/libero/../datasets does not exist!
[goal/viewpoint_large/baseline] Built vec env | suite=libero_goal | task_id=7 | n_envs=10
[goal/viewpoint_large/aegis] [libero_v] viewpoint_large t4: 7/10
[goal/viewpoint_large/aegis] Creating LIBERO envs | suites=['libero_goal'] | n_envs(per task)=10 | init_states=True
[goal/viewpoint_large/aegis] Restricting to task_ids=[5]
[goal/viewpoint_large/aegis] [info] using task orders [0, 1, 2, 3, 4, 5, 6, 7, 8, 9]
[goal/viewpoint_large/aegis] [Warning]: datasets path /opt/LIBERO/libero/libero/../datasets does not exist!
[goal/viewpoint_large/aegis] [Warning]: datasets path /opt/LIBERO/libero/libero/../datasets does not exist!
[goal/viewpoint_large/aegis] [Warning]: datasets path /opt/LIBERO/libero/libero/../datasets does not exist!
[goal/viewpoint_large/aegis] [Warning]: datasets path /opt/LIBERO/libero/libero/../datasets does not exist!
[goal/viewpoint_large/aegis] [Warning]: datasets path /opt/LIBERO/libero/libero/../datasets does not exist!
[goal/viewpoint_large/aegis] [Warning]: datasets path /opt/LIBERO/libero/libero/../datasets does not exist!
[goal/viewpoint_large/aegis] [Warning]: datasets path /opt/LIBERO/libero/libero/../datasets does not exist!
[goal/viewpoint_large/aegis] [Warning]: datasets path /opt/LIBERO/libero/libero/../datasets does not exist!
[goal/viewpoint_large/aegis] [Warning]: datasets path /opt/LIBERO/libero/libero/../datasets does not exist!
[goal/viewpoint_large/aegis] [Warning]: datasets path /opt/LIBERO/libero/libero/../datasets does not exist!
[goal/viewpoint_large/aegis] [Warning]: datasets path /opt/LIBERO/libero/libero/../datasets does not exist!
[goal/viewpoint_large/aegis] [Warning]: datasets path /opt/LIBERO/libero/libero/../datasets does not exist!
[goal/viewpoint_large/aegis] [Warning]: datasets path /opt/LIBERO/libero/libero/../datasets does not exist!
[goal/viewpoint_large/aegis] [Warning]: datasets path /opt/LIBERO/libero/libero/../datasets does not exist!
[goal/viewpoint_large/aegis] [Warning]: datasets path /opt/LIBERO/libero/libero/../datasets does not exist!
[goal/viewpoint_large/aegis] [Warning]: datasets path /opt/LIBERO/libero/libero/../datasets does not exist!
[goal/viewpoint_large/aegis] [Warning]: datasets path /opt/LIBERO/libero/libero/../datasets does not exist!
[goal/viewpoint_large/aegis] [Warning]: datasets path /opt/LIBERO/libero/libero/../datasets does not exist!
[goal/viewpoint_large/aegis] [Warning]: datasets path /opt/LIBERO/libero/libero/../datasets does not exist!
[goal/viewpoint_large/aegis] [Warning]: datasets path /opt/LIBERO/libero/libero/../datasets does not exist!
[goal/viewpoint_large/aegis] Built vec env | suite=libero_goal | task_id=5 | n_envs=10
[goal/viewpoint_medium/aegis] [libero_v] viewpoint_medium t6: 0/10
[goal/viewpoint_medium/aegis] Creating LIBERO envs | suites=['libero_goal'] | n_envs(per task)=10 | init_states=True
[goal/viewpoint_medium/aegis] Restricting to task_ids=[7]
[goal/viewpoint_medium/aegis] [info] using task orders [0, 1, 2, 3, 4, 5, 6, 7, 8, 9]
[goal/viewpoint_medium/aegis] [Warning]: datasets path /opt/LIBERO/libero/libero/../datasets does not exist!
[goal/viewpoint_medium/aegis] [Warning]: datasets path /opt/LIBERO/libero/libero/../datasets does not exist!
[goal/viewpoint_medium/aegis] [Warning]: datasets path /opt/LIBERO/libero/libero/../datasets does not exist!
[goal/viewpoint_medium/aegis] [Warning]: datasets path /opt/LIBERO/libero/libero/../datasets does not exist!
[goal/viewpoint_medium/aegis] [Warning]: datasets path /opt/LIBERO/libero/libero/../datasets does not exist!
[goal/viewpoint_medium/aegis] [Warning]: datasets path /opt/LIBERO/libero/libero/../datasets does not exist!
[goal/viewpoint_medium/aegis] [Warning]: datasets path /opt/LIBERO/libero/libero/../datasets does not exist!
[goal/viewpoint_medium/aegis] [Warning]: datasets path /opt/LIBERO/libero/libero/../datasets does not exist!
[goal/viewpoint_medium/aegis] [Warning]: datasets path /opt/LIBERO/libero/libero/../datasets does not exist!
[goal/viewpoint_medium/aegis] [Warning]: datasets path /opt/LIBERO/libero/libero/../datasets does not exist!
[goal/viewpoint_medium/aegis] [Warning]: datasets path /opt/LIBERO/libero/libero/../datasets does not exist!
[goal/viewpoint_medium/aegis] [Warning]: datasets path /opt/LIBERO/libero/libero/../datasets does not exist!
[goal/viewpoint_medium/aegis] [Warning]: datasets path /opt/LIBERO/libero/libero/../datasets does not exist!
[goal/viewpoint_medium/aegis] [Warning]: datasets path /opt/LIBERO/libero/libero/../datasets does not exist!
[goal/viewpoint_medium/aegis] [Warning]: datasets path /opt/LIBERO/libero/libero/../datasets does not exist!
[goal/viewpoint_medium/aegis] [Warning]: datasets path /opt/LIBERO/libero/libero/../datasets does not exist!
[goal/viewpoint_medium/aegis] [Warning]: datasets path /opt/LIBERO/libero/libero/../datasets does not exist!
[goal/viewpoint_medium/aegis] [Warning]: datasets path /opt/LIBERO/libero/libero/../datasets does not exist!
[goal/viewpoint_medium/aegis] [Warning]: datasets path /opt/LIBERO/libero/libero/../datasets does not exist!
[goal/viewpoint_medium/aegis] [Warning]: datasets path /opt/LIBERO/libero/libero/../datasets does not exist!
[goal/viewpoint_medium/aegis] Built vec env | suite=libero_goal | task_id=7 | n_envs=10
[goal/viewpoint_large/baseline] [libero_v] viewpoint_large t7: 3/10
[goal/viewpoint_large/baseline] Creating LIBERO envs | suites=['libero_goal'] | n_envs(per task)=10 | init_states=True
[goal/viewpoint_large/baseline] Restricting to task_ids=[8]
[goal/viewpoint_large/baseline] [info] using task orders [0, 1, 2, 3, 4, 5, 6, 7, 8, 9]
[goal/viewpoint_large/baseline] [Warning]: datasets path /opt/LIBERO/libero/libero/../datasets does not exist!
[goal/viewpoint_large/baseline] [Warning]: datasets path /opt/LIBERO/libero/libero/../datasets does not exist!
[goal/viewpoint_large/baseline] [Warning]: datasets path /opt/LIBERO/libero/libero/../datasets does not exist!
[goal/viewpoint_large/baseline] [Warning]: datasets path /opt/LIBERO/libero/libero/../datasets does not exist!
[goal/viewpoint_large/baseline] [Warning]: datasets path /opt/LIBERO/libero/libero/../datasets does not exist!
[goal/viewpoint_large/baseline] [Warning]: datasets path /opt/LIBERO/libero/libero/../datasets does not exist!
[goal/viewpoint_large/baseline] [Warning]: datasets path /opt/LIBERO/libero/libero/../datasets does not exist!
[goal/viewpoint_large/baseline] [Warning]: datasets path /opt/LIBERO/libero/libero/../datasets does not exist!
[goal/viewpoint_large/baseline] [Warning]: datasets path /opt/LIBERO/libero/libero/../datasets does not exist!
[goal/viewpoint_large/baseline] [Warning]: datasets path /opt/LIBERO/libero/libero/../datasets does not exist!
[goal/viewpoint_large/baseline] [Warning]: datasets path /opt/LIBERO/libero/libero/../datasets does not exist!
[goal/viewpoint_large/baseline] [Warning]: datasets path /opt/LIBERO/libero/libero/../datasets does not exist!
[goal/viewpoint_large/baseline] [Warning]: datasets path /opt/LIBERO/libero/libero/../datasets does not exist!
[goal/viewpoint_large/baseline] [Warning]: datasets path /opt/LIBERO/libero/libero/../datasets does not exist!
[goal/viewpoint_large/baseline] [Warning]: datasets path /opt/LIBERO/libero/libero/../datasets does not exist!
[goal/viewpoint_large/baseline] [Warning]: datasets path /opt/LIBERO/libero/libero/../datasets does not exist!
[goal/viewpoint_large/baseline] [Warning]: datasets path /opt/LIBERO/libero/libero/../datasets does not exist!
[goal/viewpoint_large/baseline] [Warning]: datasets path /opt/LIBERO/libero/libero/../datasets does not exist!
[goal/viewpoint_large/baseline] [Warning]: datasets path /opt/LIBERO/libero/libero/../datasets does not exist!
[goal/viewpoint_large/baseline] [Warning]: datasets path /opt/LIBERO/libero/libero/../datasets does not exist!
[goal/viewpoint_large/baseline] Built vec env | suite=libero_goal | task_id=8 | n_envs=10
[goal/viewpoint_medium/aegis] [libero_v] viewpoint_medium t7: 10/10
[goal/viewpoint_medium/aegis] Creating LIBERO envs | suites=['libero_goal'] | n_envs(per task)=10 | init_states=True
[goal/viewpoint_medium/aegis] Restricting to task_ids=[8]
[goal/viewpoint_medium/aegis] [info] using task orders [0, 1, 2, 3, 4, 5, 6, 7, 8, 9]
[goal/viewpoint_medium/aegis] [Warning]: datasets path /opt/LIBERO/libero/libero/../datasets does not exist!
[goal/viewpoint_medium/aegis] [Warning]: datasets path /opt/LIBERO/libero/libero/../datasets does not exist!
[goal/viewpoint_medium/aegis] [Warning]: datasets path /opt/LIBERO/libero/libero/../datasets does not exist!
[goal/viewpoint_medium/aegis] [Warning]: datasets path /opt/LIBERO/libero/libero/../datasets does not exist!
[goal/viewpoint_medium/aegis] [Warning]: datasets path /opt/LIBERO/libero/libero/../datasets does not exist!
[goal/viewpoint_medium/aegis] [Warning]: datasets path /opt/LIBERO/libero/libero/../datasets does not exist!
[goal/viewpoint_medium/aegis] [Warning]: datasets path /opt/LIBERO/libero/libero/../datasets does not exist!
[goal/viewpoint_medium/aegis] [Warning]: datasets path /opt/LIBERO/libero/libero/../datasets does not exist!
[goal/viewpoint_medium/aegis] [Warning]: datasets path /opt/LIBERO/libero/libero/../datasets does not exist!
[goal/viewpoint_medium/aegis] [Warning]: datasets path /opt/LIBERO/libero/libero/../datasets does not exist!
[goal/viewpoint_medium/aegis] [Warning]: datasets path /opt/LIBERO/libero/libero/../datasets does not exist!
[goal/viewpoint_medium/aegis] [Warning]: datasets path /opt/LIBERO/libero/libero/../datasets does not exist!
[goal/viewpoint_medium/aegis] [Warning]: datasets path /opt/LIBERO/libero/libero/../datasets does not exist!
[goal/viewpoint_medium/aegis] [Warning]: datasets path /opt/LIBERO/libero/libero/../datasets does not exist!
[goal/viewpoint_medium/aegis] [Warning]: datasets path /opt/LIBERO/libero/libero/../datasets does not exist!
[goal/viewpoint_medium/aegis] [Warning]: datasets path /opt/LIBERO/libero/libero/../datasets does not exist!
[goal/viewpoint_medium/aegis] [Warning]: datasets path /opt/LIBERO/libero/libero/../datasets does not exist!
[goal/viewpoint_medium/aegis] [Warning]: datasets path /opt/LIBERO/libero/libero/../datasets does not exist!
[goal/viewpoint_medium/aegis] [Warning]: datasets path /opt/LIBERO/libero/libero/../datasets does not exist!
[goal/viewpoint_medium/aegis] [Warning]: datasets path /opt/LIBERO/libero/libero/../datasets does not exist!
[goal/viewpoint_medium/aegis] Built vec env | suite=libero_goal | task_id=8 | n_envs=10
[goal/viewpoint_large/aegis] [libero_v] viewpoint_large t5: 1/10
[goal/viewpoint_large/aegis] Creating LIBERO envs | suites=['libero_goal'] | n_envs(per task)=10 | init_states=True
[goal/viewpoint_large/aegis] Restricting to task_ids=[6]
[goal/viewpoint_large/aegis] [info] using task orders [0, 1, 2, 3, 4, 5, 6, 7, 8, 9]
[goal/viewpoint_large/aegis] [Warning]: datasets path /opt/LIBERO/libero/libero/../datasets does not exist!
[goal/viewpoint_large/aegis] [Warning]: datasets path /opt/LIBERO/libero/libero/../datasets does not exist!
[goal/viewpoint_large/aegis] [Warning]: datasets path /opt/LIBERO/libero/libero/../datasets does not exist!
[goal/viewpoint_large/aegis] [Warning]: datasets path /opt/LIBERO/libero/libero/../datasets does not exist!
[goal/viewpoint_large/aegis] [Warning]: datasets path /opt/LIBERO/libero/libero/../datasets does not exist!
[goal/viewpoint_large/aegis] [Warning]: datasets path /opt/LIBERO/libero/libero/../datasets does not exist!
[goal/viewpoint_large/aegis] [Warning]: datasets path /opt/LIBERO/libero/libero/../datasets does not exist!
[goal/viewpoint_large/aegis] [Warning]: datasets path /opt/LIBERO/libero/libero/../datasets does not exist!
[goal/viewpoint_large/aegis] [Warning]: datasets path /opt/LIBERO/libero/libero/../datasets does not exist!
[goal/viewpoint_large/aegis] [Warning]: datasets path /opt/LIBERO/libero/libero/../datasets does not exist!
[goal/viewpoint_large/aegis] [Warning]: datasets path /opt/LIBERO/libero/libero/../datasets does not exist!
[goal/viewpoint_large/aegis] [Warning]: datasets path /opt/LIBERO/libero/libero/../datasets does not exist!
[goal/viewpoint_large/aegis] [Warning]: datasets path /opt/LIBERO/libero/libero/../datasets does not exist!
[goal/viewpoint_large/aegis] [Warning]: datasets path /opt/LIBERO/libero/libero/../datasets does not exist!
[goal/viewpoint_large/aegis] [Warning]: datasets path /opt/LIBERO/libero/libero/../datasets does not exist!
[goal/viewpoint_large/aegis] [Warning]: datasets path /opt/LIBERO/libero/libero/../datasets does not exist!
[goal/viewpoint_large/aegis] [Warning]: datasets path /opt/LIBERO/libero/libero/../datasets does not exist!
[goal/viewpoint_large/aegis] [Warning]: datasets path /opt/LIBERO/libero/libero/../datasets does not exist!
[goal/viewpoint_large/aegis] [Warning]: datasets path /opt/LIBERO/libero/libero/../datasets does not exist!
[goal/viewpoint_large/aegis] [Warning]: datasets path /opt/LIBERO/libero/libero/../datasets does not exist!
[goal/viewpoint_large/aegis] Built vec env | suite=libero_goal | task_id=6 | n_envs=10
[object/lighting_1/baseline] [libero_v] lighting_1 t8: 2/10
[object/lighting_1/baseline] Creating LIBERO envs | suites=['libero_object'] | n_envs(per task)=10 | init_states=True
[object/lighting_1/baseline] Restricting to task_ids=[9]
[object/lighting_1/baseline] [info] using task orders [0, 1, 2, 3, 4, 5, 6, 7, 8, 9]
[object/lighting_1/baseline] [Warning]: datasets path /opt/LIBERO/libero/libero/../datasets does not exist!
[object/lighting_1/baseline] [Warning]: datasets path /opt/LIBERO/libero/libero/../datasets does not exist!
[object/lighting_1/baseline] [Warning]: datasets path /opt/LIBERO/libero/libero/../datasets does not exist!
[object/lighting_1/baseline] [Warning]: datasets path /opt/LIBERO/libero/libero/../datasets does not exist!
[object/lighting_1/baseline] [Warning]: datasets path /opt/LIBERO/libero/libero/../datasets does not exist!
[object/lighting_1/baseline] [Warning]: datasets path /opt/LIBERO/libero/libero/../datasets does not exist!
[object/lighting_1/baseline] [Warning]: datasets path /opt/LIBERO/libero/libero/../datasets does not exist!
[object/lighting_1/baseline] [Warning]: datasets path /opt/LIBERO/libero/libero/../datasets does not exist!
[object/lighting_1/baseline] [Warning]: datasets path /opt/LIBERO/libero/libero/../datasets does not exist!
[object/lighting_1/baseline] [Warning]: datasets path /opt/LIBERO/libero/libero/../datasets does not exist!
[object/lighting_1/baseline] [Warning]: datasets path /opt/LIBERO/libero/libero/../datasets does not exist!
[object/lighting_1/baseline] [Warning]: datasets path /opt/LIBERO/libero/libero/../datasets does not exist!
[object/lighting_1/baseline] [Warning]: datasets path /opt/LIBERO/libero/libero/../datasets does not exist!
[object/lighting_1/baseline] [Warning]: datasets path /opt/LIBERO/libero/libero/../datasets does not exist!
[object/lighting_1/baseline] [Warning]: datasets path /opt/LIBERO/libero/libero/../datasets does not exist!
[object/lighting_1/baseline] [Warning]: datasets path /opt/LIBERO/libero/libero/../datasets does not exist!
[object/lighting_1/baseline] [Warning]: datasets path /opt/LIBERO/libero/libero/../datasets does not exist!
[object/lighting_1/baseline] [Warning]: datasets path /opt/LIBERO/libero/libero/../datasets does not exist!
[object/lighting_1/baseline] [Warning]: datasets path /opt/LIBERO/libero/libero/../datasets does not exist!
[object/lighting_1/baseline] [Warning]: datasets path /opt/LIBERO/libero/libero/../datasets does not exist!
[object/lighting_1/baseline] Built vec env | suite=libero_object | task_id=9 | n_envs=10
[goal/viewpoint_large/baseline] [libero_v] viewpoint_large t8: 0/10
[goal/viewpoint_large/baseline] Creating LIBERO envs | suites=['libero_goal'] | n_envs(per task)=10 | init_states=True
[goal/viewpoint_large/baseline] Restricting to task_ids=[9]
[goal/viewpoint_large/baseline] [info] using task orders [0, 1, 2, 3, 4, 5, 6, 7, 8, 9]
[goal/viewpoint_large/baseline] [Warning]: datasets path /opt/LIBERO/libero/libero/../datasets does not exist!
[goal/viewpoint_large/baseline] [Warning]: datasets path /opt/LIBERO/libero/libero/../datasets does not exist!
[goal/viewpoint_large/baseline] [Warning]: datasets path /opt/LIBERO/libero/libero/../datasets does not exist!
[goal/viewpoint_large/baseline] [Warning]: datasets path /opt/LIBERO/libero/libero/../datasets does not exist!
[goal/viewpoint_large/baseline] [Warning]: datasets path /opt/LIBERO/libero/libero/../datasets does not exist!
[goal/viewpoint_large/baseline] [Warning]: datasets path /opt/LIBERO/libero/libero/../datasets does not exist!
[goal/viewpoint_large/baseline] [Warning]: datasets path /opt/LIBERO/libero/libero/../datasets does not exist!
[goal/viewpoint_large/baseline] [Warning]: datasets path /opt/LIBERO/libero/libero/../datasets does not exist!
[goal/viewpoint_large/baseline] [Warning]: datasets path /opt/LIBERO/libero/libero/../datasets does not exist!
[goal/viewpoint_large/baseline] [Warning]: datasets path /opt/LIBERO/libero/libero/../datasets does not exist!
[goal/viewpoint_large/baseline] [Warning]: datasets path /opt/LIBERO/libero/libero/../datasets does not exist!
[goal/viewpoint_large/baseline] [Warning]: datasets path /opt/LIBERO/libero/libero/../datasets does not exist!
[goal/viewpoint_large/baseline] [Warning]: datasets path /opt/LIBERO/libero/libero/../datasets does not exist!
[goal/viewpoint_large/baseline] [Warning]: datasets path /opt/LIBERO/libero/libero/../datasets does not exist!
[goal/viewpoint_large/baseline] [Warning]: datasets path /opt/LIBERO/libero/libero/../datasets does not exist!
[goal/viewpoint_large/baseline] [Warning]: datasets path /opt/LIBERO/libero/libero/../datasets does not exist!
[goal/viewpoint_large/baseline] [Warning]: datasets path /opt/LIBERO/libero/libero/../datasets does not exist!
[goal/viewpoint_large/baseline] [Warning]: datasets path /opt/LIBERO/libero/libero/../datasets does not exist!
[goal/viewpoint_large/baseline] [Warning]: datasets path /opt/LIBERO/libero/libero/../datasets does not exist!
[goal/viewpoint_large/baseline] [Warning]: datasets path /opt/LIBERO/libero/libero/../datasets does not exist!
[goal/viewpoint_large/baseline] Built vec env | suite=libero_goal | task_id=9 | n_envs=10
[goal/viewpoint_large/aegis] [libero_v] viewpoint_large t6: 0/10
[goal/viewpoint_large/aegis] Creating LIBERO envs | suites=['libero_goal'] | n_envs(per task)=10 | init_states=True
[goal/viewpoint_large/aegis] Restricting to task_ids=[7]
[goal/viewpoint_large/aegis] [info] using task orders [0, 1, 2, 3, 4, 5, 6, 7, 8, 9]
[goal/viewpoint_large/aegis] [Warning]: datasets path /opt/LIBERO/libero/libero/../datasets does not exist!
[goal/viewpoint_large/aegis] [Warning]: datasets path /opt/LIBERO/libero/libero/../datasets does not exist!
[goal/viewpoint_large/aegis] [Warning]: datasets path /opt/LIBERO/libero/libero/../datasets does not exist!
[goal/viewpoint_large/aegis] [Warning]: datasets path /opt/LIBERO/libero/libero/../datasets does not exist!
[goal/viewpoint_large/aegis] [Warning]: datasets path /opt/LIBERO/libero/libero/../datasets does not exist!
[goal/viewpoint_large/aegis] [Warning]: datasets path /opt/LIBERO/libero/libero/../datasets does not exist!
[goal/viewpoint_large/aegis] [Warning]: datasets path /opt/LIBERO/libero/libero/../datasets does not exist!
[goal/viewpoint_large/aegis] [Warning]: datasets path /opt/LIBERO/libero/libero/../datasets does not exist!
[goal/viewpoint_large/aegis] [Warning]: datasets path /opt/LIBERO/libero/libero/../datasets does not exist!
[goal/viewpoint_large/aegis] [Warning]: datasets path /opt/LIBERO/libero/libero/../datasets does not exist!
[goal/viewpoint_large/aegis] [Warning]: datasets path /opt/LIBERO/libero/libero/../datasets does not exist!
[goal/viewpoint_large/aegis] [Warning]: datasets path /opt/LIBERO/libero/libero/../datasets does not exist!
[goal/viewpoint_large/aegis] [Warning]: datasets path /opt/LIBERO/libero/libero/../datasets does not exist!
[goal/viewpoint_large/aegis] [Warning]: datasets path /opt/LIBERO/libero/libero/../datasets does not exist!
[goal/viewpoint_large/aegis] [Warning]: datasets path /opt/LIBERO/libero/libero/../datasets does not exist!
[goal/viewpoint_large/aegis] [Warning]: datasets path /opt/LIBERO/libero/libero/../datasets does not exist!
[goal/viewpoint_large/aegis] [Warning]: datasets path /opt/LIBERO/libero/libero/../datasets does not exist!
[goal/viewpoint_large/aegis] [Warning]: datasets path /opt/LIBERO/libero/libero/../datasets does not exist!
[goal/viewpoint_large/aegis] [Warning]: datasets path /opt/LIBERO/libero/libero/../datasets does not exist!
[goal/viewpoint_large/aegis] [Warning]: datasets path /opt/LIBERO/libero/libero/../datasets does not exist!
[goal/viewpoint_large/aegis] Built vec env | suite=libero_goal | task_id=7 | n_envs=10
[goal/viewpoint_medium/aegis] [libero_v] viewpoint_medium t8: 1/10
[goal/viewpoint_medium/aegis] Creating LIBERO envs | suites=['libero_goal'] | n_envs(per task)=10 | init_states=True
[goal/viewpoint_medium/aegis] Restricting to task_ids=[9]
[goal/viewpoint_medium/aegis] [info] using task orders [0, 1, 2, 3, 4, 5, 6, 7, 8, 9]
[goal/viewpoint_medium/aegis] [Warning]: datasets path /opt/LIBERO/libero/libero/../datasets does not exist!
[goal/viewpoint_medium/aegis] [Warning]: datasets path /opt/LIBERO/libero/libero/../datasets does not exist!
[goal/viewpoint_medium/aegis] [Warning]: datasets path /opt/LIBERO/libero/libero/../datasets does not exist!
[goal/viewpoint_medium/aegis] [Warning]: datasets path /opt/LIBERO/libero/libero/../datasets does not exist!
[goal/viewpoint_medium/aegis] [Warning]: datasets path /opt/LIBERO/libero/libero/../datasets does not exist!
[goal/viewpoint_medium/aegis] [Warning]: datasets path /opt/LIBERO/libero/libero/../datasets does not exist!
[goal/viewpoint_medium/aegis] [Warning]: datasets path /opt/LIBERO/libero/libero/../datasets does not exist!
[goal/viewpoint_medium/aegis] [Warning]: datasets path /opt/LIBERO/libero/libero/../datasets does not exist!
[goal/viewpoint_medium/aegis] [Warning]: datasets path /opt/LIBERO/libero/libero/../datasets does not exist!
[goal/viewpoint_medium/aegis] [Warning]: datasets path /opt/LIBERO/libero/libero/../datasets does not exist!
[goal/viewpoint_medium/aegis] [Warning]: datasets path /opt/LIBERO/libero/libero/../datasets does not exist!
[goal/viewpoint_medium/aegis] [Warning]: datasets path /opt/LIBERO/libero/libero/../datasets does not exist!
[goal/viewpoint_medium/aegis] [Warning]: datasets path /opt/LIBERO/libero/libero/../datasets does not exist!
[goal/viewpoint_medium/aegis] [Warning]: datasets path /opt/LIBERO/libero/libero/../datasets does not exist!
[goal/viewpoint_medium/aegis] [Warning]: datasets path /opt/LIBERO/libero/libero/../datasets does not exist!
[goal/viewpoint_medium/aegis] [Warning]: datasets path /opt/LIBERO/libero/libero/../datasets does not exist!
[goal/viewpoint_large/aegis] [libero_v] viewpoint_large t7: 10/10
[goal/viewpoint_large/aegis] Creating LIBERO envs | suites=['libero_goal'] | n_envs(per task)=10 | init_states=True
[goal/viewpoint_large/aegis] Restricting to task_ids=[8]
[goal/viewpoint_large/aegis] [info] using task orders [0, 1, 2, 3, 4, 5, 6, 7, 8, 9]
[goal/viewpoint_large/aegis] [Warning]: datasets path /opt/LIBERO/libero/libero/../datasets does not exist!
[goal/viewpoint_large/aegis] [Warning]: datasets path /opt/LIBERO/libero/libero/../datasets does not exist!
[goal/viewpoint_medium/aegis] [Warning]: datasets path /opt/LIBERO/libero/libero/../datasets does not exist!
[goal/viewpoint_medium/aegis] [Warning]: datasets path /opt/LIBERO/libero/libero/../datasets does not exist!
[goal/viewpoint_large/aegis] [Warning]: datasets path /opt/LIBERO/libero/libero/../datasets does not exist!
[goal/viewpoint_large/aegis] [Warning]: datasets path /opt/LIBERO/libero/libero/../datasets does not exist!
[goal/viewpoint_medium/aegis] [Warning]: datasets path /opt/LIBERO/libero/libero/../datasets does not exist!
[goal/viewpoint_medium/aegis] [Warning]: datasets path /opt/LIBERO/libero/libero/../datasets does not exist!
[goal/viewpoint_large/aegis] [Warning]: datasets path /opt/LIBERO/libero/libero/../datasets does not exist!
[goal/viewpoint_large/aegis] [Warning]: datasets path /opt/LIBERO/libero/libero/../datasets does not exist!
[goal/viewpoint_large/aegis] [Warning]: datasets path /opt/LIBERO/libero/libero/../datasets does not exist!
[goal/viewpoint_large/aegis] [Warning]: datasets path /opt/LIBERO/libero/libero/../datasets does not exist!
[goal/viewpoint_medium/aegis] Built vec env | suite=libero_goal | task_id=9 | n_envs=10
[goal/viewpoint_large/aegis] [Warning]: datasets path /opt/LIBERO/libero/libero/../datasets does not exist!
[goal/viewpoint_large/aegis] [Warning]: datasets path /opt/LIBERO/libero/libero/../datasets does not exist!
[goal/viewpoint_large/aegis] [Warning]: datasets path /opt/LIBERO/libero/libero/../datasets does not exist!
[goal/viewpoint_large/aegis] [Warning]: datasets path /opt/LIBERO/libero/libero/../datasets does not exist!
[goal/viewpoint_large/aegis] [Warning]: datasets path /opt/LIBERO/libero/libero/../datasets does not exist!
[goal/viewpoint_large/aegis] [Warning]: datasets path /opt/LIBERO/libero/libero/../datasets does not exist!
[goal/viewpoint_large/aegis] [Warning]: datasets path /opt/LIBERO/libero/libero/../datasets does not exist!
[goal/viewpoint_large/aegis] [Warning]: datasets path /opt/LIBERO/libero/libero/../datasets does not exist!
[goal/viewpoint_large/aegis] [Warning]: datasets path /opt/LIBERO/libero/libero/../datasets does not exist!
[goal/viewpoint_large/aegis] [Warning]: datasets path /opt/LIBERO/libero/libero/../datasets does not exist!
[goal/viewpoint_large/aegis] [Warning]: datasets path /opt/LIBERO/libero/libero/../datasets does not exist!
[goal/viewpoint_large/aegis] [Warning]: datasets path /opt/LIBERO/libero/libero/../datasets does not exist!
[goal/viewpoint_large/aegis] Built vec env | suite=libero_goal | task_id=8 | n_envs=10
[object/lighting_1/baseline] [libero_v] lighting_1 t9: 5/10
[object/lighting_1/baseline] [libero_v] == lighting_1: SR=58.0% [48.2,67.2] n=100
[object/lighting_1/baseline] 
[object/lighting_1/baseline] ==== LIBERO-V summary (baseline) ====
[object/lighting_1/baseline]   lighting_1          58.0%  [48.2,67.2]  n=100
[object/lighting_1/baseline]   AVG across conditions  58.0%
[cell DONE] object/lighting_1/baseline rc=0 sr=58.0
[cell START] object/lighting_1/aegis n_envs=10 tasks=0,1,2,3,4,5,6,7,8,9 ep=10 record=False
[goal/viewpoint_large/baseline] [libero_v] viewpoint_large t9: 2/10
[goal/viewpoint_large/baseline] [libero_v] == viewpoint_large: SR=8.0% [4.1,15.0] n=100
[goal/viewpoint_large/baseline] 
[goal/viewpoint_large/baseline] ==== LIBERO-V summary (baseline) ====
[goal/viewpoint_large/baseline]   viewpoint_large      8.0%  [ 4.1,15.0]  n=100
[goal/viewpoint_large/baseline]   AVG across conditions   8.0%
[cell DONE] goal/viewpoint_large/baseline rc=0 sr=8.0
[object/lighting_1/aegis] Loading  HuggingFaceTB/SmolVLM2-500M-Instruct weights ...
[object/lighting_1/aegis] `torch_dtype` is deprecated! Use `dtype` instead!
[object/lighting_1/aegis] Reducing the number of VLM layers to 16 ...
[object/lighting_1/aegis] Loading weights from local directory
[object/lighting_1/aegis] [rib] injected RobustIB  params=2.56M  d_z=512  fusion_coeff init=0.500 (vanilla at init)
[object/lighting_1/aegis] [rib] loaded /assets/sib_vla/results/ib_on86/rib_on86.pt  fusion_coeff=0.500  step=3000
[object/lighting_1/aegis] [libero_v] method=aegis  TE=True  n_action_steps=1  H=50 d=7
[object/lighting_1/aegis] [robosuite WARNING] No private macro file found! (__init__.py:7)
[object/lighting_1/aegis] WARNING:robosuite_logs:No private macro file found!
[object/lighting_1/aegis] [robosuite WARNING] It is recommended to use a private macro file (__init__.py:8)
[object/lighting_1/aegis] WARNING:robosuite_logs:It is recommended to use a private macro file
[object/lighting_1/aegis] [robosuite WARNING] To setup, run: python /usr/local/lib/python3.11/site-packages/robosuite/scripts/setup_macros.py (__init__.py:9)
[object/lighting_1/aegis] WARNING:robosuite_logs:To setup, run: python /usr/local/lib/python3.11/site-packages/robosuite/scripts/setup_macros.py
[object/lighting_1/aegis] Gym has been unmaintained since 2022 and does not support NumPy 2.0 amongst other critical functionality.
[object/lighting_1/aegis] Please upgrade to Gymnasium, the maintained drop-in replacement of Gym, or contact the authors of your software and request that they upgrade.
[object/lighting_1/aegis] Users of this version of Gym should be able to simply replace 'import gym' with 'import gymnasium as gym' in the vast majority of cases.
[object/lighting_1/aegis] See the migration guide at https://gymnasium.farama.org/introduction/migration_guide/ for additional information.
[object/lighting_1/aegis] [info] using task orders [0, 1, 2, 3, 4, 5, 6, 7, 8, 9]
[object/lighting_1/aegis] Creating LIBERO envs | suites=['libero_object'] | n_envs(per task)=10 | init_states=True
[object/lighting_1/aegis] Restricting to task_ids=[0]
[object/lighting_1/aegis] [info] using task orders [0, 1, 2, 3, 4, 5, 6, 7, 8, 9]
[object/lighting_1/aegis] [Warning]: datasets path /opt/LIBERO/libero/libero/../datasets does not exist!
[object/lighting_1/aegis] [Warning]: datasets path /opt/LIBERO/libero/libero/../datasets does not exist!
[object/lighting_1/aegis] [Warning]: datasets path /opt/LIBERO/libero/libero/../datasets does not exist!
[object/lighting_1/aegis] [Warning]: datasets path /opt/LIBERO/libero/libero/../datasets does not exist!
[object/lighting_1/aegis] [Warning]: datasets path /opt/LIBERO/libero/libero/../datasets does not exist!
[object/lighting_1/aegis] [Warning]: datasets path /opt/LIBERO/libero/libero/../datasets does not exist!
[object/lighting_1/aegis] [Warning]: datasets path /opt/LIBERO/libero/libero/../datasets does not exist!
[object/lighting_1/aegis] [Warning]: datasets path /opt/LIBERO/libero/libero/../datasets does not exist!
[object/lighting_1/aegis] [Warning]: datasets path /opt/LIBERO/libero/libero/../datasets does not exist!
[object/lighting_1/aegis] [Warning]: datasets path /opt/LIBERO/libero/libero/../datasets does not exist!
[object/lighting_1/aegis] [Warning]: datasets path /opt/LIBERO/libero/libero/../datasets does not exist!
[object/lighting_1/aegis] [Warning]: datasets path /opt/LIBERO/libero/libero/../datasets does not exist!
[object/lighting_1/aegis] [Warning]: datasets path /opt/LIBERO/libero/libero/../datasets does not exist!
[object/lighting_1/aegis] [Warning]: datasets path /opt/LIBERO/libero/libero/../datasets does not exist!
[object/lighting_1/aegis] [Warning]: datasets path /opt/LIBERO/libero/libero/../datasets does not exist!
[object/lighting_1/aegis] [Warning]: datasets path /opt/LIBERO/libero/libero/../datasets does not exist!
[object/lighting_1/aegis] [Warning]: datasets path /opt/LIBERO/libero/libero/../datasets does not exist!
[object/lighting_1/aegis] [Warning]: datasets path /opt/LIBERO/libero/libero/../datasets does not exist!
[object/lighting_1/aegis] [Warning]: datasets path /opt/LIBERO/libero/libero/../datasets does not exist!
[object/lighting_1/aegis] [Warning]: datasets path /opt/LIBERO/libero/libero/../datasets does not exist!
[object/lighting_1/aegis] Built vec env | suite=libero_object | task_id=0 | n_envs=10
[goal/viewpoint_large/aegis] [libero_v] viewpoint_large t8: 0/10
[goal/viewpoint_large/aegis] Creating LIBERO envs | suites=['libero_goal'] | n_envs(per task)=10 | init_states=True
[goal/viewpoint_large/aegis] Restricting to task_ids=[9]
[goal/viewpoint_large/aegis] [info] using task orders [0, 1, 2, 3, 4, 5, 6, 7, 8, 9]
[goal/viewpoint_large/aegis] [Warning]: datasets path /opt/LIBERO/libero/libero/../datasets does not exist!
[goal/viewpoint_large/aegis] [Warning]: datasets path /opt/LIBERO/libero/libero/../datasets does not exist!
[goal/viewpoint_large/aegis] [Warning]: datasets path /opt/LIBERO/libero/libero/../datasets does not exist!
[goal/viewpoint_large/aegis] [Warning]: datasets path /opt/LIBERO/libero/libero/../datasets does not exist!
[goal/viewpoint_large/aegis] [Warning]: datasets path /opt/LIBERO/libero/libero/../datasets does not exist!
[goal/viewpoint_large/aegis] [Warning]: datasets path /opt/LIBERO/libero/libero/../datasets does not exist!
[goal/viewpoint_large/aegis] [Warning]: datasets path /opt/LIBERO/libero/libero/../datasets does not exist!
[goal/viewpoint_large/aegis] [Warning]: datasets path /opt/LIBERO/libero/libero/../datasets does not exist!
[goal/viewpoint_large/aegis] [Warning]: datasets path /opt/LIBERO/libero/libero/../datasets does not exist!
[goal/viewpoint_large/aegis] [Warning]: datasets path /opt/LIBERO/libero/libero/../datasets does not exist!
[goal/viewpoint_large/aegis] [Warning]: datasets path /opt/LIBERO/libero/libero/../datasets does not exist!
[goal/viewpoint_large/aegis] [Warning]: datasets path /opt/LIBERO/libero/libero/../datasets does not exist!
[goal/viewpoint_large/aegis] [Warning]: datasets path /opt/LIBERO/libero/libero/../datasets does not exist!
[goal/viewpoint_large/aegis] [Warning]: datasets path /opt/LIBERO/libero/libero/../datasets does not exist!
[goal/viewpoint_large/aegis] [Warning]: datasets path /opt/LIBERO/libero/libero/../datasets does not exist!
[goal/viewpoint_large/aegis] [Warning]: datasets path /opt/LIBERO/libero/libero/../datasets does not exist!
[goal/viewpoint_large/aegis] [Warning]: datasets path /opt/LIBERO/libero/libero/../datasets does not exist!
[goal/viewpoint_large/aegis] [Warning]: datasets path /opt/LIBERO/libero/libero/../datasets does not exist!
[goal/viewpoint_large/aegis] [Warning]: datasets path /opt/LIBERO/libero/libero/../datasets does not exist!
[goal/viewpoint_large/aegis] [Warning]: datasets path /opt/LIBERO/libero/libero/../datasets does not exist!
[goal/viewpoint_large/aegis] Built vec env | suite=libero_goal | task_id=9 | n_envs=10
[goal/viewpoint_medium/aegis] [libero_v] viewpoint_medium t9: 8/10
[goal/viewpoint_medium/aegis] [libero_v] == viewpoint_medium: SR=43.0% [33.7,52.8] n=100
[goal/viewpoint_medium/aegis] 
[goal/viewpoint_medium/aegis] ==== LIBERO-V summary (aegis) ====
[goal/viewpoint_medium/aegis]   viewpoint_medium    43.0%  [33.7,52.8]  n=100
[goal/viewpoint_medium/aegis]   AVG across conditions  43.0%
[cell DONE] goal/viewpoint_medium/aegis rc=0 sr=43.0
[object/lighting_1/aegis] [libero_v] lighting_1 t0: 9/10
[object/lighting_1/aegis] Creating LIBERO envs | suites=['libero_object'] | n_envs(per task)=10 | init_states=True
[object/lighting_1/aegis] Restricting to task_ids=[1]
[object/lighting_1/aegis] [info] using task orders [0, 1, 2, 3, 4, 5, 6, 7, 8, 9]
[object/lighting_1/aegis] [Warning]: datasets path /opt/LIBERO/libero/libero/../datasets does not exist!
[object/lighting_1/aegis] [Warning]: datasets path /opt/LIBERO/libero/libero/../datasets does not exist!
[object/lighting_1/aegis] [Warning]: datasets path /opt/LIBERO/libero/libero/../datasets does not exist!
[object/lighting_1/aegis] [Warning]: datasets path /opt/LIBERO/libero/libero/../datasets does not exist!
[object/lighting_1/aegis] [Warning]: datasets path /opt/LIBERO/libero/libero/../datasets does not exist!
[object/lighting_1/aegis] [Warning]: datasets path /opt/LIBERO/libero/libero/../datasets does not exist!
[object/lighting_1/aegis] [Warning]: datasets path /opt/LIBERO/libero/libero/../datasets does not exist!
[object/lighting_1/aegis] [Warning]: datasets path /opt/LIBERO/libero/libero/../datasets does not exist!
[object/lighting_1/aegis] [Warning]: datasets path /opt/LIBERO/libero/libero/../datasets does not exist!
[object/lighting_1/aegis] [Warning]: datasets path /opt/LIBERO/libero/libero/../datasets does not exist!
[object/lighting_1/aegis] [Warning]: datasets path /opt/LIBERO/libero/libero/../datasets does not exist!
[object/lighting_1/aegis] [Warning]: datasets path /opt/LIBERO/libero/libero/../datasets does not exist!
[object/lighting_1/aegis] [Warning]: datasets path /opt/LIBERO/libero/libero/../datasets does not exist!
[object/lighting_1/aegis] [Warning]: datasets path /opt/LIBERO/libero/libero/../datasets does not exist!
[object/lighting_1/aegis] [Warning]: datasets path /opt/LIBERO/libero/libero/../datasets does not exist!
[object/lighting_1/aegis] [Warning]: datasets path /opt/LIBERO/libero/libero/../datasets does not exist!
[object/lighting_1/aegis] [Warning]: datasets path /opt/LIBERO/libero/libero/../datasets does not exist!
[object/lighting_1/aegis] [Warning]: datasets path /opt/LIBERO/libero/libero/../datasets does not exist!
[object/lighting_1/aegis] [Warning]: datasets path /opt/LIBERO/libero/libero/../datasets does not exist!
[object/lighting_1/aegis] [Warning]: datasets path /opt/LIBERO/libero/libero/../datasets does not exist!
[object/lighting_1/aegis] Built vec env | suite=libero_object | task_id=1 | n_envs=10
[goal/viewpoint_large/aegis] [libero_v] viewpoint_large t9: 8/10
[goal/viewpoint_large/aegis] [libero_v] == viewpoint_large: SR=29.0% [21.0,38.5] n=100
[goal/viewpoint_large/aegis] 
[goal/viewpoint_large/aegis] ==== LIBERO-V summary (aegis) ====
[goal/viewpoint_large/aegis]   viewpoint_large     29.0%  [21.0,38.5]  n=100
[goal/viewpoint_large/aegis]   AVG across conditions  29.0%
[cell DONE] goal/viewpoint_large/aegis rc=0 sr=29.0
[object/lighting_1/aegis] [libero_v] lighting_1 t1: 10/10
[object/lighting_1/aegis] Creating LIBERO envs | suites=['libero_object'] | n_envs(per task)=10 | init_states=True
[object/lighting_1/aegis] Restricting to task_ids=[2]
[object/lighting_1/aegis] [info] using task orders [0, 1, 2, 3, 4, 5, 6, 7, 8, 9]
[object/lighting_1/aegis] [Warning]: datasets path /opt/LIBERO/libero/libero/../datasets does not exist!
[object/lighting_1/aegis] [Warning]: datasets path /opt/LIBERO/libero/libero/../datasets does not exist!
[object/lighting_1/aegis] [Warning]: datasets path /opt/LIBERO/libero/libero/../datasets does not exist!
[object/lighting_1/aegis] [Warning]: datasets path /opt/LIBERO/libero/libero/../datasets does not exist!
[object/lighting_1/aegis] [Warning]: datasets path /opt/LIBERO/libero/libero/../datasets does not exist!
[object/lighting_1/aegis] [Warning]: datasets path /opt/LIBERO/libero/libero/../datasets does not exist!
[object/lighting_1/aegis] [Warning]: datasets path /opt/LIBERO/libero/libero/../datasets does not exist!
[object/lighting_1/aegis] [Warning]: datasets path /opt/LIBERO/libero/libero/../datasets does not exist!
[object/lighting_1/aegis] [Warning]: datasets path /opt/LIBERO/libero/libero/../datasets does not exist!
[object/lighting_1/aegis] [Warning]: datasets path /opt/LIBERO/libero/libero/../datasets does not exist!
[object/lighting_1/aegis] [Warning]: datasets path /opt/LIBERO/libero/libero/../datasets does not exist!
[object/lighting_1/aegis] [Warning]: datasets path /opt/LIBERO/libero/libero/../datasets does not exist!
[object/lighting_1/aegis] [Warning]: datasets path /opt/LIBERO/libero/libero/../datasets does not exist!
[object/lighting_1/aegis] [Warning]: datasets path /opt/LIBERO/libero/libero/../datasets does not exist!
[object/lighting_1/aegis] [Warning]: datasets path /opt/LIBERO/libero/libero/../datasets does not exist!
[object/lighting_1/aegis] [Warning]: datasets path /opt/LIBERO/libero/libero/../datasets does not exist!
[object/lighting_1/aegis] [Warning]: datasets path /opt/LIBERO/libero/libero/../datasets does not exist!
[object/lighting_1/aegis] [Warning]: datasets path /opt/LIBERO/libero/libero/../datasets does not exist!
[object/lighting_1/aegis] [Warning]: datasets path /opt/LIBERO/libero/libero/../datasets does not exist!
[object/lighting_1/aegis] [Warning]: datasets path /opt/LIBERO/libero/libero/../datasets does not exist!
[object/lighting_1/aegis] Built vec env | suite=libero_object | task_id=2 | n_envs=10
[object/lighting_1/aegis] [libero_v] lighting_1 t2: 10/10
[object/lighting_1/aegis] Creating LIBERO envs | suites=['libero_object'] | n_envs(per task)=10 | init_states=True
[object/lighting_1/aegis] Restricting to task_ids=[3]
[object/lighting_1/aegis] [info] using task orders [0, 1, 2, 3, 4, 5, 6, 7, 8, 9]
[object/lighting_1/aegis] [Warning]: datasets path /opt/LIBERO/libero/libero/../datasets does not exist!
[object/lighting_1/aegis] [Warning]: datasets path /opt/LIBERO/libero/libero/../datasets does not exist!
[object/lighting_1/aegis] [Warning]: datasets path /opt/LIBERO/libero/libero/../datasets does not exist!
[object/lighting_1/aegis] [Warning]: datasets path /opt/LIBERO/libero/libero/../datasets does not exist!
[object/lighting_1/aegis] [Warning]: datasets path /opt/LIBERO/libero/libero/../datasets does not exist!
[object/lighting_1/aegis] [Warning]: datasets path /opt/LIBERO/libero/libero/../datasets does not exist!
[object/lighting_1/aegis] [Warning]: datasets path /opt/LIBERO/libero/libero/../datasets does not exist!
[object/lighting_1/aegis] [Warning]: datasets path /opt/LIBERO/libero/libero/../datasets does not exist!
[object/lighting_1/aegis] [Warning]: datasets path /opt/LIBERO/libero/libero/../datasets does not exist!
[object/lighting_1/aegis] [Warning]: datasets path /opt/LIBERO/libero/libero/../datasets does not exist!
[object/lighting_1/aegis] [Warning]: datasets path /opt/LIBERO/libero/libero/../datasets does not exist!
[object/lighting_1/aegis] [Warning]: datasets path /opt/LIBERO/libero/libero/../datasets does not exist!
[object/lighting_1/aegis] [Warning]: datasets path /opt/LIBERO/libero/libero/../datasets does not exist!
[object/lighting_1/aegis] [Warning]: datasets path /opt/LIBERO/libero/libero/../datasets does not exist!
[object/lighting_1/aegis] [Warning]: datasets path /opt/LIBERO/libero/libero/../datasets does not exist!
[object/lighting_1/aegis] [Warning]: datasets path /opt/LIBERO/libero/libero/../datasets does not exist!
[object/lighting_1/aegis] [Warning]: datasets path /opt/LIBERO/libero/libero/../datasets does not exist!
[object/lighting_1/aegis] [Warning]: datasets path /opt/LIBERO/libero/libero/../datasets does not exist!
[object/lighting_1/aegis] [Warning]: datasets path /opt/LIBERO/libero/libero/../datasets does not exist!
[object/lighting_1/aegis] [Warning]: datasets path /opt/LIBERO/libero/libero/../datasets does not exist!
[object/lighting_1/aegis] Built vec env | suite=libero_object | task_id=3 | n_envs=10
[object/lighting_1/aegis] [libero_v] lighting_1 t3: 5/10
[object/lighting_1/aegis] Creating LIBERO envs | suites=['libero_object'] | n_envs(per task)=10 | init_states=True
[object/lighting_1/aegis] Restricting to task_ids=[4]
[object/lighting_1/aegis] [info] using task orders [0, 1, 2, 3, 4, 5, 6, 7, 8, 9]
[object/lighting_1/aegis] [Warning]: datasets path /opt/LIBERO/libero/libero/../datasets does not exist!
[object/lighting_1/aegis] [Warning]: datasets path /opt/LIBERO/libero/libero/../datasets does not exist!
[object/lighting_1/aegis] [Warning]: datasets path /opt/LIBERO/libero/libero/../datasets does not exist!
[object/lighting_1/aegis] [Warning]: datasets path /opt/LIBERO/libero/libero/../datasets does not exist!
[object/lighting_1/aegis] [Warning]: datasets path /opt/LIBERO/libero/libero/../datasets does not exist!
[object/lighting_1/aegis] [Warning]: datasets path /opt/LIBERO/libero/libero/../datasets does not exist!
[object/lighting_1/aegis] [Warning]: datasets path /opt/LIBERO/libero/libero/../datasets does not exist!
[object/lighting_1/aegis] [Warning]: datasets path /opt/LIBERO/libero/libero/../datasets does not exist!
[object/lighting_1/aegis] [Warning]: datasets path /opt/LIBERO/libero/libero/../datasets does not exist!
[object/lighting_1/aegis] [Warning]: datasets path /opt/LIBERO/libero/libero/../datasets does not exist!
[object/lighting_1/aegis] [Warning]: datasets path /opt/LIBERO/libero/libero/../datasets does not exist!
[object/lighting_1/aegis] [Warning]: datasets path /opt/LIBERO/libero/libero/../datasets does not exist!
[object/lighting_1/aegis] [Warning]: datasets path /opt/LIBERO/libero/libero/../datasets does not exist!
[object/lighting_1/aegis] [Warning]: datasets path /opt/LIBERO/libero/libero/../datasets does not exist!
[object/lighting_1/aegis] [Warning]: datasets path /opt/LIBERO/libero/libero/../datasets does not exist!
[object/lighting_1/aegis] [Warning]: datasets path /opt/LIBERO/libero/libero/../datasets does not exist!
[object/lighting_1/aegis] [Warning]: datasets path /opt/LIBERO/libero/libero/../datasets does not exist!
[object/lighting_1/aegis] [Warning]: datasets path /opt/LIBERO/libero/libero/../datasets does not exist!
[object/lighting_1/aegis] [Warning]: datasets path /opt/LIBERO/libero/libero/../datasets does not exist!
[object/lighting_1/aegis] [Warning]: datasets path /opt/LIBERO/libero/libero/../datasets does not exist!
[object/lighting_1/aegis] Built vec env | suite=libero_object | task_id=4 | n_envs=10
[object/lighting_1/aegis] [libero_v] lighting_1 t4: 9/10
[object/lighting_1/aegis] Creating LIBERO envs | suites=['libero_object'] | n_envs(per task)=10 | init_states=True
[object/lighting_1/aegis] Restricting to task_ids=[5]
[object/lighting_1/aegis] [info] using task orders [0, 1, 2, 3, 4, 5, 6, 7, 8, 9]
[object/lighting_1/aegis] [Warning]: datasets path /opt/LIBERO/libero/libero/../datasets does not exist!
[object/lighting_1/aegis] [Warning]: datasets path /opt/LIBERO/libero/libero/../datasets does not exist!
[object/lighting_1/aegis] [Warning]: datasets path /opt/LIBERO/libero/libero/../datasets does not exist!
[object/lighting_1/aegis] [Warning]: datasets path /opt/LIBERO/libero/libero/../datasets does not exist!
[object/lighting_1/aegis] [Warning]: datasets path /opt/LIBERO/libero/libero/../datasets does not exist!
[object/lighting_1/aegis] [Warning]: datasets path /opt/LIBERO/libero/libero/../datasets does not exist!
[object/lighting_1/aegis] [Warning]: datasets path /opt/LIBERO/libero/libero/../datasets does not exist!
[object/lighting_1/aegis] [Warning]: datasets path /opt/LIBERO/libero/libero/../datasets does not exist!
[object/lighting_1/aegis] [Warning]: datasets path /opt/LIBERO/libero/libero/../datasets does not exist!
[object/lighting_1/aegis] [Warning]: datasets path /opt/LIBERO/libero/libero/../datasets does not exist!
[object/lighting_1/aegis] [Warning]: datasets path /opt/LIBERO/libero/libero/../datasets does not exist!
[object/lighting_1/aegis] [Warning]: datasets path /opt/LIBERO/libero/libero/../datasets does not exist!
[object/lighting_1/aegis] [Warning]: datasets path /opt/LIBERO/libero/libero/../datasets does not exist!
[object/lighting_1/aegis] [Warning]: datasets path /opt/LIBERO/libero/libero/../datasets does not exist!
[object/lighting_1/aegis] [Warning]: datasets path /opt/LIBERO/libero/libero/../datasets does not exist!
[object/lighting_1/aegis] [Warning]: datasets path /opt/LIBERO/libero/libero/../datasets does not exist!
[object/lighting_1/aegis] [Warning]: datasets path /opt/LIBERO/libero/libero/../datasets does not exist!
[object/lighting_1/aegis] [Warning]: datasets path /opt/LIBERO/libero/libero/../datasets does not exist!
[object/lighting_1/aegis] [Warning]: datasets path /opt/LIBERO/libero/libero/../datasets does not exist!
[object/lighting_1/aegis] [Warning]: datasets path /opt/LIBERO/libero/libero/../datasets does not exist!
[object/lighting_1/aegis] Built vec env | suite=libero_object | task_id=5 | n_envs=10
[object/lighting_1/aegis] [libero_v] lighting_1 t5: 10/10
[object/lighting_1/aegis] Creating LIBERO envs | suites=['libero_object'] | n_envs(per task)=10 | init_states=True
[object/lighting_1/aegis] Restricting to task_ids=[6]
[object/lighting_1/aegis] [info] using task orders [0, 1, 2, 3, 4, 5, 6, 7, 8, 9]
[object/lighting_1/aegis] [Warning]: datasets path /opt/LIBERO/libero/libero/../datasets does not exist!
[object/lighting_1/aegis] [Warning]: datasets path /opt/LIBERO/libero/libero/../datasets does not exist!
[object/lighting_1/aegis] [Warning]: datasets path /opt/LIBERO/libero/libero/../datasets does not exist!
[object/lighting_1/aegis] [Warning]: datasets path /opt/LIBERO/libero/libero/../datasets does not exist!
[object/lighting_1/aegis] [Warning]: datasets path /opt/LIBERO/libero/libero/../datasets does not exist!
[object/lighting_1/aegis] [Warning]: datasets path /opt/LIBERO/libero/libero/../datasets does not exist!
[object/lighting_1/aegis] [Warning]: datasets path /opt/LIBERO/libero/libero/../datasets does not exist!
[object/lighting_1/aegis] [Warning]: datasets path /opt/LIBERO/libero/libero/../datasets does not exist!
[object/lighting_1/aegis] [Warning]: datasets path /opt/LIBERO/libero/libero/../datasets does not exist!
[object/lighting_1/aegis] [Warning]: datasets path /opt/LIBERO/libero/libero/../datasets does not exist!
[object/lighting_1/aegis] [Warning]: datasets path /opt/LIBERO/libero/libero/../datasets does not exist!
[object/lighting_1/aegis] [Warning]: datasets path /opt/LIBERO/libero/libero/../datasets does not exist!
[object/lighting_1/aegis] [Warning]: datasets path /opt/LIBERO/libero/libero/../datasets does not exist!
[object/lighting_1/aegis] [Warning]: datasets path /opt/LIBERO/libero/libero/../datasets does not exist!
[object/lighting_1/aegis] [Warning]: datasets path /opt/LIBERO/libero/libero/../datasets does not exist!
[object/lighting_1/aegis] [Warning]: datasets path /opt/LIBERO/libero/libero/../datasets does not exist!
[object/lighting_1/aegis] [Warning]: datasets path /opt/LIBERO/libero/libero/../datasets does not exist!
[object/lighting_1/aegis] [Warning]: datasets path /opt/LIBERO/libero/libero/../datasets does not exist!
[object/lighting_1/aegis] [Warning]: datasets path /opt/LIBERO/libero/libero/../datasets does not exist!
[object/lighting_1/aegis] [Warning]: datasets path /opt/LIBERO/libero/libero/../datasets does not exist!
[object/lighting_1/aegis] Built vec env | suite=libero_object | task_id=6 | n_envs=10
[object/lighting_1/aegis] [libero_v] lighting_1 t6: 10/10
[object/lighting_1/aegis] Creating LIBERO envs | suites=['libero_object'] | n_envs(per task)=10 | init_states=True
[object/lighting_1/aegis] Restricting to task_ids=[7]
[object/lighting_1/aegis] [info] using task orders [0, 1, 2, 3, 4, 5, 6, 7, 8, 9]
[object/lighting_1/aegis] [Warning]: datasets path /opt/LIBERO/libero/libero/../datasets does not exist!
[object/lighting_1/aegis] [Warning]: datasets path /opt/LIBERO/libero/libero/../datasets does not exist!
[object/lighting_1/aegis] [Warning]: datasets path /opt/LIBERO/libero/libero/../datasets does not exist!
[object/lighting_1/aegis] [Warning]: datasets path /opt/LIBERO/libero/libero/../datasets does not exist!
[object/lighting_1/aegis] [Warning]: datasets path /opt/LIBERO/libero/libero/../datasets does not exist!
[object/lighting_1/aegis] [Warning]: datasets path /opt/LIBERO/libero/libero/../datasets does not exist!
[object/lighting_1/aegis] [Warning]: datasets path /opt/LIBERO/libero/libero/../datasets does not exist!
[object/lighting_1/aegis] [Warning]: datasets path /opt/LIBERO/libero/libero/../datasets does not exist!
[object/lighting_1/aegis] [Warning]: datasets path /opt/LIBERO/libero/libero/../datasets does not exist!
[object/lighting_1/aegis] [Warning]: datasets path /opt/LIBERO/libero/libero/../datasets does not exist!
[object/lighting_1/aegis] [Warning]: datasets path /opt/LIBERO/libero/libero/../datasets does not exist!
[object/lighting_1/aegis] [Warning]: datasets path /opt/LIBERO/libero/libero/../datasets does not exist!
[object/lighting_1/aegis] [Warning]: datasets path /opt/LIBERO/libero/libero/../datasets does not exist!
[object/lighting_1/aegis] [Warning]: datasets path /opt/LIBERO/libero/libero/../datasets does not exist!
[object/lighting_1/aegis] [Warning]: datasets path /opt/LIBERO/libero/libero/../datasets does not exist!
[object/lighting_1/aegis] [Warning]: datasets path /opt/LIBERO/libero/libero/../datasets does not exist!
[object/lighting_1/aegis] [Warning]: datasets path /opt/LIBERO/libero/libero/../datasets does not exist!
[object/lighting_1/aegis] [Warning]: datasets path /opt/LIBERO/libero/libero/../datasets does not exist!
[object/lighting_1/aegis] [Warning]: datasets path /opt/LIBERO/libero/libero/../datasets does not exist!
[object/lighting_1/aegis] [Warning]: datasets path /opt/LIBERO/libero/libero/../datasets does not exist!
[object/lighting_1/aegis] Built vec env | suite=libero_object | task_id=7 | n_envs=10
[object/lighting_1/aegis] [libero_v] lighting_1 t7: 10/10
[object/lighting_1/aegis] Creating LIBERO envs | suites=['libero_object'] | n_envs(per task)=10 | init_states=True
[object/lighting_1/aegis] Restricting to task_ids=[8]
[object/lighting_1/aegis] [info] using task orders [0, 1, 2, 3, 4, 5, 6, 7, 8, 9]
[object/lighting_1/aegis] [Warning]: datasets path /opt/LIBERO/libero/libero/../datasets does not exist!
[object/lighting_1/aegis] [Warning]: datasets path /opt/LIBERO/libero/libero/../datasets does not exist!
[object/lighting_1/aegis] [Warning]: datasets path /opt/LIBERO/libero/libero/../datasets does not exist!
[object/lighting_1/aegis] [Warning]: datasets path /opt/LIBERO/libero/libero/../datasets does not exist!
[object/lighting_1/aegis] [Warning]: datasets path /opt/LIBERO/libero/libero/../datasets does not exist!
[object/lighting_1/aegis] [Warning]: datasets path /opt/LIBERO/libero/libero/../datasets does not exist!
[object/lighting_1/aegis] [Warning]: datasets path /opt/LIBERO/libero/libero/../datasets does not exist!
[object/lighting_1/aegis] [Warning]: datasets path /opt/LIBERO/libero/libero/../datasets does not exist!
[object/lighting_1/aegis] [Warning]: datasets path /opt/LIBERO/libero/libero/../datasets does not exist!
[object/lighting_1/aegis] [Warning]: datasets path /opt/LIBERO/libero/libero/../datasets does not exist!
[object/lighting_1/aegis] [Warning]: datasets path /opt/LIBERO/libero/libero/../datasets does not exist!
[object/lighting_1/aegis] [Warning]: datasets path /opt/LIBERO/libero/libero/../datasets does not exist!
[object/lighting_1/aegis] [Warning]: datasets path /opt/LIBERO/libero/libero/../datasets does not exist!
[object/lighting_1/aegis] [Warning]: datasets path /opt/LIBERO/libero/libero/../datasets does not exist!
[object/lighting_1/aegis] [Warning]: datasets path /opt/LIBERO/libero/libero/../datasets does not exist!
[object/lighting_1/aegis] [Warning]: datasets path /opt/LIBERO/libero/libero/../datasets does not exist!
[object/lighting_1/aegis] [Warning]: datasets path /opt/LIBERO/libero/libero/../datasets does not exist!
[object/lighting_1/aegis] [Warning]: datasets path /opt/LIBERO/libero/libero/../datasets does not exist!
[object/lighting_1/aegis] [Warning]: datasets path /opt/LIBERO/libero/libero/../datasets does not exist!
[object/lighting_1/aegis] [Warning]: datasets path /opt/LIBERO/libero/libero/../datasets does not exist!
[object/lighting_1/aegis] Built vec env | suite=libero_object | task_id=8 | n_envs=10
[object/lighting_1/aegis] [libero_v] lighting_1 t8: 10/10
[object/lighting_1/aegis] Creating LIBERO envs | suites=['libero_object'] | n_envs(per task)=10 | init_states=True
[object/lighting_1/aegis] Restricting to task_ids=[9]
[object/lighting_1/aegis] [info] using task orders [0, 1, 2, 3, 4, 5, 6, 7, 8, 9]
[object/lighting_1/aegis] [Warning]: datasets path /opt/LIBERO/libero/libero/../datasets does not exist!
[object/lighting_1/aegis] [Warning]: datasets path /opt/LIBERO/libero/libero/../datasets does not exist!
[object/lighting_1/aegis] [Warning]: datasets path /opt/LIBERO/libero/libero/../datasets does not exist!
[object/lighting_1/aegis] [Warning]: datasets path /opt/LIBERO/libero/libero/../datasets does not exist!
[object/lighting_1/aegis] [Warning]: datasets path /opt/LIBERO/libero/libero/../datasets does not exist!
[object/lighting_1/aegis] [Warning]: datasets path /opt/LIBERO/libero/libero/../datasets does not exist!
[object/lighting_1/aegis] [Warning]: datasets path /opt/LIBERO/libero/libero/../datasets does not exist!
[object/lighting_1/aegis] [Warning]: datasets path /opt/LIBERO/libero/libero/../datasets does not exist!
[object/lighting_1/aegis] [Warning]: datasets path /opt/LIBERO/libero/libero/../datasets does not exist!
[object/lighting_1/aegis] [Warning]: datasets path /opt/LIBERO/libero/libero/../datasets does not exist!
[object/lighting_1/aegis] [Warning]: datasets path /opt/LIBERO/libero/libero/../datasets does not exist!
[object/lighting_1/aegis] [Warning]: datasets path /opt/LIBERO/libero/libero/../datasets does not exist!
[object/lighting_1/aegis] [Warning]: datasets path /opt/LIBERO/libero/libero/../datasets does not exist!
[object/lighting_1/aegis] [Warning]: datasets path /opt/LIBERO/libero/libero/../datasets does not exist!
[object/lighting_1/aegis] [Warning]: datasets path /opt/LIBERO/libero/libero/../datasets does not exist!
[object/lighting_1/aegis] [Warning]: datasets path /opt/LIBERO/libero/libero/../datasets does not exist!
[object/lighting_1/aegis] [Warning]: datasets path /opt/LIBERO/libero/libero/../datasets does not exist!
[object/lighting_1/aegis] [Warning]: datasets path /opt/LIBERO/libero/libero/../datasets does not exist!
[object/lighting_1/aegis] [Warning]: datasets path /opt/LIBERO/libero/libero/../datasets does not exist!
[object/lighting_1/aegis] [Warning]: datasets path /opt/LIBERO/libero/libero/../datasets does not exist!
[object/lighting_1/aegis] Built vec env | suite=libero_object | task_id=9 | n_envs=10
[object/lighting_1/aegis] [libero_v] lighting_1 t9: 9/10
[object/lighting_1/aegis] [libero_v] == lighting_1: SR=92.0% [85.0,95.9] n=100
[object/lighting_1/aegis] 
[object/lighting_1/aegis] ==== LIBERO-V summary (aegis) ====
[object/lighting_1/aegis]   lighting_1          92.0%  [85.0,95.9]  n=100
[object/lighting_1/aegis]   AVG across conditions  92.0%
[cell DONE] object/lighting_1/aegis rc=0 sr=92.0
[cell START] object/texture_1/baseline n_envs=10 tasks=0,1,2,3,4,5,6,7,8,9 ep=10 record=False
[object/texture_1/baseline] Loading  HuggingFaceTB/SmolVLM2-500M-Instruct weights ...
[object/texture_1/baseline] `torch_dtype` is deprecated! Use `dtype` instead!
[object/texture_1/baseline] Reducing the number of VLM layers to 16 ...
[object/texture_1/baseline] Loading weights from local directory
[object/texture_1/baseline] [libero_v] method=baseline  TE=True  n_action_steps=1  H=50 d=7
[object/texture_1/baseline] [robosuite WARNING] No private macro file found! (__init__.py:7)
[object/texture_1/baseline] WARNING:robosuite_logs:No private macro file found!
[object/texture_1/baseline] [robosuite WARNING] It is recommended to use a private macro file (__init__.py:8)
[object/texture_1/baseline] WARNING:robosuite_logs:It is recommended to use a private macro file
[object/texture_1/baseline] [robosuite WARNING] To setup, run: python /usr/local/lib/python3.11/site-packages/robosuite/scripts/setup_macros.py (__init__.py:9)
[object/texture_1/baseline] WARNING:robosuite_logs:To setup, run: python /usr/local/lib/python3.11/site-packages/robosuite/scripts/setup_macros.py
[object/texture_1/baseline] Gym has been unmaintained since 2022 and does not support NumPy 2.0 amongst other critical functionality.
[object/texture_1/baseline] Please upgrade to Gymnasium, the maintained drop-in replacement of Gym, or contact the authors of your software and request that they upgrade.
[object/texture_1/baseline] Users of this version of Gym should be able to simply replace 'import gym' with 'import gymnasium as gym' in the vast majority of cases.
[object/texture_1/baseline] See the migration guide at https://gymnasium.farama.org/introduction/migration_guide/ for additional information.
[object/texture_1/baseline] [info] using task orders [0, 1, 2, 3, 4, 5, 6, 7, 8, 9]
[object/texture_1/baseline] Creating LIBERO envs | suites=['libero_object'] | n_envs(per task)=10 | init_states=True
[object/texture_1/baseline] Restricting to task_ids=[0]
[object/texture_1/baseline] [info] using task orders [0, 1, 2, 3, 4, 5, 6, 7, 8, 9]
[object/texture_1/baseline] [Warning]: datasets path /opt/LIBERO/libero/libero/../datasets does not exist!
[object/texture_1/baseline] [Warning]: datasets path /opt/LIBERO/libero/libero/../datasets does not exist!
[object/texture_1/baseline] [Warning]: datasets path /opt/LIBERO/libero/libero/../datasets does not exist!
[object/texture_1/baseline] [Warning]: datasets path /opt/LIBERO/libero/libero/../datasets does not exist!
[object/texture_1/baseline] [Warning]: datasets path /opt/LIBERO/libero/libero/../datasets does not exist!
[object/texture_1/baseline] [Warning]: datasets path /opt/LIBERO/libero/libero/../datasets does not exist!
[object/texture_1/baseline] [Warning]: datasets path /opt/LIBERO/libero/libero/../datasets does not exist!
[object/texture_1/baseline] [Warning]: datasets path /opt/LIBERO/libero/libero/../datasets does not exist!
[object/texture_1/baseline] [Warning]: datasets path /opt/LIBERO/libero/libero/../datasets does not exist!
[object/texture_1/baseline] [Warning]: datasets path /opt/LIBERO/libero/libero/../datasets does not exist!
[object/texture_1/baseline] [Warning]: datasets path /opt/LIBERO/libero/libero/../datasets does not exist!
[object/texture_1/baseline] [Warning]: datasets path /opt/LIBERO/libero/libero/../datasets does not exist!
[object/texture_1/baseline] [Warning]: datasets path /opt/LIBERO/libero/libero/../datasets does not exist!
[object/texture_1/baseline] [Warning]: datasets path /opt/LIBERO/libero/libero/../datasets does not exist!
[object/texture_1/baseline] [Warning]: datasets path /opt/LIBERO/libero/libero/../datasets does not exist!
[object/texture_1/baseline] [Warning]: datasets path /opt/LIBERO/libero/libero/../datasets does not exist!
[object/texture_1/baseline] [Warning]: datasets path /opt/LIBERO/libero/libero/../datasets does not exist!
[object/texture_1/baseline] [Warning]: datasets path /opt/LIBERO/libero/libero/../datasets does not exist!
[object/texture_1/baseline] [Warning]: datasets path /opt/LIBERO/libero/libero/../datasets does not exist!
[object/texture_1/baseline] [Warning]: datasets path /opt/LIBERO/libero/libero/../datasets does not exist!
[object/texture_1/baseline] Built vec env | suite=libero_object | task_id=0 | n_envs=10
[object/texture_1/baseline] [libero_v] texture_1 t0: 7/10
[object/texture_1/baseline] Creating LIBERO envs | suites=['libero_object'] | n_envs(per task)=10 | init_states=True
[object/texture_1/baseline] Restricting to task_ids=[1]
[object/texture_1/baseline] [info] using task orders [0, 1, 2, 3, 4, 5, 6, 7, 8, 9]
[object/texture_1/baseline] [Warning]: datasets path /opt/LIBERO/libero/libero/../datasets does not exist!
[object/texture_1/baseline] [Warning]: datasets path /opt/LIBERO/libero/libero/../datasets does not exist!
[object/texture_1/baseline] [Warning]: datasets path /opt/LIBERO/libero/libero/../datasets does not exist!
[object/texture_1/baseline] [Warning]: datasets path /opt/LIBERO/libero/libero/../datasets does not exist!
[object/texture_1/baseline] [Warning]: datasets path /opt/LIBERO/libero/libero/../datasets does not exist!
[object/texture_1/baseline] [Warning]: datasets path /opt/LIBERO/libero/libero/../datasets does not exist!
[object/texture_1/baseline] [Warning]: datasets path /opt/LIBERO/libero/libero/../datasets does not exist!
[object/texture_1/baseline] [Warning]: datasets path /opt/LIBERO/libero/libero/../datasets does not exist!
[object/texture_1/baseline] [Warning]: datasets path /opt/LIBERO/libero/libero/../datasets does not exist!
[object/texture_1/baseline] [Warning]: datasets path /opt/LIBERO/libero/libero/../datasets does not exist!
[object/texture_1/baseline] [Warning]: datasets path /opt/LIBERO/libero/libero/../datasets does not exist!
[object/texture_1/baseline] [Warning]: datasets path /opt/LIBERO/libero/libero/../datasets does not exist!
[object/texture_1/baseline] [Warning]: datasets path /opt/LIBERO/libero/libero/../datasets does not exist!
[object/texture_1/baseline] [Warning]: datasets path /opt/LIBERO/libero/libero/../datasets does not exist!
[object/texture_1/baseline] [Warning]: datasets path /opt/LIBERO/libero/libero/../datasets does not exist!
[object/texture_1/baseline] [Warning]: datasets path /opt/LIBERO/libero/libero/../datasets does not exist!
[object/texture_1/baseline] [Warning]: datasets path /opt/LIBERO/libero/libero/../datasets does not exist!
[object/texture_1/baseline] [Warning]: datasets path /opt/LIBERO/libero/libero/../datasets does not exist!
[object/texture_1/baseline] [Warning]: datasets path /opt/LIBERO/libero/libero/../datasets does not exist!
[object/texture_1/baseline] [Warning]: datasets path /opt/LIBERO/libero/libero/../datasets does not exist!
[object/texture_1/baseline] Built vec env | suite=libero_object | task_id=1 | n_envs=10
[object/texture_1/baseline] [libero_v] texture_1 t1: 10/10
[object/texture_1/baseline] Creating LIBERO envs | suites=['libero_object'] | n_envs(per task)=10 | init_states=True
[object/texture_1/baseline] Restricting to task_ids=[2]
[object/texture_1/baseline] [info] using task orders [0, 1, 2, 3, 4, 5, 6, 7, 8, 9]
[object/texture_1/baseline] [Warning]: datasets path /opt/LIBERO/libero/libero/../datasets does not exist!
[object/texture_1/baseline] [Warning]: datasets path /opt/LIBERO/libero/libero/../datasets does not exist!
[object/texture_1/baseline] [Warning]: datasets path /opt/LIBERO/libero/libero/../datasets does not exist!
[object/texture_1/baseline] [Warning]: datasets path /opt/LIBERO/libero/libero/../datasets does not exist!
[object/texture_1/baseline] [Warning]: datasets path /opt/LIBERO/libero/libero/../datasets does not exist!
[object/texture_1/baseline] [Warning]: datasets path /opt/LIBERO/libero/libero/../datasets does not exist!
[object/texture_1/baseline] [Warning]: datasets path /opt/LIBERO/libero/libero/../datasets does not exist!
[object/texture_1/baseline] [Warning]: datasets path /opt/LIBERO/libero/libero/../datasets does not exist!
[object/texture_1/baseline] [Warning]: datasets path /opt/LIBERO/libero/libero/../datasets does not exist!
[object/texture_1/baseline] [Warning]: datasets path /opt/LIBERO/libero/libero/../datasets does not exist!
[object/texture_1/baseline] [Warning]: datasets path /opt/LIBERO/libero/libero/../datasets does not exist!
[object/texture_1/baseline] [Warning]: datasets path /opt/LIBERO/libero/libero/../datasets does not exist!
[object/texture_1/baseline] [Warning]: datasets path /opt/LIBERO/libero/libero/../datasets does not exist!
[object/texture_1/baseline] [Warning]: datasets path /opt/LIBERO/libero/libero/../datasets does not exist!
[object/texture_1/baseline] [Warning]: datasets path /opt/LIBERO/libero/libero/../datasets does not exist!
[object/texture_1/baseline] [Warning]: datasets path /opt/LIBERO/libero/libero/../datasets does not exist!
[object/texture_1/baseline] [Warning]: datasets path /opt/LIBERO/libero/libero/../datasets does not exist!
[object/texture_1/baseline] [Warning]: datasets path /opt/LIBERO/libero/libero/../datasets does not exist!
[object/texture_1/baseline] [Warning]: datasets path /opt/LIBERO/libero/libero/../datasets does not exist!
[object/texture_1/baseline] [Warning]: datasets path /opt/LIBERO/libero/libero/../datasets does not exist!
[object/texture_1/baseline] Built vec env | suite=libero_object | task_id=2 | n_envs=10
[object/texture_1/baseline] [libero_v] texture_1 t2: 10/10
[object/texture_1/baseline] Creating LIBERO envs | suites=['libero_object'] | n_envs(per task)=10 | init_states=True
[object/texture_1/baseline] Restricting to task_ids=[3]
[object/texture_1/baseline] [info] using task orders [0, 1, 2, 3, 4, 5, 6, 7, 8, 9]
[object/texture_1/baseline] [Warning]: datasets path /opt/LIBERO/libero/libero/../datasets does not exist!
[object/texture_1/baseline] [Warning]: datasets path /opt/LIBERO/libero/libero/../datasets does not exist!
[object/texture_1/baseline] [Warning]: datasets path /opt/LIBERO/libero/libero/../datasets does not exist!
[object/texture_1/baseline] [Warning]: datasets path /opt/LIBERO/libero/libero/../datasets does not exist!
[object/texture_1/baseline] [Warning]: datasets path /opt/LIBERO/libero/libero/../datasets does not exist!
[object/texture_1/baseline] [Warning]: datasets path /opt/LIBERO/libero/libero/../datasets does not exist!
[object/texture_1/baseline] [Warning]: datasets path /opt/LIBERO/libero/libero/../datasets does not exist!
[object/texture_1/baseline] [Warning]: datasets path /opt/LIBERO/libero/libero/../datasets does not exist!
[object/texture_1/baseline] [Warning]: datasets path /opt/LIBERO/libero/libero/../datasets does not exist!
[object/texture_1/baseline] [Warning]: datasets path /opt/LIBERO/libero/libero/../datasets does not exist!
[object/texture_1/baseline] [Warning]: datasets path /opt/LIBERO/libero/libero/../datasets does not exist!
[object/texture_1/baseline] [Warning]: datasets path /opt/LIBERO/libero/libero/../datasets does not exist!
[object/texture_1/baseline] [Warning]: datasets path /opt/LIBERO/libero/libero/../datasets does not exist!
[object/texture_1/baseline] [Warning]: datasets path /opt/LIBERO/libero/libero/../datasets does not exist!
[object/texture_1/baseline] [Warning]: datasets path /opt/LIBERO/libero/libero/../datasets does not exist!
[object/texture_1/baseline] [Warning]: datasets path /opt/LIBERO/libero/libero/../datasets does not exist!
[object/texture_1/baseline] [Warning]: datasets path /opt/LIBERO/libero/libero/../datasets does not exist!
[object/texture_1/baseline] [Warning]: datasets path /opt/LIBERO/libero/libero/../datasets does not exist!
[object/texture_1/baseline] [Warning]: datasets path /opt/LIBERO/libero/libero/../datasets does not exist!
[object/texture_1/baseline] [Warning]: datasets path /opt/LIBERO/libero/libero/../datasets does not exist!
[object/texture_1/baseline] Built vec env | suite=libero_object | task_id=3 | n_envs=10
[object/texture_1/baseline] [libero_v] texture_1 t3: 9/10
[object/texture_1/baseline] Creating LIBERO envs | suites=['libero_object'] | n_envs(per task)=10 | init_states=True
[object/texture_1/baseline] Restricting to task_ids=[4]
[object/texture_1/baseline] [info] using task orders [0, 1, 2, 3, 4, 5, 6, 7, 8, 9]
[object/texture_1/baseline] [Warning]: datasets path /opt/LIBERO/libero/libero/../datasets does not exist!
[object/texture_1/baseline] [Warning]: datasets path /opt/LIBERO/libero/libero/../datasets does not exist!
[object/texture_1/baseline] [Warning]: datasets path /opt/LIBERO/libero/libero/../datasets does not exist!
[object/texture_1/baseline] [Warning]: datasets path /opt/LIBERO/libero/libero/../datasets does not exist!
[object/texture_1/baseline] [Warning]: datasets path /opt/LIBERO/libero/libero/../datasets does not exist!
[object/texture_1/baseline] [Warning]: datasets path /opt/LIBERO/libero/libero/../datasets does not exist!
[object/texture_1/baseline] [Warning]: datasets path /opt/LIBERO/libero/libero/../datasets does not exist!
[object/texture_1/baseline] [Warning]: datasets path /opt/LIBERO/libero/libero/../datasets does not exist!
[object/texture_1/baseline] [Warning]: datasets path /opt/LIBERO/libero/libero/../datasets does not exist!
[object/texture_1/baseline] [Warning]: datasets path /opt/LIBERO/libero/libero/../datasets does not exist!
[object/texture_1/baseline] [Warning]: datasets path /opt/LIBERO/libero/libero/../datasets does not exist!
[object/texture_1/baseline] [Warning]: datasets path /opt/LIBERO/libero/libero/../datasets does not exist!
[object/texture_1/baseline] [Warning]: datasets path /opt/LIBERO/libero/libero/../datasets does not exist!
[object/texture_1/baseline] [Warning]: datasets path /opt/LIBERO/libero/libero/../datasets does not exist!
[object/texture_1/baseline] [Warning]: datasets path /opt/LIBERO/libero/libero/../datasets does not exist!
[object/texture_1/baseline] [Warning]: datasets path /opt/LIBERO/libero/libero/../datasets does not exist!
[object/texture_1/baseline] [Warning]: datasets path /opt/LIBERO/libero/libero/../datasets does not exist!
[object/texture_1/baseline] [Warning]: datasets path /opt/LIBERO/libero/libero/../datasets does not exist!
[object/texture_1/baseline] [Warning]: datasets path /opt/LIBERO/libero/libero/../datasets does not exist!
[object/texture_1/baseline] [Warning]: datasets path /opt/LIBERO/libero/libero/../datasets does not exist!
[object/texture_1/baseline] Built vec env | suite=libero_object | task_id=4 | n_envs=10
[object/texture_1/baseline] [libero_v] texture_1 t4: 4/10
[object/texture_1/baseline] Creating LIBERO envs | suites=['libero_object'] | n_envs(per task)=10 | init_states=True
[object/texture_1/baseline] Restricting to task_ids=[5]
[object/texture_1/baseline] [info] using task orders [0, 1, 2, 3, 4, 5, 6, 7, 8, 9]
[object/texture_1/baseline] [Warning]: datasets path /opt/LIBERO/libero/libero/../datasets does not exist!
[object/texture_1/baseline] [Warning]: datasets path /opt/LIBERO/libero/libero/../datasets does not exist!
[object/texture_1/baseline] [Warning]: datasets path /opt/LIBERO/libero/libero/../datasets does not exist!
[object/texture_1/baseline] [Warning]: datasets path /opt/LIBERO/libero/libero/../datasets does not exist!
[object/texture_1/baseline] [Warning]: datasets path /opt/LIBERO/libero/libero/../datasets does not exist!
[object/texture_1/baseline] [Warning]: datasets path /opt/LIBERO/libero/libero/../datasets does not exist!
[object/texture_1/baseline] [Warning]: datasets path /opt/LIBERO/libero/libero/../datasets does not exist!
[object/texture_1/baseline] [Warning]: datasets path /opt/LIBERO/libero/libero/../datasets does not exist!
[object/texture_1/baseline] [Warning]: datasets path /opt/LIBERO/libero/libero/../datasets does not exist!
[object/texture_1/baseline] [Warning]: datasets path /opt/LIBERO/libero/libero/../datasets does not exist!
[object/texture_1/baseline] [Warning]: datasets path /opt/LIBERO/libero/libero/../datasets does not exist!
[object/texture_1/baseline] [Warning]: datasets path /opt/LIBERO/libero/libero/../datasets does not exist!
[object/texture_1/baseline] [Warning]: datasets path /opt/LIBERO/libero/libero/../datasets does not exist!
[object/texture_1/baseline] [Warning]: datasets path /opt/LIBERO/libero/libero/../datasets does not exist!
[object/texture_1/baseline] [Warning]: datasets path /opt/LIBERO/libero/libero/../datasets does not exist!
[object/texture_1/baseline] [Warning]: datasets path /opt/LIBERO/libero/libero/../datasets does not exist!
[object/texture_1/baseline] [Warning]: datasets path /opt/LIBERO/libero/libero/../datasets does not exist!
[object/texture_1/baseline] [Warning]: datasets path /opt/LIBERO/libero/libero/../datasets does not exist!
[object/texture_1/baseline] [Warning]: datasets path /opt/LIBERO/libero/libero/../datasets does not exist!
[object/texture_1/baseline] [Warning]: datasets path /opt/LIBERO/libero/libero/../datasets does not exist!
[object/texture_1/baseline] Built vec env | suite=libero_object | task_id=5 | n_envs=10
[object/texture_1/baseline] [libero_v] texture_1 t5: 6/10
[object/texture_1/baseline] Creating LIBERO envs | suites=['libero_object'] | n_envs(per task)=10 | init_states=True
[object/texture_1/baseline] Restricting to task_ids=[6]
[object/texture_1/baseline] [info] using task orders [0, 1, 2, 3, 4, 5, 6, 7, 8, 9]
[object/texture_1/baseline] [Warning]: datasets path /opt/LIBERO/libero/libero/../datasets does not exist!
[object/texture_1/baseline] [Warning]: datasets path /opt/LIBERO/libero/libero/../datasets does not exist!
[object/texture_1/baseline] [Warning]: datasets path /opt/LIBERO/libero/libero/../datasets does not exist!
[object/texture_1/baseline] [Warning]: datasets path /opt/LIBERO/libero/libero/../datasets does not exist!
[object/texture_1/baseline] [Warning]: datasets path /opt/LIBERO/libero/libero/../datasets does not exist!
[object/texture_1/baseline] [Warning]: datasets path /opt/LIBERO/libero/libero/../datasets does not exist!
[object/texture_1/baseline] [Warning]: datasets path /opt/LIBERO/libero/libero/../datasets does not exist!
[object/texture_1/baseline] [Warning]: datasets path /opt/LIBERO/libero/libero/../datasets does not exist!
[object/texture_1/baseline] [Warning]: datasets path /opt/LIBERO/libero/libero/../datasets does not exist!
[object/texture_1/baseline] [Warning]: datasets path /opt/LIBERO/libero/libero/../datasets does not exist!
[object/texture_1/baseline] [Warning]: datasets path /opt/LIBERO/libero/libero/../datasets does not exist!
[object/texture_1/baseline] [Warning]: datasets path /opt/LIBERO/libero/libero/../datasets does not exist!
[object/texture_1/baseline] [Warning]: datasets path /opt/LIBERO/libero/libero/../datasets does not exist!
[object/texture_1/baseline] [Warning]: datasets path /opt/LIBERO/libero/libero/../datasets does not exist!
[object/texture_1/baseline] [Warning]: datasets path /opt/LIBERO/libero/libero/../datasets does not exist!
[object/texture_1/baseline] [Warning]: datasets path /opt/LIBERO/libero/libero/../datasets does not exist!
[object/texture_1/baseline] [Warning]: datasets path /opt/LIBERO/libero/libero/../datasets does not exist!
[object/texture_1/baseline] [Warning]: datasets path /opt/LIBERO/libero/libero/../datasets does not exist!
[object/texture_1/baseline] [Warning]: datasets path /opt/LIBERO/libero/libero/../datasets does not exist!
[object/texture_1/baseline] [Warning]: datasets path /opt/LIBERO/libero/libero/../datasets does not exist!
[object/texture_1/baseline] Built vec env | suite=libero_object | task_id=6 | n_envs=10
[object/texture_1/baseline] [libero_v] texture_1 t6: 8/10
[object/texture_1/baseline] Creating LIBERO envs | suites=['libero_object'] | n_envs(per task)=10 | init_states=True
[object/texture_1/baseline] Restricting to task_ids=[7]
[object/texture_1/baseline] [info] using task orders [0, 1, 2, 3, 4, 5, 6, 7, 8, 9]
[object/texture_1/baseline] [Warning]: datasets path /opt/LIBERO/libero/libero/../datasets does not exist!
[object/texture_1/baseline] [Warning]: datasets path /opt/LIBERO/libero/libero/../datasets does not exist!
[object/texture_1/baseline] [Warning]: datasets path /opt/LIBERO/libero/libero/../datasets does not exist!
[object/texture_1/baseline] [Warning]: datasets path /opt/LIBERO/libero/libero/../datasets does not exist!
[object/texture_1/baseline] [Warning]: datasets path /opt/LIBERO/libero/libero/../datasets does not exist!
[object/texture_1/baseline] [Warning]: datasets path /opt/LIBERO/libero/libero/../datasets does not exist!
[object/texture_1/baseline] [Warning]: datasets path /opt/LIBERO/libero/libero/../datasets does not exist!
[object/texture_1/baseline] [Warning]: datasets path /opt/LIBERO/libero/libero/../datasets does not exist!
[object/texture_1/baseline] [Warning]: datasets path /opt/LIBERO/libero/libero/../datasets does not exist!
[object/texture_1/baseline] [Warning]: datasets path /opt/LIBERO/libero/libero/../datasets does not exist!
[object/texture_1/baseline] [Warning]: datasets path /opt/LIBERO/libero/libero/../datasets does not exist!
[object/texture_1/baseline] [Warning]: datasets path /opt/LIBERO/libero/libero/../datasets does not exist!
[object/texture_1/baseline] [Warning]: datasets path /opt/LIBERO/libero/libero/../datasets does not exist!
[object/texture_1/baseline] [Warning]: datasets path /opt/LIBERO/libero/libero/../datasets does not exist!
[object/texture_1/baseline] [Warning]: datasets path /opt/LIBERO/libero/libero/../datasets does not exist!
[object/texture_1/baseline] [Warning]: datasets path /opt/LIBERO/libero/libero/../datasets does not exist!
[object/texture_1/baseline] [Warning]: datasets path /opt/LIBERO/libero/libero/../datasets does not exist!
[object/texture_1/baseline] [Warning]: datasets path /opt/LIBERO/libero/libero/../datasets does not exist!
[object/texture_1/baseline] [Warning]: datasets path /opt/LIBERO/libero/libero/../datasets does not exist!
[object/texture_1/baseline] [Warning]: datasets path /opt/LIBERO/libero/libero/../datasets does not exist!
[object/texture_1/baseline] Built vec env | suite=libero_object | task_id=7 | n_envs=10
[object/texture_1/baseline] [libero_v] texture_1 t7: 10/10
[object/texture_1/baseline] Creating LIBERO envs | suites=['libero_object'] | n_envs(per task)=10 | init_states=True
[object/texture_1/baseline] Restricting to task_ids=[8]
[object/texture_1/baseline] [info] using task orders [0, 1, 2, 3, 4, 5, 6, 7, 8, 9]
[object/texture_1/baseline] [Warning]: datasets path /opt/LIBERO/libero/libero/../datasets does not exist!
[object/texture_1/baseline] [Warning]: datasets path /opt/LIBERO/libero/libero/../datasets does not exist!
[object/texture_1/baseline] [Warning]: datasets path /opt/LIBERO/libero/libero/../datasets does not exist!
[object/texture_1/baseline] [Warning]: datasets path /opt/LIBERO/libero/libero/../datasets does not exist!
[object/texture_1/baseline] [Warning]: datasets path /opt/LIBERO/libero/libero/../datasets does not exist!
[object/texture_1/baseline] [Warning]: datasets path /opt/LIBERO/libero/libero/../datasets does not exist!
[object/texture_1/baseline] [Warning]: datasets path /opt/LIBERO/libero/libero/../datasets does not exist!
[object/texture_1/baseline] [Warning]: datasets path /opt/LIBERO/libero/libero/../datasets does not exist!
[object/texture_1/baseline] [Warning]: datasets path /opt/LIBERO/libero/libero/../datasets does not exist!
[object/texture_1/baseline] [Warning]: datasets path /opt/LIBERO/libero/libero/../datasets does not exist!
[object/texture_1/baseline] [Warning]: datasets path /opt/LIBERO/libero/libero/../datasets does not exist!
[object/texture_1/baseline] [Warning]: datasets path /opt/LIBERO/libero/libero/../datasets does not exist!
[object/texture_1/baseline] [Warning]: datasets path /opt/LIBERO/libero/libero/../datasets does not exist!
[object/texture_1/baseline] [Warning]: datasets path /opt/LIBERO/libero/libero/../datasets does not exist!
[object/texture_1/baseline] [Warning]: datasets path /opt/LIBERO/libero/libero/../datasets does not exist!
[object/texture_1/baseline] [Warning]: datasets path /opt/LIBERO/libero/libero/../datasets does not exist!
[object/texture_1/baseline] [Warning]: datasets path /opt/LIBERO/libero/libero/../datasets does not exist!
[object/texture_1/baseline] [Warning]: datasets path /opt/LIBERO/libero/libero/../datasets does not exist!
[object/texture_1/baseline] [Warning]: datasets path /opt/LIBERO/libero/libero/../datasets does not exist!
[object/texture_1/baseline] [Warning]: datasets path /opt/LIBERO/libero/libero/../datasets does not exist!
[object/texture_1/baseline] Built vec env | suite=libero_object | task_id=8 | n_envs=10
[object/texture_1/baseline] [libero_v] texture_1 t8: 10/10
[object/texture_1/baseline] Creating LIBERO envs | suites=['libero_object'] | n_envs(per task)=10 | init_states=True
[object/texture_1/baseline] Restricting to task_ids=[9]
[object/texture_1/baseline] [info] using task orders [0, 1, 2, 3, 4, 5, 6, 7, 8, 9]
[object/texture_1/baseline] [Warning]: datasets path /opt/LIBERO/libero/libero/../datasets does not exist!
[object/texture_1/baseline] [Warning]: datasets path /opt/LIBERO/libero/libero/../datasets does not exist!
[object/texture_1/baseline] [Warning]: datasets path /opt/LIBERO/libero/libero/../datasets does not exist!
[object/texture_1/baseline] [Warning]: datasets path /opt/LIBERO/libero/libero/../datasets does not exist!
[object/texture_1/baseline] [Warning]: datasets path /opt/LIBERO/libero/libero/../datasets does not exist!
[object/texture_1/baseline] [Warning]: datasets path /opt/LIBERO/libero/libero/../datasets does not exist!
[object/texture_1/baseline] [Warning]: datasets path /opt/LIBERO/libero/libero/../datasets does not exist!
[object/texture_1/baseline] [Warning]: datasets path /opt/LIBERO/libero/libero/../datasets does not exist!
[object/texture_1/baseline] [Warning]: datasets path /opt/LIBERO/libero/libero/../datasets does not exist!
[object/texture_1/baseline] [Warning]: datasets path /opt/LIBERO/libero/libero/../datasets does not exist!
[object/texture_1/baseline] [Warning]: datasets path /opt/LIBERO/libero/libero/../datasets does not exist!
[object/texture_1/baseline] [Warning]: datasets path /opt/LIBERO/libero/libero/../datasets does not exist!
[object/texture_1/baseline] [Warning]: datasets path /opt/LIBERO/libero/libero/../datasets does not exist!
[object/texture_1/baseline] [Warning]: datasets path /opt/LIBERO/libero/libero/../datasets does not exist!
[object/texture_1/baseline] [Warning]: datasets path /opt/LIBERO/libero/libero/../datasets does not exist!
[object/texture_1/baseline] [Warning]: datasets path /opt/LIBERO/libero/libero/../datasets does not exist!
[object/texture_1/baseline] [Warning]: datasets path /opt/LIBERO/libero/libero/../datasets does not exist!
[object/texture_1/baseline] [Warning]: datasets path /opt/LIBERO/libero/libero/../datasets does not exist!
[object/texture_1/baseline] [Warning]: datasets path /opt/LIBERO/libero/libero/../datasets does not exist!
[object/texture_1/baseline] [Warning]: datasets path /opt/LIBERO/libero/libero/../datasets does not exist!
[object/texture_1/baseline] Built vec env | suite=libero_object | task_id=9 | n_envs=10
[object/texture_1/baseline] [libero_v] texture_1 t9: 9/10
[object/texture_1/baseline] [libero_v] == texture_1: SR=83.0% [74.5,89.1] n=100
[object/texture_1/baseline] 
[object/texture_1/baseline] ==== LIBERO-V summary (baseline) ====
[object/texture_1/baseline]   texture_1           83.0%  [74.5,89.1]  n=100
[object/texture_1/baseline]   AVG across conditions  83.0%
[cell DONE] object/texture_1/baseline rc=0 sr=83.0
[cell START] object/viewpoint_medium/baseline n_envs=10 tasks=0,1,2,3,4,5,6,7,8,9 ep=10 record=False
[object/viewpoint_medium/baseline] Loading  HuggingFaceTB/SmolVLM2-500M-Instruct weights ...
[object/viewpoint_medium/baseline] `torch_dtype` is deprecated! Use `dtype` instead!
[object/viewpoint_medium/baseline] Reducing the number of VLM layers to 16 ...
[object/viewpoint_medium/baseline] Loading weights from local directory
[object/viewpoint_medium/baseline] [libero_v] method=baseline  TE=True  n_action_steps=1  H=50 d=7
[object/viewpoint_medium/baseline] [robosuite WARNING] No private macro file found! (__init__.py:7)
[object/viewpoint_medium/baseline] WARNING:robosuite_logs:No private macro file found!
[object/viewpoint_medium/baseline] [robosuite WARNING] It is recommended to use a private macro file (__init__.py:8)
[object/viewpoint_medium/baseline] WARNING:robosuite_logs:It is recommended to use a private macro file
[object/viewpoint_medium/baseline] [robosuite WARNING] To setup, run: python /usr/local/lib/python3.11/site-packages/robosuite/scripts/setup_macros.py (__init__.py:9)
[object/viewpoint_medium/baseline] WARNING:robosuite_logs:To setup, run: python /usr/local/lib/python3.11/site-packages/robosuite/scripts/setup_macros.py
[object/viewpoint_medium/baseline] Gym has been unmaintained since 2022 and does not support NumPy 2.0 amongst other critical functionality.
[object/viewpoint_medium/baseline] Please upgrade to Gymnasium, the maintained drop-in replacement of Gym, or contact the authors of your software and request that they upgrade.
[object/viewpoint_medium/baseline] Users of this version of Gym should be able to simply replace 'import gym' with 'import gymnasium as gym' in the vast majority of cases.
[object/viewpoint_medium/baseline] See the migration guide at https://gymnasium.farama.org/introduction/migration_guide/ for additional information.
[object/viewpoint_medium/baseline] [info] using task orders [0, 1, 2, 3, 4, 5, 6, 7, 8, 9]
[object/viewpoint_medium/baseline] Creating LIBERO envs | suites=['libero_object'] | n_envs(per task)=10 | init_states=True
[object/viewpoint_medium/baseline] Restricting to task_ids=[0]
[object/viewpoint_medium/baseline] [info] using task orders [0, 1, 2, 3, 4, 5, 6, 7, 8, 9]
[object/viewpoint_medium/baseline] [Warning]: datasets path /opt/LIBERO/libero/libero/../datasets does not exist!
[object/viewpoint_medium/baseline] [Warning]: datasets path /opt/LIBERO/libero/libero/../datasets does not exist!
[object/viewpoint_medium/baseline] [Warning]: datasets path /opt/LIBERO/libero/libero/../datasets does not exist!
[object/viewpoint_medium/baseline] [Warning]: datasets path /opt/LIBERO/libero/libero/../datasets does not exist!
[object/viewpoint_medium/baseline] [Warning]: datasets path /opt/LIBERO/libero/libero/../datasets does not exist!
[object/viewpoint_medium/baseline] [Warning]: datasets path /opt/LIBERO/libero/libero/../datasets does not exist!
[object/viewpoint_medium/baseline] [Warning]: datasets path /opt/LIBERO/libero/libero/../datasets does not exist!
[object/viewpoint_medium/baseline] [Warning]: datasets path /opt/LIBERO/libero/libero/../datasets does not exist!
[object/viewpoint_medium/baseline] [Warning]: datasets path /opt/LIBERO/libero/libero/../datasets does not exist!
[object/viewpoint_medium/baseline] [Warning]: datasets path /opt/LIBERO/libero/libero/../datasets does not exist!
[object/viewpoint_medium/baseline] [Warning]: datasets path /opt/LIBERO/libero/libero/../datasets does not exist!
[object/viewpoint_medium/baseline] [Warning]: datasets path /opt/LIBERO/libero/libero/../datasets does not exist!
[object/viewpoint_medium/baseline] [Warning]: datasets path /opt/LIBERO/libero/libero/../datasets does not exist!
[object/viewpoint_medium/baseline] [Warning]: datasets path /opt/LIBERO/libero/libero/../datasets does not exist!
[object/viewpoint_medium/baseline] [Warning]: datasets path /opt/LIBERO/libero/libero/../datasets does not exist!
[object/viewpoint_medium/baseline] [Warning]: datasets path /opt/LIBERO/libero/libero/../datasets does not exist!
[object/viewpoint_medium/baseline] [Warning]: datasets path /opt/LIBERO/libero/libero/../datasets does not exist!
[object/viewpoint_medium/baseline] [Warning]: datasets path /opt/LIBERO/libero/libero/../datasets does not exist!
[object/viewpoint_medium/baseline] [Warning]: datasets path /opt/LIBERO/libero/libero/../datasets does not exist!
[object/viewpoint_medium/baseline] [Warning]: datasets path /opt/LIBERO/libero/libero/../datasets does not exist!
[object/viewpoint_medium/baseline] Built vec env | suite=libero_object | task_id=0 | n_envs=10
[object/viewpoint_medium/baseline] [libero_v] viewpoint_medium t0: 0/10
[object/viewpoint_medium/baseline] Creating LIBERO envs | suites=['libero_object'] | n_envs(per task)=10 | init_states=True
[object/viewpoint_medium/baseline] Restricting to task_ids=[1]
[object/viewpoint_medium/baseline] [info] using task orders [0, 1, 2, 3, 4, 5, 6, 7, 8, 9]
[object/viewpoint_medium/baseline] [Warning]: datasets path /opt/LIBERO/libero/libero/../datasets does not exist!
[object/viewpoint_medium/baseline] [Warning]: datasets path /opt/LIBERO/libero/libero/../datasets does not exist!
[object/viewpoint_medium/baseline] [Warning]: datasets path /opt/LIBERO/libero/libero/../datasets does not exist!
[object/viewpoint_medium/baseline] [Warning]: datasets path /opt/LIBERO/libero/libero/../datasets does not exist!
[object/viewpoint_medium/baseline] [Warning]: datasets path /opt/LIBERO/libero/libero/../datasets does not exist!
[object/viewpoint_medium/baseline] [Warning]: datasets path /opt/LIBERO/libero/libero/../datasets does not exist!
[object/viewpoint_medium/baseline] [Warning]: datasets path /opt/LIBERO/libero/libero/../datasets does not exist!
[object/viewpoint_medium/baseline] [Warning]: datasets path /opt/LIBERO/libero/libero/../datasets does not exist!
[object/viewpoint_medium/baseline] [Warning]: datasets path /opt/LIBERO/libero/libero/../datasets does not exist!
[object/viewpoint_medium/baseline] [Warning]: datasets path /opt/LIBERO/libero/libero/../datasets does not exist!
[object/viewpoint_medium/baseline] [Warning]: datasets path /opt/LIBERO/libero/libero/../datasets does not exist!
[object/viewpoint_medium/baseline] [Warning]: datasets path /opt/LIBERO/libero/libero/../datasets does not exist!
[object/viewpoint_medium/baseline] [Warning]: datasets path /opt/LIBERO/libero/libero/../datasets does not exist!
[object/viewpoint_medium/baseline] [Warning]: datasets path /opt/LIBERO/libero/libero/../datasets does not exist!
[object/viewpoint_medium/baseline] [Warning]: datasets path /opt/LIBERO/libero/libero/../datasets does not exist!
[object/viewpoint_medium/baseline] [Warning]: datasets path /opt/LIBERO/libero/libero/../datasets does not exist!
[object/viewpoint_medium/baseline] [Warning]: datasets path /opt/LIBERO/libero/libero/../datasets does not exist!
[object/viewpoint_medium/baseline] [Warning]: datasets path /opt/LIBERO/libero/libero/../datasets does not exist!
[object/viewpoint_medium/baseline] [Warning]: datasets path /opt/LIBERO/libero/libero/../datasets does not exist!
[object/viewpoint_medium/baseline] [Warning]: datasets path /opt/LIBERO/libero/libero/../datasets does not exist!
[object/viewpoint_medium/baseline] Built vec env | suite=libero_object | task_id=1 | n_envs=10
[object/viewpoint_medium/baseline] [libero_v] viewpoint_medium t1: 0/10
[object/viewpoint_medium/baseline] Creating LIBERO envs | suites=['libero_object'] | n_envs(per task)=10 | init_states=True
[object/viewpoint_medium/baseline] Restricting to task_ids=[2]
[object/viewpoint_medium/baseline] [info] using task orders [0, 1, 2, 3, 4, 5, 6, 7, 8, 9]
[object/viewpoint_medium/baseline] [Warning]: datasets path /opt/LIBERO/libero/libero/../datasets does not exist!
[object/viewpoint_medium/baseline] [Warning]: datasets path /opt/LIBERO/libero/libero/../datasets does not exist!
[object/viewpoint_medium/baseline] [Warning]: datasets path /opt/LIBERO/libero/libero/../datasets does not exist!
[object/viewpoint_medium/baseline] [Warning]: datasets path /opt/LIBERO/libero/libero/../datasets does not exist!
[object/viewpoint_medium/baseline] [Warning]: datasets path /opt/LIBERO/libero/libero/../datasets does not exist!
[object/viewpoint_medium/baseline] [Warning]: datasets path /opt/LIBERO/libero/libero/../datasets does not exist!
[object/viewpoint_medium/baseline] [Warning]: datasets path /opt/LIBERO/libero/libero/../datasets does not exist!
[object/viewpoint_medium/baseline] [Warning]: datasets path /opt/LIBERO/libero/libero/../datasets does not exist!
[object/viewpoint_medium/baseline] [Warning]: datasets path /opt/LIBERO/libero/libero/../datasets does not exist!
[object/viewpoint_medium/baseline] [Warning]: datasets path /opt/LIBERO/libero/libero/../datasets does not exist!
[object/viewpoint_medium/baseline] [Warning]: datasets path /opt/LIBERO/libero/libero/../datasets does not exist!
[object/viewpoint_medium/baseline] [Warning]: datasets path /opt/LIBERO/libero/libero/../datasets does not exist!
[object/viewpoint_medium/baseline] [Warning]: datasets path /opt/LIBERO/libero/libero/../datasets does not exist!
[object/viewpoint_medium/baseline] [Warning]: datasets path /opt/LIBERO/libero/libero/../datasets does not exist!
[object/viewpoint_medium/baseline] [Warning]: datasets path /opt/LIBERO/libero/libero/../datasets does not exist!
[object/viewpoint_medium/baseline] [Warning]: datasets path /opt/LIBERO/libero/libero/../datasets does not exist!
[object/viewpoint_medium/baseline] [Warning]: datasets path /opt/LIBERO/libero/libero/../datasets does not exist!
[object/viewpoint_medium/baseline] [Warning]: datasets path /opt/LIBERO/libero/libero/../datasets does not exist!
[object/viewpoint_medium/baseline] [Warning]: datasets path /opt/LIBERO/libero/libero/../datasets does not exist!
[object/viewpoint_medium/baseline] [Warning]: datasets path /opt/LIBERO/libero/libero/../datasets does not exist!
[object/viewpoint_medium/baseline] Built vec env | suite=libero_object | task_id=2 | n_envs=10
[object/viewpoint_medium/baseline] [libero_v] viewpoint_medium t2: 0/10
[object/viewpoint_medium/baseline] Creating LIBERO envs | suites=['libero_object'] | n_envs(per task)=10 | init_states=True
[object/viewpoint_medium/baseline] Restricting to task_ids=[3]
[object/viewpoint_medium/baseline] [info] using task orders [0, 1, 2, 3, 4, 5, 6, 7, 8, 9]
[object/viewpoint_medium/baseline] [Warning]: datasets path /opt/LIBERO/libero/libero/../datasets does not exist!
[object/viewpoint_medium/baseline] [Warning]: datasets path /opt/LIBERO/libero/libero/../datasets does not exist!
[object/viewpoint_medium/baseline] [Warning]: datasets path /opt/LIBERO/libero/libero/../datasets does not exist!
[object/viewpoint_medium/baseline] [Warning]: datasets path /opt/LIBERO/libero/libero/../datasets does not exist!
[object/viewpoint_medium/baseline] [Warning]: datasets path /opt/LIBERO/libero/libero/../datasets does not exist!
[object/viewpoint_medium/baseline] [Warning]: datasets path /opt/LIBERO/libero/libero/../datasets does not exist!
[object/viewpoint_medium/baseline] [Warning]: datasets path /opt/LIBERO/libero/libero/../datasets does not exist!
[object/viewpoint_medium/baseline] [Warning]: datasets path /opt/LIBERO/libero/libero/../datasets does not exist!
[object/viewpoint_medium/baseline] [Warning]: datasets path /opt/LIBERO/libero/libero/../datasets does not exist!
[object/viewpoint_medium/baseline] [Warning]: datasets path /opt/LIBERO/libero/libero/../datasets does not exist!
[object/viewpoint_medium/baseline] [Warning]: datasets path /opt/LIBERO/libero/libero/../datasets does not exist!
[object/viewpoint_medium/baseline] [Warning]: datasets path /opt/LIBERO/libero/libero/../datasets does not exist!
[object/viewpoint_medium/baseline] [Warning]: datasets path /opt/LIBERO/libero/libero/../datasets does not exist!
[object/viewpoint_medium/baseline] [Warning]: datasets path /opt/LIBERO/libero/libero/../datasets does not exist!
[object/viewpoint_medium/baseline] [Warning]: datasets path /opt/LIBERO/libero/libero/../datasets does not exist!
[object/viewpoint_medium/baseline] [Warning]: datasets path /opt/LIBERO/libero/libero/../datasets does not exist!
[object/viewpoint_medium/baseline] [Warning]: datasets path /opt/LIBERO/libero/libero/../datasets does not exist!
[object/viewpoint_medium/baseline] [Warning]: datasets path /opt/LIBERO/libero/libero/../datasets does not exist!
[object/viewpoint_medium/baseline] [Warning]: datasets path /opt/LIBERO/libero/libero/../datasets does not exist!
[object/viewpoint_medium/baseline] [Warning]: datasets path /opt/LIBERO/libero/libero/../datasets does not exist!
[object/viewpoint_medium/baseline] Built vec env | suite=libero_object | task_id=3 | n_envs=10
[object/viewpoint_medium/baseline] [libero_v] viewpoint_medium t3: 0/10
[object/viewpoint_medium/baseline] Creating LIBERO envs | suites=['libero_object'] | n_envs(per task)=10 | init_states=True
[object/viewpoint_medium/baseline] Restricting to task_ids=[4]
[object/viewpoint_medium/baseline] [info] using task orders [0, 1, 2, 3, 4, 5, 6, 7, 8, 9]
[object/viewpoint_medium/baseline] [Warning]: datasets path /opt/LIBERO/libero/libero/../datasets does not exist!
[object/viewpoint_medium/baseline] [Warning]: datasets path /opt/LIBERO/libero/libero/../datasets does not exist!
[object/viewpoint_medium/baseline] [Warning]: datasets path /opt/LIBERO/libero/libero/../datasets does not exist!
[object/viewpoint_medium/baseline] [Warning]: datasets path /opt/LIBERO/libero/libero/../datasets does not exist!
[object/viewpoint_medium/baseline] [Warning]: datasets path /opt/LIBERO/libero/libero/../datasets does not exist!
[object/viewpoint_medium/baseline] [Warning]: datasets path /opt/LIBERO/libero/libero/../datasets does not exist!
[object/viewpoint_medium/baseline] [Warning]: datasets path /opt/LIBERO/libero/libero/../datasets does not exist!
[object/viewpoint_medium/baseline] [Warning]: datasets path /opt/LIBERO/libero/libero/../datasets does not exist!
[object/viewpoint_medium/baseline] [Warning]: datasets path /opt/LIBERO/libero/libero/../datasets does not exist!
[object/viewpoint_medium/baseline] [Warning]: datasets path /opt/LIBERO/libero/libero/../datasets does not exist!
[object/viewpoint_medium/baseline] [Warning]: datasets path /opt/LIBERO/libero/libero/../datasets does not exist!
[object/viewpoint_medium/baseline] [Warning]: datasets path /opt/LIBERO/libero/libero/../datasets does not exist!
[object/viewpoint_medium/baseline] [Warning]: datasets path /opt/LIBERO/libero/libero/../datasets does not exist!
[object/viewpoint_medium/baseline] [Warning]: datasets path /opt/LIBERO/libero/libero/../datasets does not exist!
[object/viewpoint_medium/baseline] [Warning]: datasets path /opt/LIBERO/libero/libero/../datasets does not exist!
[object/viewpoint_medium/baseline] [Warning]: datasets path /opt/LIBERO/libero/libero/../datasets does not exist!
[object/viewpoint_medium/baseline] [Warning]: datasets path /opt/LIBERO/libero/libero/../datasets does not exist!
[object/viewpoint_medium/baseline] [Warning]: datasets path /opt/LIBERO/libero/libero/../datasets does not exist!
[object/viewpoint_medium/baseline] [Warning]: datasets path /opt/LIBERO/libero/libero/../datasets does not exist!
[object/viewpoint_medium/baseline] [Warning]: datasets path /opt/LIBERO/libero/libero/../datasets does not exist!
[object/viewpoint_medium/baseline] Built vec env | suite=libero_object | task_id=4 | n_envs=10
[object/viewpoint_medium/baseline] [libero_v] viewpoint_medium t4: 0/10
[object/viewpoint_medium/baseline] Creating LIBERO envs | suites=['libero_object'] | n_envs(per task)=10 | init_states=True
[object/viewpoint_medium/baseline] Restricting to task_ids=[5]
[object/viewpoint_medium/baseline] [info] using task orders [0, 1, 2, 3, 4, 5, 6, 7, 8, 9]
[object/viewpoint_medium/baseline] [Warning]: datasets path /opt/LIBERO/libero/libero/../datasets does not exist!
[object/viewpoint_medium/baseline] [Warning]: datasets path /opt/LIBERO/libero/libero/../datasets does not exist!
[object/viewpoint_medium/baseline] [Warning]: datasets path /opt/LIBERO/libero/libero/../datasets does not exist!
[object/viewpoint_medium/baseline] [Warning]: datasets path /opt/LIBERO/libero/libero/../datasets does not exist!
[object/viewpoint_medium/baseline] [Warning]: datasets path /opt/LIBERO/libero/libero/../datasets does not exist!
[object/viewpoint_medium/baseline] [Warning]: datasets path /opt/LIBERO/libero/libero/../datasets does not exist!
[object/viewpoint_medium/baseline] [Warning]: datasets path /opt/LIBERO/libero/libero/../datasets does not exist!
[object/viewpoint_medium/baseline] [Warning]: datasets path /opt/LIBERO/libero/libero/../datasets does not exist!
[object/viewpoint_medium/baseline] [Warning]: datasets path /opt/LIBERO/libero/libero/../datasets does not exist!
[object/viewpoint_medium/baseline] [Warning]: datasets path /opt/LIBERO/libero/libero/../datasets does not exist!
[object/viewpoint_medium/baseline] [Warning]: datasets path /opt/LIBERO/libero/libero/../datasets does not exist!
[object/viewpoint_medium/baseline] [Warning]: datasets path /opt/LIBERO/libero/libero/../datasets does not exist!
[object/viewpoint_medium/baseline] [Warning]: datasets path /opt/LIBERO/libero/libero/../datasets does not exist!
[object/viewpoint_medium/baseline] [Warning]: datasets path /opt/LIBERO/libero/libero/../datasets does not exist!
[object/viewpoint_medium/baseline] [Warning]: datasets path /opt/LIBERO/libero/libero/../datasets does not exist!
[object/viewpoint_medium/baseline] [Warning]: datasets path /opt/LIBERO/libero/libero/../datasets does not exist!
[object/viewpoint_medium/baseline] [Warning]: datasets path /opt/LIBERO/libero/libero/../datasets does not exist!
[object/viewpoint_medium/baseline] [Warning]: datasets path /opt/LIBERO/libero/libero/../datasets does not exist!
[object/viewpoint_medium/baseline] [Warning]: datasets path /opt/LIBERO/libero/libero/../datasets does not exist!
[object/viewpoint_medium/baseline] [Warning]: datasets path /opt/LIBERO/libero/libero/../datasets does not exist!
[object/viewpoint_medium/baseline] Built vec env | suite=libero_object | task_id=5 | n_envs=10
[object/viewpoint_medium/baseline] [libero_v] viewpoint_medium t5: 0/10
[object/viewpoint_medium/baseline] Creating LIBERO envs | suites=['libero_object'] | n_envs(per task)=10 | init_states=True
[object/viewpoint_medium/baseline] Restricting to task_ids=[6]
[object/viewpoint_medium/baseline] [info] using task orders [0, 1, 2, 3, 4, 5, 6, 7, 8, 9]
[object/viewpoint_medium/baseline] [Warning]: datasets path /opt/LIBERO/libero/libero/../datasets does not exist!
[object/viewpoint_medium/baseline] [Warning]: datasets path /opt/LIBERO/libero/libero/../datasets does not exist!
[object/viewpoint_medium/baseline] [Warning]: datasets path /opt/LIBERO/libero/libero/../datasets does not exist!
[object/viewpoint_medium/baseline] [Warning]: datasets path /opt/LIBERO/libero/libero/../datasets does not exist!
[object/viewpoint_medium/baseline] [Warning]: datasets path /opt/LIBERO/libero/libero/../datasets does not exist!
[object/viewpoint_medium/baseline] [Warning]: datasets path /opt/LIBERO/libero/libero/../datasets does not exist!
[object/viewpoint_medium/baseline] [Warning]: datasets path /opt/LIBERO/libero/libero/../datasets does not exist!
[object/viewpoint_medium/baseline] [Warning]: datasets path /opt/LIBERO/libero/libero/../datasets does not exist!
[object/viewpoint_medium/baseline] [Warning]: datasets path /opt/LIBERO/libero/libero/../datasets does not exist!
[object/viewpoint_medium/baseline] [Warning]: datasets path /opt/LIBERO/libero/libero/../datasets does not exist!
[object/viewpoint_medium/baseline] [Warning]: datasets path /opt/LIBERO/libero/libero/../datasets does not exist!
[object/viewpoint_medium/baseline] [Warning]: datasets path /opt/LIBERO/libero/libero/../datasets does not exist!
[object/viewpoint_medium/baseline] [Warning]: datasets path /opt/LIBERO/libero/libero/../datasets does not exist!
[object/viewpoint_medium/baseline] [Warning]: datasets path /opt/LIBERO/libero/libero/../datasets does not exist!
[object/viewpoint_medium/baseline] [Warning]: datasets path /opt/LIBERO/libero/libero/../datasets does not exist!
[object/viewpoint_medium/baseline] [Warning]: datasets path /opt/LIBERO/libero/libero/../datasets does not exist!
[object/viewpoint_medium/baseline] [Warning]: datasets path /opt/LIBERO/libero/libero/../datasets does not exist!
[object/viewpoint_medium/baseline] [Warning]: datasets path /opt/LIBERO/libero/libero/../datasets does not exist!
[object/viewpoint_medium/baseline] [Warning]: datasets path /opt/LIBERO/libero/libero/../datasets does not exist!
[object/viewpoint_medium/baseline] [Warning]: datasets path /opt/LIBERO/libero/libero/../datasets does not exist!
[object/viewpoint_medium/baseline] Built vec env | suite=libero_object | task_id=6 | n_envs=10
[object/viewpoint_medium/baseline] [libero_v] viewpoint_medium t6: 0/10
[object/viewpoint_medium/baseline] Creating LIBERO envs | suites=['libero_object'] | n_envs(per task)=10 | init_states=True
[object/viewpoint_medium/baseline] Restricting to task_ids=[7]
[object/viewpoint_medium/baseline] [info] using task orders [0, 1, 2, 3, 4, 5, 6, 7, 8, 9]
[object/viewpoint_medium/baseline] [Warning]: datasets path /opt/LIBERO/libero/libero/../datasets does not exist!
[object/viewpoint_medium/baseline] [Warning]: datasets path /opt/LIBERO/libero/libero/../datasets does not exist!
[object/viewpoint_medium/baseline] [Warning]: datasets path /opt/LIBERO/libero/libero/../datasets does not exist!
[object/viewpoint_medium/baseline] [Warning]: datasets path /opt/LIBERO/libero/libero/../datasets does not exist!
[object/viewpoint_medium/baseline] [Warning]: datasets path /opt/LIBERO/libero/libero/../datasets does not exist!
[object/viewpoint_medium/baseline] [Warning]: datasets path /opt/LIBERO/libero/libero/../datasets does not exist!
[object/viewpoint_medium/baseline] [Warning]: datasets path /opt/LIBERO/libero/libero/../datasets does not exist!
[object/viewpoint_medium/baseline] [Warning]: datasets path /opt/LIBERO/libero/libero/../datasets does not exist!
[object/viewpoint_medium/baseline] [Warning]: datasets path /opt/LIBERO/libero/libero/../datasets does not exist!
[object/viewpoint_medium/baseline] [Warning]: datasets path /opt/LIBERO/libero/libero/../datasets does not exist!
[object/viewpoint_medium/baseline] [Warning]: datasets path /opt/LIBERO/libero/libero/../datasets does not exist!
[object/viewpoint_medium/baseline] [Warning]: datasets path /opt/LIBERO/libero/libero/../datasets does not exist!
[object/viewpoint_medium/baseline] [Warning]: datasets path /opt/LIBERO/libero/libero/../datasets does not exist!
[object/viewpoint_medium/baseline] [Warning]: datasets path /opt/LIBERO/libero/libero/../datasets does not exist!
[object/viewpoint_medium/baseline] [Warning]: datasets path /opt/LIBERO/libero/libero/../datasets does not exist!
[object/viewpoint_medium/baseline] [Warning]: datasets path /opt/LIBERO/libero/libero/../datasets does not exist!
[object/viewpoint_medium/baseline] [Warning]: datasets path /opt/LIBERO/libero/libero/../datasets does not exist!
[object/viewpoint_medium/baseline] [Warning]: datasets path /opt/LIBERO/libero/libero/../datasets does not exist!
[object/viewpoint_medium/baseline] [Warning]: datasets path /opt/LIBERO/libero/libero/../datasets does not exist!
[object/viewpoint_medium/baseline] [Warning]: datasets path /opt/LIBERO/libero/libero/../datasets does not exist!
[object/viewpoint_medium/baseline] Built vec env | suite=libero_object | task_id=7 | n_envs=10
